,Time,ACE,freq
0,0.0,0.0,60.0
1,0.03333333333333333,7.003890889774723,60.00042074584883
2,0.06666666666666667,14.06937851034977,60.00125572744376
3,0.1,12.800914007355516,60.00208047514099
4,0.13333333333333333,11.416724181658733,60.00289613578338
5,0.16666666666666666,12.143150033357701,60.00370009425002
6,0.19999999999999998,14.060850124785832,60.0044903851377
7,0.2333333333333333,16.457568445634667,60.00526534288045
8,0.26666666666666666,19.00396536858992,60.006023800094084
9,0.3,21.567694371417918,60.00676502485383
10,0.3333333333333333,24.098259727928102,60.00748871918775
11,0.36666666666666664,26.57915165662214,60.00819497872786
12,0.39999999999999997,29.008036522245924,60.008884252892585
13,0.4333333333333333,31.388952168427352,60.009557290305786
14,0.4666666666666666,33.72871595218244,60.01021508030278
15,0.49999999999999994,36.0350786255795,60.01085878906386
16,0.5333333333333333,38.31552550637819,60.01148969305709
17,0.5666666666666667,40.57642528782052,60.012109114466085
18,0.6,42.82241203302489,60.01271835773388
19,0.6333333333333333,45.05598260643697,60.01331865559931
20,0.6666666666666666,47.277311327564966,60.01391111914626
21,0.7,49.484282583574064,60.01449670317042
22,0.7333333333333333,51.67272078678493,60.01507617422143
23,0.7666666666666666,53.83679441570223,60.01565009993187
24,0.7999999999999999,55.96954969202515,60.01621884243962
25,0.8333333333333333,58.06353010616358,60.01678256465562
26,0.8666666666666666,60.11142657035603,60.0173412442078
27,0.8999999999999999,62.10670442336645,60.01789469896681
28,0.9333333333333332,64.04415182300832,60.01844260874187
29,0.9666666666666666,65.92030793036821,60.018984546298555
30,0.9999999999999999,67.733744017645,60.01952000708621
31,1.0,66.835841279345,60.01988892028844
32,1.0333333333333334,65.85468715869108,60.02009317396638
33,1.0666666666666669,67.97201645403719,60.020293116012965
34,1.1000000000000003,70.08591693211194,60.02048772458601
35,1.1333333333333337,71.3594106662254,60.0206774216146
36,1.1666666666666672,72.14684840097301,60.02086239871993
37,1.2000000000000006,72.72496534084273,60.0210427490179
38,1.233333333333334,73.22498743126918,60.02121838461722
39,1.2666666666666675,73.70230098876178,60.02138907091538
40,1.300000000000001,74.17961979847908,60.021554393035174
41,1.3333333333333344,74.66485755011831,60.02171378766085
42,1.3666666666666678,75.15852822072448,60.021866548675085
43,1.4000000000000012,75.65674570718696,60.02201184720115
44,1.4333333333333347,76.15279939131001,60.022148763875485
45,1.4666666666666681,76.63815325399203,60.02227629534421
46,1.5000000000000016,77.10333486067746,60.022393424088385
47,1.533333333333335,77.53873019545125,60.022499135712465
48,1.5666666666666684,77.93531666797445,60.022592463460875
49,1.6000000000000019,78.28529894800597,60.02267252496433
50,1.6333333333333353,78.58260403269794,60.02273855790054
51,1.6666666666666687,78.82321378975531,60.02278994518294
52,1.7000000000000022,79.00531507848042,60.02282625901907
53,1.7333333333333356,79.12926602174984,60.02284724326404
54,1.766666666666669,79.19739835708785,60.02285284762854
55,1.8000000000000025,79.21367336171089,60.022843214040215
56,1.833333333333336,79.18323803241215,60.022818701661556
57,1.8666666666666694,79.11191562888567,60.02277983348297
58,1.9000000000000028,79.0056846684359,60.02272730314396
59,1.9333333333333362,78.87018688123256,60.02266194843858
60,1.9666666666666697,78.71030466630815,60.02258472742389
61,2.0,75.78342343954067,60.022245166182195
62,2.033333333333333,72.99404152648988,60.021833694000705
63,2.0666666666666664,73.21757875860226,60.02141863195697
64,2.0999999999999996,73.46829330899013,60.02100075015312
65,2.133333333333333,72.93222061524624,60.02058218909525
66,2.166666666666666,71.93947439998635,60.020164784517206
67,2.1999999999999993,70.74621838432647,60.01975023111133
68,2.2333333333333325,69.47002067578731,60.0193399699938
69,2.2666666666666657,68.15747285525812,60.018935204806205
70,2.299999999999999,66.82629768010419,60.01853689079503
71,2.333333333333332,65.48296348001853,60.01814573924182
72,2.3666666666666654,64.12999518346473,60.01776221732498
73,2.3999999999999986,62.768805899360395,60.0173865844912
74,2.433333333333332,61.400888933494045,60.01701886172535
75,2.466666666666665,60.02828047793015,60.01665887460438
76,2.4999999999999982,58.65371282543216,60.01630629557593
77,2.5333333333333314,57.28059052566803,60.01596062773167
78,2.5666666666666647,55.91286921407793,60.01562125116991
79,2.599999999999998,54.554846027460634,60.015287445120045
80,2.633333333333331,53.21092741409679,60.01495841507248
81,2.6666666666666643,51.88536471889263,60.014633319167814
82,2.6999999999999975,50.58199622484606,60.01431129512273
83,2.7333333333333307,49.30400949504855,60.013991485304544
84,2.766666666666664,48.0537468170839,60.013673064670016
85,2.799999999999997,46.83257254599285,60.01335524063654
86,2.8333333333333304,45.6407907001347,60.01303731055803
87,2.8666666666666636,44.477637066599016,60.012718656894336
88,2.899999999999997,43.341350496524875,60.01239874104518
89,2.93333333333333,42.229290472584466,60.01207714890333
90,2.9666666666666632,41.138117887927876,60.011753579851394
91,2.9999999999999964,40.06401119152324,60.01142785541012
92,3.0,36.54819707965575,60.0109496923193
93,3.033333333333333,33.006573931492795,60.01031743404199
94,3.0666666666666664,32.36794606235118,60.00967904257978
95,3.0999999999999996,31.75053578610444,60.00903487082658
96,3.133333333333333,30.36844171383674,60.008386726639614
97,3.166666666666666,28.541335253835587,60.0077363075159
98,3.1999999999999993,26.519327595901625,60.00708528004759
99,3.2333333333333325,24.419792116662613,60.006435218420705
100,3.2666666666666657,22.29187140521479,60.005787600589755
101,3.299999999999999,20.1565614929424,60.005143789254106
102,3.333333333333332,18.023319488093176,60.0045050282503
103,3.3666666666666654,15.896850635389534,60.00387243623605
104,3.3999999999999986,13.779684162064473,60.00324700604721
105,3.433333333333332,11.673308316278048,60.00262960193407
106,3.466666666666665,9.578689000424342,60.00202098922862
107,3.4999999999999982,7.496607828756383,60.001421807075104
108,3.5333333333333314,5.4279026318294195,60.00083259987287
109,3.5666666666666647,3.3736616125104915,60.000253821838704
110,3.599999999999998,1.3353681145258902,59.99968584677258
111,3.633333333333331,-0.6850018930826962,59.99912897701059
112,3.6666666666666643,-2.6849378541068245,59.998583450962826
113,3.6999999999999975,-4.661410180991713,59.99804944879191
114,3.7333333333333307,-6.6109418734576595,59.99752709598842
115,3.766666666666664,-8.529730739896578,59.99701646481802
116,3.799999999999997,-10.41381193975248,59.99651757384258
117,3.8333333333333304,-12.259248566628933,59.996030385931206
118,3.8666666666666636,-14.06233467550084,59.9955548053573
119,3.899999999999997,-15.819795402089914,59.99509067470782
120,3.93333333333333,-17.52896760873903,59.99463777239745
121,3.9666666666666632,-19.187947529780544,59.99419581158368
122,3.9999999999999964,-20.79569459870572,59.99376444461858
123,4.0,-24.725170976209128,59.993200642093804
124,4.033333333333333,-28.628967080948307,59.99250613381902
125,4.066666666666666,-29.660669345555206,59.991824263072395
126,4.1,-30.602071759498216,59.99115409727018
127,4.133333333333333,-32.21422881517759,59.9904959704872
128,4.166666666666666,-34.190741250870154,59.98984999737674
129,4.199999999999999,-36.293879646194,59.98921621711343
130,4.2333333333333325,-38.41528690758631,59.98859454763589
131,4.266666666666666,-40.51318417518722,59.987984834127474
132,4.299999999999999,-42.573238144661204,59.9873868408023
133,4.333333333333332,-44.59218533967494,59.9868003172227
134,4.366666666666665,-46.57100737681916,59.98622500079658
135,4.399999999999999,-48.51222649359565,59.98566064729556
136,4.433333333333332,-50.418665098780146,59.98510706287652
137,4.466666666666665,-52.29286810227276,59.98456410365598
138,4.499999999999998,-54.13675935752668,59.98403171799075
139,4.533333333333331,-55.951431242789276,59.98350994349605
140,4.566666666666665,-57.73706143162529,59.982998917614346
141,4.599999999999998,-59.49289591856375,59.982498878489025
142,4.633333333333331,-61.21730524356855,59.98201016105034
143,4.666666666666664,-62.907902423419415,59.98153318713552
144,4.6999999999999975,-64.56168956560458,59.9810684521168
145,4.733333333333331,-66.17497508778834,59.9806164966607
146,4.766666666666664,-67.74599073396863,59.98017790832524
147,4.799999999999997,-69.26909880292548,59.97975329000942
148,4.83333333333333,-70.7416530309113,59.979343203425884
149,4.866666666666664,-72.16107729013463,59.97894818810235
150,4.899999999999997,-73.52529295942591,59.97856871022064
151,4.93333333333333,-74.83328499653385,59.97820515106756
152,4.966666666666663,-76.08221499629973,59.9778577949205
153,4.9999999999999964,-77.27484623467109,59.97752681166437
154,5.0,-80.71378013264176,59.97707514449124
155,5.033333333333333,-84.12053837861356,59.976504835382315
156,5.066666666666666,-84.73039668904742,59.975953978094225
157,5.1,-85.2428052052338,59.97542188091697
158,5.133333333333333,-86.39941910293523,59.97490897867563
159,5.166666666666666,-87.90282907777791,59.974415409570085
160,5.199999999999999,-89.52096993904415,59.973941149040314
161,5.2333333333333325,-91.14692931654909,59.973485965060604
162,5.266666666666666,-92.7382752592274,59.973049459304654
163,5.299999999999999,-94.2792012734422,59.972631086742865
164,5.333333333333332,-95.76473954246953,59.972230188804986
165,5.366666666666665,-97.19424565626474,59.97184602246769
166,5.399999999999999,-98.56887957043743,59.97147779650377
167,5.433333333333332,-99.8905057859175,59.97112467957379
168,5.466666666666665,-101.16116972775816,59.970785868827946
169,5.499999999999998,-102.38252315938787,59.97046059036872
170,5.533333333333331,-103.5587036621034,59.9701481119834
171,5.566666666666665,-104.68750492854046,59.96984779365899
172,5.599999999999998,-105.76996681037355,59.96955906923629
173,5.633333333333331,-106.80894670197492,59.9692814760092
174,5.666666666666664,-107.80381350289969,59.96901465293653
175,5.6999999999999975,-108.75417483899372,59.9687583404893
176,5.733333333333331,-109.65953617752602,59.96851237577518
177,5.766666666666664,-110.51929918186596,59.96827668366927
178,5.799999999999997,-111.33286594532538,59.96805126474412
179,5.83333333333333,-112.09975779523293,59.967836180830446
180,5.866666666666664,-112.81972588108896,59.967631539145046
181,5.899999999999997,-113.49284219897847,59.967437475935476
182,5.93333333333333,-114.11956335463474,59.967254140563284
183,5.966666666666663,-114.70076193240502,59.96708168086138
184,5.9999999999999964,-115.2377230981379,59.96692023046847
185,6.0,-117.95449173195102,59.9666382322866
186,6.033333333333333,-120.6528095462249,59.96623779058754
187,6.066666666666666,-120.66222064772214,59.965851761279374
188,6.1,-120.58745964751849,59.96547978668612
189,6.133333333333333,-121.14698375665544,59.96512263618383
190,6.166666666666666,-122.05439879184712,59.96478087049441
191,6.199999999999999,-123.08555983923719,59.964454915512924
192,6.2333333333333325,-124.1369103266665,59.96414502750365
193,6.266666666666666,-125.16707254619877,59.96385131472893
194,6.299999999999999,-126.16032666900898,59.9635737434866
195,6.333333333333332,-127.11136579290196,59.96331215631919
196,6.366666666666665,-128.01898598409352,59.96306628796604
197,6.399999999999999,-128.88365204745276,59.96283579103927
198,6.433333333333332,-129.70642956924684,59.96262022987926
199,6.466666666666665,-130.48849816070873,59.962419139480595
200,6.499999999999998,-131.23088461733937,59.962232015473035
201,6.533333333333331,-131.93431041048706,59.96205833852936
202,6.566666666666665,-132.59910680283656,59.961897588394066
203,6.599999999999998,-133.2251861480219,59.96174925576784
204,6.633333333333331,-133.8120611571704,59.961612851400844
205,6.666666666666664,-134.35890764441677,59.9614879109414
206,6.6999999999999975,-134.86466294363436,59.96137399910884
207,6.733333333333331,-135.32816566571674,59.96127071479445
208,6.766666666666664,-135.74843080438546,59.961177660015586
209,6.799999999999997,-136.12343734942226,59.96109449199084
210,6.83333333333333,-136.45437721584472,59.96102085970993
211,6.866666666666664,-136.73985067908708,59.96095642905361
212,6.899999999999997,-136.9802760921131,59.960900869283705
213,6.93333333333333,-137.17659585438813,59.9608538480936
214,6.966666666666663,-137.33031624379674,59.960815027900935
215,6.9999999999999964,-137.4435111491178,59.96078406397615
216,7.0,-139.60477756925195,59.96064584129486
217,7.033333333333333,-141.64520068702308,59.96041910463633
218,7.066666666666666,-141.05924591984987,59.960229387420775
219,7.1,-140.41776297339698,59.96006727100351
220,7.133333333333333,-140.3618741978182,59.95993096390964
221,7.166666666666666,-140.5623355352303,59.9598195356386
222,7.199999999999999,-140.8094624843981,59.95973210230175
223,7.2333333333333325,-141.02303371769776,59.95966765316592
224,7.266666666666666,-141.17776188743932,59.959625074443686
225,7.299999999999999,-141.26833372134803,59.95960317423896
226,7.333333333333332,-141.2968710125482,59.95960070583748
227,7.366666666666665,-141.26801125080576,59.95961643616232
228,7.399999999999999,-141.18698640131788,59.95964913260757
229,7.433333333333332,-141.05871999376768,59.95969763083372
230,7.466666666666665,-140.88738790861282,59.95976084852599
231,7.499999999999998,-140.67618224862167,59.959837810557644
232,7.533333333333331,-140.42720860597709,59.95992766695344
233,7.566666666666665,-140.1414829929726,59.96002970417986
234,7.599999999999998,-139.81900894090532,59.960143350709345
235,7.633333333333331,-139.4589246174223,59.96026817465047
236,7.666666666666664,-139.05970946239646,59.9604038757489
237,7.6999999999999975,-138.61942699918922,59.96055027125468
238,7.733333333333331,-138.1359883062402,59.960707276655974
239,7.766666666666664,-137.6074159747181,59.96087488247406
240,7.799999999999997,-137.032089335471,59.96105312777149
241,7.83333333333333,-136.40895579609216,59.96124206796629
242,7.866666666666664,-135.73769258294718,59.961441770562445
243,7.899999999999997,-135.01880833769562,59.96165224680001
244,7.93333333333333,-134.2536812536034,59.96187345368342
245,7.966666666666663,-133.44453315743408,59.96210529121945
246,7.9999999999999964,-132.59434330756102,59.96234755361031
247,8.0,-133.75273608896637,59.962478916908516
248,8.033333333333333,-134.89769422215602,59.96250084184857
249,8.066666666666666,-133.57115287609912,59.96253489843628
250,8.1,-132.17315207288368,59.962580144357815
251,8.133333333333333,-131.3698526023148,59.96263663880617
252,8.166666666666666,-130.89992507232733,59.96270419077763
253,8.2,-130.5584875973101,59.962782478137676
254,8.233333333333333,-130.25137337442786,59.96287101100864
255,8.266666666666666,-129.94148027683121,59.96296917022248
256,8.299999999999999,-129.61514706450203,59.96307622887194
257,8.333333333333332,-129.268140447495,59.96319138410933
258,8.366666666666665,-128.8998895275338,59.96331377220877
259,8.399999999999999,-128.51128986696784,59.963442532609704
260,8.433333333333332,-128.1037752191638,59.96357679089818
261,8.466666666666665,-127.67891876695823,59.96371571636788
262,8.499999999999998,-127.23822528373611,59.96385853268505
263,8.533333333333331,-126.78301517349593,59.96400453877732
264,8.566666666666665,-126.31435494947083,59.96415312381612
265,8.599999999999998,-125.83301751932912,59.96430377888647
266,8.633333333333331,-125.33948480155466,59.964456095375844
267,8.666666666666664,-124.83396568339273,59.96460977651973
268,8.699999999999998,-124.31643271026054,59.96476462535806
269,8.73333333333333,-123.7866937569281,59.9649205390614
270,8.766666666666664,-123.24446929520705,59.96507749028228
271,8.799999999999997,-122.6894801250076,59.96523554013777
272,8.83333333333333,-122.12153543070143,59.96539477422531
273,8.866666666666664,-121.54061253306214,59.96555532017615
274,8.899999999999997,-120.94692885249304,59.96571731001487
275,8.93333333333333,-120.34099489180488,59.96588089521806
276,8.966666666666663,-119.72364146494014,59.96604618964876
277,8.999999999999996,-119.09602329025846,59.96621328120576
278,9.0,-120.41344198845607,59.96626640482043
279,9.033333333333333,-121.74341547000216,59.96620734699892
280,9.066666666666666,-120.73590203475737,59.96615287756428
281,9.1,-119.67995812655279,59.96610257049424
282,9.133333333333333,-119.2103804911953,59.96605699232764
283,9.166666666666666,-119.07613938616166,59.96601649363052
284,9.2,-119.080231356855,59.96598131613683
285,9.233333333333333,-119.13163143727772,59.965951547938694
286,9.266666666666666,-119.1940948122091,59.965927151529456
287,9.299999999999999,-119.25401182958831,59.965907976228614
288,9.333333333333332,-119.30696612851735,59.9658937686577
289,9.366666666666665,-119.35215143224498,59.96588422412707
290,9.399999999999999,-119.39019432293918,59.96587896113012
291,9.433333333333332,-119.42219059085708,59.96587758172156
292,9.466666666666665,-119.44925649681375,59.96587967481534
293,9.499999999999998,-119.4722775871361,59.96588483717344
294,9.533333333333331,-119.49176473642416,59.965892689383836
295,9.566666666666665,-119.50777398129469,59.96590288858461
296,9.599999999999998,-119.51988401679137,59.96591513771067
297,9.633333333333331,-119.52722115618542,59.96592919087641
298,9.666666666666664,-119.52852401205898,59.96594485578673
299,9.699999999999998,-119.52224617794404,59.96596199103658
300,9.73333333333333,-119.50668462687113,59.96598050193624
301,9.766666666666664,-119.48013243778854,59.96600033225002
302,9.799999999999997,-119.44137487765025,59.96602144399626
303,9.83333333333333,-119.38752398967358,59.966043850323075
304,9.866666666666664,-119.31947112459915,59.966067541216866
305,9.899999999999997,-119.23663241505085,59.96609250075993
306,9.93333333333333,-119.1387595738866,59.96611871915929
307,9.966666666666663,-119.02628780221296,59.96614615243684
308,9.999999999999996,-118.90060151350195,59.966174732885875
309,10.0,-120.62652150502164,59.966093687625545
310,10.033333333333333,-122.36242865014711,59.96590459705076
311,10.066666666666666,-121.8679028581258,59.96571895399696
312,10.1,-121.32579787541427,59.96553627947133
313,10.133333333333333,-121.3421724365227,59.96535707415522
314,10.166666666666666,-121.67825752118475,59.96518166761395
315,10.2,-122.14663940729984,59.965010323784895
316,10.233333333333333,-122.6608081971343,59.96484319822541
317,10.266666666666666,-123.18636044633581,59.96468037058512
318,10.299999999999999,-123.71049854462161,59.96452183011236
319,10.333333333333332,-124.22824700055428,59.96436752231847
320,10.366666666666665,-124.73820729838596,59.96421736321066
321,10.399999999999999,-125.24232081151803,59.964071225793035
322,10.433333333333332,-125.73993151077055,59.96392898632209
323,10.466666666666665,-126.23152384128713,59.963790523024905
324,10.499999999999998,-126.71741029416947,59.96365573129278
325,10.533333333333331,-127.19752664538626,59.96352453300297
326,10.566666666666665,-127.67138474660338,59.96339688247288
327,10.599999999999998,-128.138076925706,59.96327277006949
328,10.633333333333331,-128.59631400458747,59.96315222253195
329,10.666666666666664,-129.04449318098318,59.96303530028984
330,10.699999999999998,-129.4807918961,59.96292209202085
331,10.73333333333333,-129.90328077327484,59.96281270684243
332,10.766666666666664,-130.31004653448122,59.96270726503879
333,10.799999999999997,-130.69931732948746,59.962605880742274
334,10.83333333333333,-131.069579557353,59.962508676279015
335,10.866666666666664,-131.4199632338102,59.96241572679777
336,10.899999999999997,-131.7488202709724,59.96232709159617
337,10.93333333333333,-132.0568400336266,59.96224278245384
338,10.966666666666663,-132.34422082271902,59.96216276174619
339,10.999999999999996,-132.61186959403997,59.96208694311964
340,11.0,-134.5665156796846,59.961924969844894
341,11.033333333333333,-136.36289182734504,59.96169966238235
342,11.066666666666666,-135.96725363272208,59.96151217200015
343,11.1,-135.58728230481432,59.96134860593095
344,11.133333333333333,-135.7226170126555,59.961206449484806
345,11.166666666666666,-136.05278773983335,59.96108468564634
346,11.2,-136.40213738633147,59.96098238337573
347,11.233333333333333,-136.71348931216772,59.960898456752844
348,11.266666666666666,-136.9721519929458,59.96083168036074
349,11.299999999999999,-137.1770604030206,59.96078071999442
350,11.333333333333332,-137.3320327184027,59.96074417822784
351,11.366666666666665,-137.4425689664575,59.96072064280847
352,11.399999999999999,-137.5145658742682,59.96070870473277
353,11.433333333333332,-137.55361713784893,59.96070706882635
354,11.466666666666665,-137.56459609385382,59.960714500026484
355,11.499999999999998,-137.55137813280024,59.96072992474708
356,11.533333333333331,-137.5166803361478,59.96075242894087
357,11.566666666666665,-137.46199635559242,59.96078128091327
358,11.599999999999998,-137.38762539668306,59.960815941404014
359,11.633333333333331,-137.29278681394058,59.96085606524288
360,11.666666666666664,-137.1758043361031,59.960901495450216
361,11.699999999999998,-137.03435277199017,59.96095224878313
362,11.73333333333333,-136.8657348136189,59.96100849404591
363,11.766666666666664,-136.66717575936244,59.96107052667476
364,11.799999999999997,-136.4361098186617,59.96113873661974
365,11.83333333333333,-136.17043439545392,59.96121357529185
366,11.866666666666664,-135.8687235757998,59.96129551877631
367,11.899999999999997,-135.53040754018411,59.96138503075579
368,11.93333333333333,-135.15580084063902,59.96148254488825
369,11.966666666666663,-134.74582055563565,59.96158840420297
370,11.9999,-134.30430445362666,59.96170251733234
371,12.0,-135.53099879844277,59.9617254583933
372,12.0001,-135.53972434332664,59.961725235914834
373,12.033433333333333,-136.7488611443897,59.961657537258034
374,12.066766666666666,-135.90979657921426,59.961600892026716
375,12.1001,-135.01437356838423,59.961554759933634
376,12.133433333333333,-134.61453598537406,59.96151936494033
377,12.166766666666666,-134.49413849206658,59.961494665137934
378,12.200099999999999,-134.48335223967854,59.96148045123121
379,12.233433333333332,-134.50408251272617,59.96147631760029
380,12.266766666666665,-134.52541953652963,59.96148169938439
381,12.300099999999999,-134.53575658916512,59.961495896203076
382,12.333433333333332,-134.53114161455463,59.961518106228375
383,12.366766666666665,-134.51049460250118,59.96154745705695
384,12.400099999999998,-134.4738027804988,59.96158303791114
385,12.433433333333332,-134.42138545290626,59.961623934169225
386,12.466766666666665,-134.35360543980948,59.96166925601577
387,12.500099999999998,-134.2707482631677,59.961718164175096
388,12.533433333333331,-134.17297998442322,59.961769896487894
389,12.566766666666664,-134.0603384943137,59.96182378262423
390,12.600099999999998,-133.9327516438934,59.9618792599575
391,12.63343333333333,-133.79006998490357,59.96193588075909
392,12.666766666666664,-133.6321085425142,59.961993315280466
393,12.700099999999997,-133.45869677389038,59.96205134956967
394,12.73343333333333,-133.26973256769386,59.962109877790375
395,12.766766666666664,-133.06523281331712,59.9621688923754
396,12.800099999999997,-132.84537858923224,59.96222846851782
397,12.83343333333333,-132.6105554451213,59.9622887469859
398,12.866766666666663,-132.3613825162366,59.96234991561519
399,12.900099999999997,-132.09872364065333,59.962412191388324
400,12.93343333333333,-131.8236827234155,59.9624758014786
401,12.966766666666663,-131.53758752434678,59.96254096548978
402,13.0,-132.5581858321662,59.962580798841124
403,13.033333333333333,-133.88451712914483,59.962461737350544
404,13.066666666666666,-133.2716302025007,59.962347106729766
405,13.1,-132.61700087565666,59.962236657825535
406,13.133333333333333,-132.44784616018424,59.9621309538665
407,13.166666666666666,-132.55682160198478,59.96203037311043
408,13.2,-132.7805080353163,59.96193519622603
409,13.233333333333333,-133.04303860283815,59.961845566826135
410,13.266666666666666,-133.31388217685097,59.961761516588
411,13.299999999999999,-133.58127234443066,59.961682973915444
412,13.333333333333332,-133.84107697433788,59.96160978401072
413,13.366666666666665,-134.09217945140702,59.96154172468275
414,13.399999999999999,-134.33468065340068,59.96147852735607
415,13.433333333333332,-134.5691050734692,59.961419894116915
416,13.466666666666665,-134.7960317127129,59.961365516468014
417,13.499999999999998,-135.01588580903993,59.96131509085346
418,13.533333333333331,-135.22881658934895,59.96126833218413
419,13.566666666666665,-135.43462506024537,59.96122498447996
420,13.599999999999998,-135.63274026748044,59.96118482796598
421,13.633333333333331,-135.8222325320543,59.961147683987
422,13.666666666666664,-136.00186226969967,59.96111341482413
423,13.699999999999998,-136.17016429100147,59.9610819213372
424,13.73333333333333,-136.32555237295682,59.9610531375152
425,13.766666666666664,-136.46644055704883,59.96102702270537
426,13.799999999999997,-136.5913698807856,59.9610035521787
427,13.83333333333333,-136.69913068748332,59.96098270680095
428,13.866666666666664,-136.7888708734967,59.960964462507256
429,13.899999999999997,-136.86018143393642,59.96094878072224
430,13.93333333333333,-136.91315517488985,59.96093559925452
431,13.966666666666663,-136.9484078948751,59.96092482699312
432,13.999999999999996,-136.96706632576056,59.96091633916234
433,14.0,-138.50625204554467,59.96081912403898
434,14.033333333333333,-140.0489439261354,59.96063437889402
435,14.066666666666666,-139.74624638279616,59.960453544925336
436,14.1,-139.3976743361246,59.9602761168772
437,14.133333333333333,-139.50502520804346,59.96010240251501
438,14.166666666666666,-139.87234884194788,59.95993257145319
439,14.2,-140.34576737299724,59.95976674301146
440,14.233333333333333,-140.8542332949048,59.9596049574546
441,14.266666666666666,-141.36962095813655,59.959447198650345
442,14.299999999999999,-141.88147899656428,59.959293403951975
443,14.333333333333332,-142.3864351420312,59.959143480335335
444,14.366666666666665,-142.8837948523071,59.95899731945906
445,14.399999999999999,-143.37383289558844,59.95885481177211
446,14.433333333333332,-143.85705269961943,59.95871585796392
447,14.466666666666665,-144.33385958589918,59.958580380752764
448,14.499999999999998,-144.8043944785232,59.958448334051965
449,14.533333333333331,-145.26845115199995,59.958319707680786
450,14.566666666666665,-145.72544437761434,59.95819453261036
451,14.599999999999998,-146.17441762777935,59.95807287937703
452,14.633333333333331,-146.61408439807894,59.95795485636042
453,14.666666666666664,-147.04289707606796,59.957840605384
454,14.699999999999998,-147.45913664324286,59.95773029329784
455,14.73333333333333,-147.86101707120943,59.95762410271556
456,14.766666666666664,-148.2467966171976,59.957522221058504
457,14.799999999999997,-148.61488747272168,59.95742482878271
458,14.83333333333333,-148.96395585770736,59.95733208746026
459,14.866666666666664,-149.29300612778457,59.957244128489044
460,14.899999999999997,-149.60144302890149,59.957161042558425
461,14.93333333333333,-149.88910770575458,59.95708287162715
462,14.966666666666663,-150.15628506957185,59.95700960355734
463,14.999999999999996,-150.40368353537647,59.95694116657111
464,15.0,-152.00140468905084,59.95680972016541
465,15.033333333333333,-153.40446081310276,59.95664177586539
466,15.066666666666666,-152.9896635898154,59.956517451366274
467,15.1,-152.61396136750943,59.95642011848623
468,15.133333333333333,-152.6573657985984,59.956346575554356
469,15.166666666666666,-152.8208764539102,59.9562954952465
470,15.2,-152.96239481731413,59.95626567085084
471,15.233333333333333,-153.04501967011709,59.95625573896268
472,15.266666666666666,-153.06367433382476,59.95626419910069
473,15.299999999999999,-153.02172269907211,59.9562894390868
474,15.333333333333332,-152.92520112909094,59.95632978576231
475,15.366666666666665,-152.78087827631262,59.956383553891534
476,15.399999999999999,-152.5960693270349,59.956449097146624
477,15.433333333333332,-152.37644180413704,59.95652485198192
478,15.466666666666665,-152.12771406623608,59.95660938547475
479,15.499999999999998,-151.85432218179807,59.95670140958869
480,15.533333333333331,-151.55942000397877,59.956799841082805
481,15.566666666666665,-151.2448530726283,59.95690380265664
482,15.599999999999998,-150.91121783142515,59.95701263898619
483,15.633333333333331,-150.55798192731626,59.95712591904972
484,15.666666666666664,-150.1836845271537,59.957243430626235
485,15.699999999999998,-149.7861930192301,59.95736515899219
486,15.73333333333333,-149.36300031392332,59.95749128894272
487,15.766666666666664,-148.91180960384023,59.95762213515853
488,15.799999999999997,-148.42873121876758,59.9577581464462
489,15.83333333333333,-147.91380378589284,59.957899846383924
490,15.866666666666664,-147.36530128616172,59.95804780384063
491,15.899999999999997,-146.78269340124731,59.958202582289545
492,15.93333333333333,-146.16647387602106,59.958364715706
493,15.966666666666663,-145.51807200604375,59.958534669341205
494,15.999999999999996,-144.8397562174027,59.95871281495126
495,16.0,-145.51569437652108,59.95881798511154
496,16.033333333333335,-146.18323129841747,59.95885153485922
497,16.06666666666667,-145.17892515284302,59.95889552593043
498,16.100000000000005,-144.12567200504358,59.95894954043867
499,16.13333333333334,-143.47385917311848,59.959013727273714
500,16.166666666666675,-143.0503695360309,59.95908797637553
501,16.20000000000001,-142.71873514038123,59.959171996399014
502,16.233333333333345,-142.41509862766674,59.95926529799975
503,16.26666666666668,-142.11424012732772,59.95936722839556
504,16.300000000000015,-141.80664207808078,59.9594769952601
505,16.33333333333335,-141.48893426444968,59.95959370066639
506,16.366666666666685,-141.15999774109667,59.9597163725064
507,16.40000000000002,-140.8195201022627,59.959843999356764
508,16.433333333333355,-140.46743032315905,59.9599755632006
509,16.46666666666669,-140.10370367414765,59.960110070616196
510,16.500000000000025,-139.72829991757922,59.96024658100919
511,16.53333333333336,-139.34117007066368,59.96038422758585
512,16.566666666666695,-138.94229309661384,59.960522246906415
513,16.60000000000003,-138.53165076158646,59.96065998803764
514,16.633333333333365,-138.10909309102323,59.96079691893313
515,16.6666666666667,-137.6749410549818,59.96093263413273
516,16.700000000000035,-137.2295163196976,59.961066853257016
517,16.73333333333337,-136.77327707927145,59.96119941635232
518,16.766666666666705,-136.30685779353448,59.961330272311784
519,16.80000000000004,-135.83108357699794,59.961459462249806
520,16.833333333333375,-135.34696710039717,59.961587115031236
521,16.86666666666671,-134.85569306456304,59.961713416112495
522,16.900000000000045,-134.35860549988715,59.961838593754386
523,16.93333333333338,-133.85718422337604,59.961962899300545
524,16.966666666666715,-133.35300546695964,59.96208659299663
525,17.0,-133.64397043564148,59.962256306896094
526,17.033333333333335,-134.45652896998007,59.96222712099275
527,17.06666666666667,-133.71852227475628,59.96219995344271
528,17.100000000000005,-132.95145845609858,59.962174704861155
529,17.13333333333334,-132.58168073040946,59.962151897926205
530,17.166666666666675,-132.44254119042407,59.96213188825844
531,17.20000000000001,-132.4027310959639,59.962114949022094
532,17.233333333333345,-132.400989714149,59.962101232778245
533,17.26666666666668,-132.41247985029955,59.96209079590699
534,17.300000000000015,-132.42748243888065,59.96208359562814
535,17.33333333333335,-132.4424488277947,59.96207951626488
536,17.366666666666685,-132.45627613354088,59.96207838228944
537,17.40000000000002,-132.46879619892107,59.96207997617488
538,17.433333333333355,-132.4803366867027,59.96208405134931
539,17.46666666666669,-132.49125304428355,59.96209035129479
540,17.500000000000025,-132.50162041714398,59.962098622868524
541,17.53333333333336,-132.51138058727628,59.96210862831911
542,17.566666666666695,-132.5202017832329,59.96212015451472
543,17.60000000000003,-132.52745110872652,59.962133016713175
544,17.633333333333365,-132.5321953438072,59.96214707218917
545,17.6666666666667,-132.5332029263968,59.962162209850646
546,17.700000000000035,-132.52933324628566,59.96217834895624
547,17.73333333333337,-132.5188183223918,59.96219543550666
548,17.766666666666705,-132.5003507364987,59.962213435390424
549,17.80000000000004,-132.47264209141753,59.962232325377414
550,17.833333333333375,-132.43461188570512,59.962252084570764
551,17.86666666666671,-132.38550397796573,59.96227268322138
552,17.900000000000045,-132.32496297939844,59.962294076125744
553,17.93333333333338,-132.25308289024753,59.9623161942756
554,17.966666666666715,-132.17042651034768,59.962338939871266
555,18.0,-133.1985936929805,59.962313535816364
556,18.033333333333335,-134.3261068001184,59.96219392098834
557,18.06666666666667,-133.99019478641466,59.962075970312725
558,18.100000000000005,-133.6207781153104,59.961959252922696
559,18.13333333333334,-133.61846562720584,59.96184396413501
560,18.166666666666675,-133.82785012875462,59.96173019646538
561,18.20000000000001,-134.1268158291276,59.96161800886661
562,18.233333333333345,-134.45903477770463,59.961507404744964
563,18.26666666666668,-134.80226960121755,59.96139835143398
564,18.300000000000015,-135.1483059604577,59.96129079029268
565,18.33333333333335,-135.49451438345065,59.9611846507732
566,18.366666666666685,-135.84033957436924,59.96107986326025
567,18.40000000000002,-136.18594064925833,59.96097637130624
568,18.433333333333355,-136.53159886792218,59.960874140488485
569,18.46666666666669,-136.87746292841152,59.96077316800019
570,18.500000000000025,-137.22342476866166,59.96067348858744
571,18.53333333333336,-137.56906078379907,59.96057517753376
572,18.566666666666695,-137.91361916396002,59.96047835128278
573,18.60000000000003,-138.25603734376384,59.960383167218005
574,18.633333333333365,-138.59498510516985,59.9602898184927
575,18.6666666666667,-138.92892981714297,59.96019852730484
576,18.700000000000035,-139.2562175960806,59.96010953601665
577,18.73333333333337,-139.57516386575398,59.960023098038754
578,18.766666666666705,-139.88414690858846,59.9599394657512
579,18.80000000000004,-140.18169818538937,59.959858878882066
580,18.833333333333375,-140.46658367229858,59.959781553161136
581,18.86666666666671,-140.73786723143445,59.959707668827065
582,18.900000000000045,-140.9949610923539,59.95963736185326
583,18.93333333333338,-141.23764872220633,59.959570715852955
584,18.966666666666715,-141.46608323648843,59.95950775590618
585,19.0,-142.947548730872,59.95934216313321
586,19.033333333333335,-144.0358090994217,59.95921362140682
587,19.06666666666667,-143.68471432368824,59.959124968765366
588,19.100000000000005,-143.3764495704895,59.959060736976426
589,19.13333333333334,-143.39791625860923,59.95901783774204
590,19.166666666666675,-143.49709133824868,59.95899495085491
591,19.20000000000001,-143.56293597493888,59.95899087443778
592,19.233333333333345,-143.5709487487346,59.95900427484332
593,19.26666666666668,-143.52027670057325,59.959033689152335
594,19.300000000000015,-143.41549105550862,59.95907757616223
595,19.33333333333335,-143.26267504292568,59.95913432814466
596,19.366666666666685,-143.0682713811904,59.95920235544636
597,19.40000000000002,-142.83858354267142,59.959280106954594
598,19.433333333333355,-142.5794000524527,59.959366118938
599,19.46666666666669,-142.29571801696304,59.959459052388105
600,19.500000000000025,-141.99153931215395,59.9595577273235
601,19.53333333333336,-141.6697481755839,59.959661154067405
602,19.566666666666695,-141.33206564645758,59.95976852382045
603,19.60000000000003,-140.97882044407854,59.95987926593071
604,19.633333333333365,-140.6108581788445,59.959993001421125
605,19.6666666666667,-140.22560842435402,59.960109567215255
606,19.700000000000035,-139.8215481528637,59.960228991846236
607,19.73333333333337,-139.3966466475199,59.96035146910438
608,19.766666666666705,-138.9487367170208,59.960477355436396
609,19.80000000000004,-138.4758184453923,59.96060710398508
610,19.833333333333375,-137.9763107601788,59.96074124338613
611,19.86666666666671,-137.44924194360925,59.96088034853807
612,19.900000000000045,-136.89460113166427,59.961024998487474
613,19.93333333333338,-136.31184964009606,59.961175747964546
614,19.966666666666715,-135.70348355371945,59.96133308050139
615,20.0,-135.4928745431296,59.961605613814356
616,20.033333333333335,-135.9078064544093,59.96165888002791
617,20.06666666666667,-135.0215499856801,59.96172110602934
618,20.100000000000005,-134.09714627743975,59.961791978794764
619,20.13333333333334,-133.48536059684116,59.96187159410568
620,20.166666666666675,-133.05211048124153,59.96195984348526
621,20.20000000000001,-132.69143118283515,59.96205644462768
622,20.233333333333345,-132.35359368678888,59.96216093935912
623,20.26666666666668,-132.01889360478214,59.962272722481316
624,20.300000000000015,-131.67981339280644,59.962391064109866
625,20.33333333333335,-131.33357244991774,59.96251513863832
626,20.366666666666685,-130.97910517923367,59.9626440540391
627,20.40000000000002,-130.6159543491343,59.96277688222532
628,20.433333333333355,-130.24384297212833,59.96291268851523
629,20.46666666666669,-129.86254867147804,59.96305055957227
630,20.500000000000025,-129.47187109634928,59.96318962876777
631,20.53333333333336,-129.0716500668649,59.96332909825797
632,20.566666666666695,-128.66179598161142,59.96346826026386
633,20.60000000000003,-128.2424561866199,59.96360648528031
634,20.633333333333365,-127.81335581380657,59.96374329709007
635,20.6666666666667,-127.37497939128669,59.96387830335988
636,20.700000000000035,-126.92788938140176,59.96401123165819
637,20.73333333333337,-126.47271619398943,59.96414191971641
638,20.766666666666705,-126.01026638671127,59.9642703064824
639,20.80000000000004,-125.54152573822283,59.964396420749694
640,20.833333333333375,-125.06764000688028,59.96452036679873
641,20.86666666666671,-124.58988957932746,59.96464230918579
642,20.900000000000045,-124.10965972680603,59.96476245583426
643,20.93333333333338,-123.62840613588983,59.964881041285
644,20.966666666666715,-123.14761968581749,59.96499831044437
645,21.0,-123.19398695568124,59.96517083050952
646,21.033333333333335,-123.7351997533762,59.965168395686646
647,21.06666666666667,-123.08673278858522,59.965166904255774
648,21.100000000000005,-122.41817310546992,59.965166326509646
649,21.13333333333334,-122.05846902242445,59.96516710674434
650,21.166666666666675,-121.87922122105981,59.965169557456626
651,21.20000000000001,-121.77938511384596,59.96517393019487
652,21.233333333333345,-121.71173579937272,59.96518037597281
653,21.26666666666668,-121.65703928863192,59.96518896790215
654,21.300000000000015,-121.60767792074564,59.96519969685176
655,21.33333333333335,-121.56078022082126,59.965212493482255
656,21.366666666666685,-121.51535491831756,59.96522723822556
657,21.40000000000002,-121.47103264232103,59.96524377818893
658,21.433333333333355,-121.4282279099214,59.9652619315566
659,21.46666666666669,-121.38686425165275,59.96528150813996
660,21.500000000000025,-121.34684887292417,59.96530231847236
661,21.53333333333336,-121.30800949190996,59.96532418338781
662,21.566666666666695,-121.26995842898143,59.96534694145667
663,21.60000000000003,-121.2320674365795,59.965370454178924
664,21.633333333333365,-121.19348944992365,59.9653946078894
665,21.6666666666667,-121.15328578613746,59.96541931245458
666,21.700000000000035,-121.11006617674963,59.96544450326444
667,21.73333333333337,-121.06261870151818,59.96547013683884
668,21.766666666666705,-121.00988526986556,59.96549617864825
669,21.80000000000004,-120.95077550299303,59.96552259938783
670,21.833333333333375,-120.88438843232699,59.96554936807035
671,21.86666666666671,-120.81010919058023,59.96557644409538
672,21.900000000000045,-120.72766568117794,59.965603770505034
673,21.93333333333338,-120.63716486447105,59.96563126885477
674,21.966666666666715,-120.53910577408564,59.96565883475935
675,22.0,-121.25090028122207,59.96565885271982
676,22.033333333333335,-122.07412531954647,59.96557704132923
677,22.06666666666667,-121.78784476755655,59.9654959471153
678,22.100000000000005,-121.47664359579284,59.965415199084426
679,22.13333333333334,-121.44573535400478,59.96533490780021
680,22.166666666666675,-121.57720343709302,59.965255111117926
681,22.20000000000001,-121.7786375289187,59.96517582555015
682,22.233333333333345,-122.00744000287034,59.9650970301188
683,22.26666666666668,-122.24684070525333,59.96501868456052
684,22.300000000000015,-122.49068354985198,59.96494073647511
685,22.33333333333335,-122.737020642345,59.964863133462764
686,22.366666666666685,-122.9854438688667,59.964785832754686
687,22.40000000000002,-123.23605167129774,59.96470881082212
688,22.433333333333355,-123.48900245613565,59.964632070959
689,22.46666666666669,-123.7443219401814,59.96455564817146
690,22.500000000000025,-124.0018137000791,59.964479614478826
691,22.53333333333336,-124.261017477681,59.964404084279806
692,22.566666666666695,-124.52120709720991,59.96432920173614
693,22.60000000000003,-124.78141805321505,59.96425514970595
694,22.633333333333365,-125.0404820724343,59.96418214084362
695,22.6666666666667,-125.29707806032526,59.964110411490495
696,22.700000000000035,-125.54980012665307,59.96404021325888
697,22.73333333333337,-125.79723088812284,59.963971803303124
698,22.766666666666705,-126.0380150558688,59.96390543484386
699,22.80000000000004,-126.2709291730036,59.96384134578968
700,22.833333333333375,-126.49494362313848,59.96377974903593
701,22.86666666666671,-126.70927446763842,59.96372082007489
702,22.900000000000045,-126.91341458331395,59.96366469849983
703,22.93333333333338,-127.10714472278062,59.9636114716109
704,22.966666666666715,-127.29053686172077,59.96356117236663
705,23.0,-128.4097814211855,59.96343441635282
706,23.033333333333335,-129.1922198332254,59.96334553218447
707,23.06666666666667,-128.8895687695219,59.96329240501225
708,23.100000000000005,-128.6329260741445,59.96326085606667
709,23.13333333333334,-128.62253199352438,59.96324799183741
710,23.166666666666675,-128.65158737159157,59.96325257177264
711,23.20000000000001,-128.63796725832094,59.963273469227026
712,23.233333333333345,-128.56862210227186,59.96330943271145
713,23.26666666666668,-128.44565854080145,59.96335913088814
714,23.300000000000015,-128.27508130776064,59.96342114352389
715,23.33333333333335,-128.06275840713585,59.963494021930856
716,23.366666666666685,-127.81504250047678,59.96357630920877
717,23.40000000000002,-127.5374950538318,59.96366658750888
718,23.433333333333355,-127.23514541778597,59.963763538939865
719,23.46666666666669,-126.91247658147276,59.96386595537371
720,23.500000000000025,-126.57310176849114,59.96397277354832
721,23.53333333333336,-126.21962703364021,59.96408309876449
722,23.566666666666695,-125.85341468838472,59.96419623197328
723,23.60000000000003,-125.476078217028,59.96431163576339
724,23.633333333333365,-125.08620422499766,59.96442899100447
725,23.6666666666667,-124.68306484409524,59.96454816029303
726,23.700000000000035,-124.26524460230944,59.96466918129209
727,23.73333333333337,-123.83097328714281,59.964792248015385
728,23.766666666666705,-123.37840768150583,59.96491768327253
729,23.80000000000004,-122.90587215083735,59.96504592334385
730,23.833333333333375,-122.41205411841962,59.965177462743476
731,23.86666666666671,-121.89614714713271,59.96531284165766
732,23.900000000000045,-121.35796185297991,59.96545261108464
733,23.93333333333338,-120.79824679391973,59.965597289702124
734,23.966666666666715,-120.21711066702943,59.96574734643546
735,24.0,-119.79026626670202,59.96601853966684
736,24.033333333333335,-119.95817978027767,59.96609432435455
737,24.06666666666667,-119.17098059019382,59.966177466319614
738,24.100000000000005,-118.35538741017639,59.96626777132125
739,24.13333333333334,-117.76918819968776,59.96636529643629
740,24.166666666666675,-117.31517864788275,59.96646991341327
741,24.20000000000001,-116.91500849399448,59.966581355176785
742,24.233333333333345,-116.53296350847968,59.96669919768038
743,24.26666666666668,-116.15439500526634,59.96682289061012
744,24.300000000000015,-115.77368244387402,59.96695177638938
745,24.33333333333335,-115.38866668413502,59.967085115282025
746,24.366666666666685,-114.99840962490333,59.967222110668445
747,24.40000000000002,-114.6023820863845,59.967361935463714
748,24.433333333333355,-114.20018094415269,59.96750375701364
749,24.46666666666669,-113.79145360712322,59.9676467618735
750,24.500000000000025,-113.37589322491772,59.96779018416954
751,24.53333333333336,-112.95326563291898,59.967933299110655
752,24.566666666666695,-112.52346244073517,59.968075473121466
753,24.60000000000003,-112.08669688634107,59.96821615665288
754,24.633333333333365,-111.64257268148346,59.968354905604734
755,24.6666666666667,-111.19185048506112,59.96849136320895
756,24.700000000000035,-110.73518398664942,59.968625292253634
757,24.73333333333337,-110.27331134829697,59.96875653425928
758,24.766666666666705,-109.80714965538102,59.9688850278338
759,24.80000000000004,-109.33777484217875,59.96901079324883
760,24.833333333333375,-108.86613434783503,59.969133920763824
761,24.86666666666671,-108.39455146497654,59.96925455322563
762,24.900000000000045,-107.9233224710085,59.96937287869923
763,24.93333333333338,-107.45397884218836,59.96948911257419
764,24.966666666666715,-106.98812930894599,59.969603486926644
765,25.0,-106.7901940775941,59.969785115962566
766,25.033333333333335,-107.06954068944412,59.96981100390342
767,25.06666666666667,-106.49688668090053,59.96983687700222
768,25.100000000000005,-105.91282053314228,59.96986276945424
769,25.13333333333334,-105.55436265975078,59.96988903955197
770,25.166666666666675,-105.32919346303599,59.96991595874496
771,25.20000000000001,-105.16451977760698,59.9699437266371
772,25.233333333333345,-105.02623221431082,59.96997248478335
773,25.26666666666668,-104.90035046087146,59.97000230272654
774,25.300000000000015,-104.78125332425006,59.9700331944097
775,25.33333333333335,-104.6667303892695,59.970065116190966
776,25.366666666666685,-104.55580352157175,59.970097989619234
777,25.40000000000002,-104.4485806028659,59.970131702685954
778,25.433333333333355,-104.34473749750761,59.97016613210171
779,25.46666666666669,-104.24419087572083,59.97020112650256
780,25.500000000000025,-104.14683705749145,59.970236551581294
781,25.53333333333336,-104.05244427744347,59.970272274569595
782,25.566666666666695,-103.96061979567126,59.97030817541644
783,25.60000000000003,-103.87080046019783,59.970344144792165
784,25.633333333333365,-103.78226181861557,59.97038010991096
785,25.6666666666667,-103.69415036430058,59.97041599718178
786,25.700000000000035,-103.60567300880848,59.97045174929539
787,25.73333333333337,-103.51542945613139,59.970487336624615
788,25.766666666666705,-103.42268224001955,59.97052272766712
789,25.80000000000004,-103.32669114511313,59.970557893531684
790,25.833333333333375,-103.22675183109011,59.97059280177081
791,25.86666666666671,-103.12237479961392,59.97062741051876
792,25.900000000000045,-103.01335163603078,59.97066166316854
793,25.93333333333338,-102.89978048553898,59.970695484836526
794,25.966666666666715,-102.78207241287313,59.97072877881143
795,26.0,-103.1886187072119,59.9707548081038
796,26.033333333333335,-103.72275310328405,59.97070935603096
797,26.06666666666667,-103.47886270896358,59.970663716433975
798,26.100000000000005,-103.21894296805594,59.97061759595022
799,26.13333333333334,-103.15814632580023,59.970571039455024
800,26.166666666666675,-103.21378257714906,59.97052404615875
801,26.20000000000001,-103.32107683455062,59.97047660355442
802,26.233333333333345,-103.4502295638039,59.97042867797295
803,26.26666666666668,-103.58956398731524,59.97038022924723
804,26.300000000000015,-103.73482990047658,59.970331215450216
805,26.33333333333335,-103.88469811434132,59.970281603259025
806,26.366666666666685,-104.03888599993871,59.97023137502282
807,26.40000000000002,-104.19742706932465,59.970180535270885
808,26.433333333333355,-104.36035773180032,59.97012911689866
809,26.46666666666669,-104.52758654660582,59.970077183900486
810,26.500000000000025,-104.69883675117106,59.97002483432106
811,26.53333333333336,-104.87362536803171,59.969972203206225
812,26.566666666666695,-105.05126867682613,59.96991945049268
813,26.60000000000003,-105.23090853592159,59.96986676883724
814,26.633333333333365,-105.41154246911924,59.969814375328326
815,26.6666666666667,-105.59206531162893,59.96976250389475
816,26.700000000000035,-105.77132357456284,59.96971139887359
817,26.73333333333337,-105.94817069973736,59.96966130632159
818,26.766666666666705,-106.1215215233478,59.969612465253604
819,26.80000000000004,-106.29040569349561,59.96956509515261
820,26.833333333333375,-106.45400866701056,59.96951939860802
821,26.86666666666671,-106.61169917474811,59.969475542785524
822,26.900000000000045,-106.7630560381485,59.96943365550023
823,26.93333333333338,-106.90788109316445,59.96939382099695
824,26.966666666666715,-107.04619249679341,59.96935607632382
825,27.0,-107.82806816348554,59.969265360349674
826,27.033333333333335,-108.34252522222431,59.96920960556766
827,27.06666666666667,-108.10693812858112,59.96918329253002
828,27.100000000000005,-107.91378328632253,59.969174626180646
829,27.13333333333334,-107.88639922470202,59.96918116522798
830,27.166666666666675,-107.8719755376149,59.969201811300806
831,27.20000000000001,-107.8136147464298,59.969235578881104
832,27.233333333333345,-107.70610823879205,59.96928139791116
833,27.26666666666668,-107.55423309025822,59.96933811636873
834,27.300000000000015,-107.36352271676242,59.96940452212229
835,27.33333333333335,-107.13930186669513,59.96947938764208
836,27.366666666666685,-106.88663486490431,59.96956149764586
837,27.40000000000002,-106.61026856019961,59.969649661332525
838,27.433333333333355,-106.31449074188578,59.969742781754405
839,27.46666666666669,-106.00298165409892,59.969839857078796
840,27.500000000000025,-105.67869314629448,59.96994000973011
841,27.53333333333336,-105.34377365749232,59.970042508725385
842,27.566666666666695,-104.99955242647103,59.97014677099841
843,27.60000000000003,-104.6465716339615,59.97025237956972
844,27.633333333333365,-104.28442588885414,59.97035909049633
845,27.6666666666667,-103.9134339537074,59.970466789151644
846,27.700000000000035,-103.53139507991152,59.97057552400466
847,27.73333333333337,-103.13714462809382,59.970685485963855
848,27.766666666666705,-102.72936863731236,59.97079695690116
849,27.80000000000004,-102.3068236713986,59.9709103109707
850,27.833333333333375,-101.86853102634237,59.971025982181786
851,27.86666666666671,-101.41390136512432,59.97114444229016
852,27.900000000000045,-100.94283767389909,59.97126616059307
853,27.93333333333338,-100.45600943651903,59.971391589291144
854,27.966666666666715,-99.95345948891281,59.97152113682391
855,28.0,-99.43197435490224,59.97176307668831
856,28.033333333333335,-99.42273191546539,59.97184555682259
857,28.06666666666667,-98.78100964443746,59.97193370559675
858,28.100000000000005,-98.12043043691095,59.97202737678583
859,28.13333333333334,-97.61194296344581,59.97212660518198
860,28.166666666666675,-97.19149790672574,59.972231258101075
861,28.20000000000001,-96.8073453226,59.97234109623656
862,28.233333333333345,-96.43597430263657,59.97245575675533
863,28.26666666666668,-96.0676966573314,59.97257477626128
864,28.300000000000015,-95.69874081230724,59.972697606810755
865,28.33333333333335,-95.32757570187015,59.972823635723365
866,28.366666666666685,-94.95343970866492,59.972952206023514
867,28.40000000000002,-94.57581642646564,59.973082636701555
868,28.433333333333355,-94.19427272083142,59.97321424002512
869,28.46666666666669,-93.80841987286755,59.973346351969866
870,28.500000000000025,-93.41791517147632,59.973478344081904
871,28.53333333333336,-93.02252883525831,59.973609618851214
872,28.566666666666695,-92.62230866379872,59.97373965185139
873,28.60000000000003,-92.21682827126358,59.9738679976966
874,28.633333333333365,-91.80662419331328,59.97399427518034
875,28.6666666666667,-91.39218679612515,59.97411820399602
876,28.700000000000035,-90.97410409041508,59.97423956718807
877,28.73333333333337,-90.55313863048269,59.974358233693
878,28.766666666666705,-90.13021211127494,59.97447414688144
879,28.80000000000004,-89.70636868214011,59.97458731738255
880,28.833333333333375,-89.28251347581313,59.974697814335244
881,28.86666666666671,-88.86072931703988,59.97480575217288
882,28.900000000000045,-88.44130702141035,59.97491128446798
883,28.93333333333338,-88.02555039730849,59.97501458985334
884,28.966666666666715,-87.6148068525156,59.97511586464116
885,29.0,-87.26957521447964,59.97528605320075
886,29.033333333333335,-87.34287980042438,59.97532871610801
887,29.06666666666667,-86.8769369522389,59.97537072346646
888,29.100000000000005,-86.40684045273844,59.97541214581805
889,29.13333333333334,-86.08367979719048,59.97545325465879
890,29.166666666666675,-85.84870417700554,59.97549424411021
891,29.20000000000001,-85.65541425739225,59.97553528604149
892,29.233333333333345,-85.48195858187592,59.97557649211787
893,29.26666666666668,-85.31930480658038,59.97561792691185
894,29.300000000000015,-85.16374524496958,59.97565961200707
895,29.33333333333335,-85.01374233248204,59.975701533115966
896,29.366666666666685,-84.86852253109754,59.97574364867659
897,29.40000000000002,-84.72809808656899,59.975785896504455
898,29.433333333333355,-84.59206405774562,59.97582819900271
899,29.46666666666669,-84.46026163938487,59.97587045706757
900,29.500000000000025,-84.33251171915798,59.97591258725063
901,29.53333333333336,-84.20855151110015,59.97595450421397
902,29.566666666666695,-84.08801708604207,59.975996130565235
903,29.60000000000003,-83.97045012364013,59.976037395776586
904,29.633333333333365,-83.85545540034548,59.97607823688257
905,29.6666666666667,-83.74186028514806,59.97611862684344
906,29.700000000000035,-83.62926032371207,59.976158522390726
907,29.73333333333337,-83.5170468805734,59.976197893884816
908,29.766666666666705,-83.40451799729178,59.9762367141121
909,29.80000000000004,-83.2910465414299,59.97627495500882
910,29.833333333333375,-83.17614180933747,59.976312583280745
911,29.86666666666671,-83.05948501857533,59.97634955645083
912,29.900000000000045,-82.94095758415683,59.97638581930936
913,29.93333333333338,-82.8206594039636,59.97642130184186
914,29.966666666666715,-82.69891400526132,59.97645591694634
915,30.0,-82.84896892284071,59.976498741943836
916,30.033333333333335,-83.12716954985689,59.97648368711172
917,30.06666666666667,-82.93425806921832,59.97646783908773
918,30.100000000000005,-82.73408769470518,59.97645097046317
919,30.13333333333334,-82.65625222182572,59.9764330815153
920,30.166666666666675,-82.6514487988504,59.9764141395755
921,30.20000000000001,-82.68049690532096,59.97639411005642
922,30.233333333333345,-82.72542133230637,59.97637295181802
923,30.26666666666668,-82.779231688045,59.97635062653683
924,30.300000000000015,-82.83942225953108,59.9763271036815
925,30.33333333333335,-82.90522791693233,59.97630236680669
926,30.366666666666685,-82.97647967009836,59.976276418253505
927,30.40000000000002,-83.05315928273582,59.97624928462637
928,30.433333333333355,-83.13521524950607,59.97622101819243
929,30.46666666666669,-83.2224848954775,59.97619169948248
930,30.500000000000025,-83.31466457296129,59.97616143800018
931,30.53333333333336,-83.41130693893554,59.9761303706424
932,30.566666666666695,-83.51182865735923,59.9760986604439
933,30.60000000000003,-83.61552996624319,59.97606649207094
934,30.633333333333365,-83.72162152012963,59.976034067528474
935,30.6666666666667,-83.8292589305442,59.97600160037001
936,30.700000000000035,-83.93757933093454,59.97596930931604
937,30.73333333333337,-84.04573851067391,59.975937411386944
938,30.766666666666705,-84.15294667410328,59.975906114856905
939,30.80000000000004,-84.25850042733623,59.975875612327336
940,30.833333333333375,-84.36180933575244,59.97584607397008
941,30.86666666666671,-84.46241508986554,59.97581764265248
942,30.900000000000045,-84.5600024742334,59.975790427970054
943,30.93333333333338,-84.65440272533232,59.97576450264894
944,30.966666666666715,-84.74558834487729,59.97573990083146
945,31.0,-85.2016291905634,59.9756857987689
946,31.033333333333335,-85.45621355748958,59.97566275483379
947,31.06666666666667,-85.27135607734397,59.975663317283015
948,31.100000000000005,-85.12955203422746,59.975677608543414
949,31.13333333333334,-85.08280359076544,59.975703565285514
950,31.166666666666675,-85.0226190805088,59.97574026837883
951,31.20000000000001,-84.91698513547962,59.975786901328604
952,31.233333333333345,-84.76876632695829,59.975842584507596
953,31.26666666666668,-84.5848272538067,59.97590637612356
954,31.300000000000015,-84.37083555289207,59.97597729198604
955,31.33333333333335,-84.1315423114423,59.9760543334633
956,31.366666666666685,-83.87119766876603,59.97613651192472
957,31.40000000000002,-83.59367972048136,59.97622288105689
958,31.433333333333355,-83.30245010523996,59.97631254044719
959,31.46666666666669,-83.00046141699464,59.97640469117308
960,31.500000000000025,-82.69008030618433,59.97649863080124
961,31.53333333333336,-82.37303185626148,59.97659377388533
962,31.566666666666695,-82.05039111478263,59.97668966216751
963,31.60000000000003,-81.72260716341555,59.976785970199096
964,31.633333333333365,-81.38935865724372,59.9768825078518
965,31.6666666666667,-81.05095131008594,59.97697920782116
966,31.700000000000035,-80.70568700618607,59.977076124987946
967,31.73333333333337,-80.3526497682377,59.97717342503431
968,31.766666666666705,-79.99082208180485,59.977271355714684
969,31.80000000000004,-79.61925139942258,59.97737023941692
970,31.833333333333375,-79.2371888697125,59.977470448323174
971,31.86666666666671,-78.84418138402373,59.977572382227635
972,31.900000000000045,-78.4401527645714,59.97767644701376
973,31.93333333333338,-78.02562665934838,59.97778303224533
974,31.966666666666715,-77.6005965283038,59.9778924938482
975,32.0,-77.00117715314589,59.97810489869928
976,32.03333333333333,-76.8329080907872,59.97819218823146
977,32.06666666666666,-76.33095966013511,59.97828345588764
978,32.099999999999994,-75.81829209902105,59.978378671190775
979,32.133333333333326,-75.38647535828066,59.97847782793862
980,32.16666666666666,-75.00209131464042,59.978580798568686
981,32.19999999999999,-74.63797412623371,59.9786873690242
982,32.23333333333332,-74.28193196552121,59.978797232287164
983,32.26666666666665,-73.92888392938985,59.97891000446945
984,32.29999999999998,-73.57678835778424,59.97902523814145
985,32.333333333333314,-73.22471211700507,59.979142436987864
986,32.366666666666646,-72.87206474479734,59.97926107215355
987,32.39999999999998,-72.5183473112853,59.97938059825017
988,32.43333333333331,-72.16308032870806,59.9795004691343
989,32.46666666666664,-71.80582436223368,59.979620152848064
990,32.49999999999997,-71.44621151062141,59.979739145376975
991,32.5333333333333,-71.08407294598311,59.979856977088744
992,32.566666666666634,-70.71897514206758,59.979973238784254
993,32.599999999999966,-70.35116736587611,59.980087572264
994,32.6333333333333,-69.98093237276231,59.98019968164258
995,32.66666666666663,-69.60868907311333,59.980309337431336
996,32.69999999999996,-69.23503655382585,59.98041637487367
997,32.73333333333329,-68.8607378829209,59.980520693875064
998,32.76666666666662,-68.48669009796818,59.98062225358073
999,32.799999999999955,-68.11388637000982,59.980721068961685
1000,32.833333333333286,-67.7433732421989,59.98081720174081
1001,32.86666666666662,-67.37603023817921,59.98091075281333
1002,32.89999999999995,-67.0136229034026,59.98100185469177
1003,32.93333333333328,-66.65652525482095,59.98109066623413
1004,32.96666666666661,-66.30512647504634,59.98117735387404
1005,32.99999999999994,-65.96098880350965,59.98126209138697
1006,33.0,-65.96098880350965,59.981262084868845
