time,ace,up,dn,in
0.0,0.0,231.0373118292293,-231.03731182922925,0.0
4.0,-5.505231686373809,231.0373118292293,-231.03731182922925,-5.505231686373809
8.0,-6.405624813265269,231.0373118292293,-231.03731182922925,-6.405624813265269
12.0,-8.602183134667776,231.0373118292293,-231.03731182922925,-8.602183134667776
16.0,-10.232167595533573,231.0373118292293,-231.03731182922925,-10.232167595533573
20.0,-11.668403523988726,231.0373118292293,-231.03731182922925,-11.668403523988726
24.0,-13.084817112759325,231.0373118292293,-231.03731182922925,-13.084817112759325
28.0,-14.389896492355584,231.0373118292293,-231.03731182922925,-14.389896492355584
32.0,-15.656236204156906,231.0373118292293,-231.03731182922925,-15.656236204156906
36.0,-16.89402010343337,231.0373118292293,-231.03731182922925,-16.89402010343337
40.0,-18.09603959568262,231.0373118292293,-231.03731182922925,-18.09603959568262
44.0,-19.29064362921756,231.0373118292293,-231.03731182922925,-19.29064362921756
48.0,-20.48671498762936,231.0373118292293,-231.03731182922925,-20.48671498762936
52.0,-21.67536761504998,231.0373118292293,-231.03731182922925,-21.67536761504998
56.0,-22.717896476951786,231.0373118292293,-231.03731182922925,-22.717896476951786
60.0,-23.739007406399633,231.0373118292293,-231.03731182922925,-23.739007406399633
64.0,-23.19112009442574,231.0373118292293,-231.03731182922925,-23.19112009442574
68.0,-20.716812728234054,231.0373118292293,-231.03731182922925,-20.716812728234054
72.0,-18.015041298768235,231.0373118292293,-231.03731182922925,-18.015041298768235
76.0,-14.635204433032307,231.0373118292293,-231.03731182922925,-14.635204433032307
80.0,-20.24598825905412,231.0373118292293,-231.03731182922925,-20.24598825905412
84.0,-28.969635226193162,231.0373118292293,-231.03731182922925,-28.969635226193162
88.0,-39.56850139325641,231.0373118292293,-231.03731182922925,-39.56850139325641
92.0,-51.17891694714955,231.0373118292293,-231.03731182922925,-51.17891694714955
96.0,-53.52100705143321,231.0373118292293,-231.03731182922925,-53.52100705143321
100.0,-55.91185891021833,231.0373118292293,-231.03731182922925,-55.91185891021833
104.0,-56.069534098689864,231.0373118292293,-231.03731182922925,-56.069534098689864
108.0,-55.00885378541718,231.0373118292293,-231.03731182922925,-55.00885378541718
112.0,-52.19889716888524,231.0373118292293,-231.03731182922925,-52.19889716888524
116.0,-48.914485631009185,231.0373118292293,-231.03731182922925,-48.914485631009185
120.0,-45.04226061125442,231.0373118292293,-231.03731182922925,-45.04226061125442
124.0,-41.11933332627608,231.0373118292293,-231.03731182922925,-41.11933332627608
128.0,-37.30255340164611,231.0373118292293,-231.03731182922925,-37.30255340164611
132.0,-33.38744244752207,231.0373118292293,-231.03731182922925,-33.38744244752207
136.0,-29.486183618967694,231.0373118292293,-231.03731182922925,-29.486183618967694
140.0,-34.32732919770475,231.0373118292293,-231.03731182922925,-34.32732919770475
144.0,-42.35277797521025,231.0373118292293,-231.03731182922925,-42.35277797521025
148.0,-52.26224801453551,231.0373118292293,-231.03731182922925,-52.26224801453551
152.0,-63.54294328982786,231.0373118292293,-231.03731182922925,-63.54294328982786
156.0,-70.30302196843675,231.0373118292293,-231.03731182922925,-70.30302196843675
160.0,-77.39202514727572,231.0373118292293,-231.03731182922925,-77.39202514727572
164.0,-83.51140420505341,231.0373118292293,-231.03731182922925,-83.51140420505341
168.0,-85.52618280123055,231.0373118292293,-231.03731182922925,-85.52618280123055
172.0,-74.25247407886228,231.0373118292293,-231.03731182922925,-74.25247407886228
176.0,-62.717349818232236,231.0373118292293,-231.03731182922925,-62.717349818232236
180.0,-47.19921454325514,231.0373118292293,-231.03731182922925,-47.19921454325514
184.0,-30.45790842040668,231.0373118292293,-231.03731182922925,-30.45790842040668
188.0,-12.633898072195707,231.0373118292293,-231.03731182922925,-12.633898072195707
192.0,5.913400895881805,231.0373118292293,-231.03731182922925,5.913400895881805
196.0,24.844838692919467,231.0373118292293,-231.03731182922925,24.844838692919467
200.0,38.96967929169181,231.0373118292293,-231.03731182922925,38.96967929169181
204.0,51.4572330574628,231.0373118292293,-231.03731182922925,51.4572330574628
208.0,62.97000199631177,231.0373118292293,-231.03731182922925,62.97000199631177
212.0,72.74622450852199,231.0373118292293,-231.03731182922925,72.74622450852199
216.0,72.07176517210992,231.0373118292293,-231.03731182922925,72.07176517210992
220.0,70.36626250218093,231.0373118292293,-231.03731182922925,70.36626250218093
224.0,65.8725761698236,231.0373118292293,-231.03731182922925,65.8725761698236
228.0,60.994708020079436,231.0373118292293,-231.03731182922925,60.994708020079436
232.0,58.37329148448565,231.0373118292293,-231.03731182922925,58.37329148448565
236.0,55.12487650767501,231.0373118292293,-231.03731182922925,55.12487650767501
240.0,52.472898350673844,231.0373118292293,-231.03731182922925,52.472898350673844
244.0,49.26567056660489,231.0373118292293,-231.03731182922925,49.26567056660489
248.0,45.46381758470638,231.0373118292293,-231.03731182922925,45.46381758470638
252.0,41.63567125915916,231.0373118292293,-231.03731182922925,41.63567125915916
256.0,37.57946566315271,231.0373118292293,-231.03731182922925,37.57946566315271
260.0,41.46507530815969,231.0373118292293,-231.03731182922925,41.46507530815969
264.0,48.132961499627875,231.0373118292293,-231.03731182922925,48.132961499627875
268.0,56.499765719668616,231.0373118292293,-231.03731182922925,56.499765719668616
272.0,66.0821284759415,231.0373118292293,-231.03731182922925,66.0821284759415
276.0,71.73659637149761,231.0373118292293,-231.03731182922925,71.73659637149761
280.0,77.72404039558626,231.0373118292293,-231.03731182922925,77.72404039558626
284.0,82.83081756124375,231.0373118292293,-231.03731182922925,82.83081756124375
288.0,85.11892461758625,231.0373118292293,-231.03731182922925,85.11892461758625
292.0,78.3707891393041,231.0373118292293,-231.03731182922925,78.3707891393041
296.0,71.43264363675117,231.0373118292293,-231.03731182922925,71.43264363675117
300.0,61.78727356592834,231.46735353919627,-231.46735353919635,61.78727356592834
304.0,128.22863756555248,231.46735353919627,-231.46735353919635,128.22863756555248
308.0,92.48271739057977,231.46735353919627,-231.46735353919635,92.48271739057977
312.0,85.10123084907868,231.46735353919627,-231.46735353919635,85.10123084907868
316.0,57.12316649947853,231.46735353919627,-231.46735353919635,57.12316649947853
320.0,43.140914439418474,231.46735353919627,-231.46735353919635,43.140914439418474
324.0,31.589266623202256,231.46735353919627,-231.46735353919635,31.589266623202256
328.0,20.954416838509044,231.46735353919627,-231.46735353919635,20.954416838509044
332.0,12.569161586955236,231.46735353919627,-231.46735353919635,12.569161586955236
336.0,3.231500019770846,231.46735353919627,-231.46735353919635,3.231500019770846
340.0,-5.331655693941668,231.46735353919627,-231.46735353919635,-5.331655693941668
344.0,-13.993143180505943,231.46735353919627,-231.46735353919635,-13.993143180505943
348.0,-18.9185531013373,231.46735353919627,-231.46735353919635,-18.9185531013373
352.0,-11.013610671890383,231.46735353919627,-231.46735353919635,-11.013610671890383
356.0,-2.920096338473015,231.46735353919627,-231.46735353919635,-2.920096338473015
360.0,9.02388236143439,231.46735353919627,-231.46735353919635,9.02388236143439
364.0,14.860899914025213,231.46735353919627,-231.46735353919635,14.860899914025213
368.0,12.950753200660797,231.46735353919627,-231.46735353919635,12.950753200660797
372.0,10.766333545750786,231.46735353919627,-231.46735353919635,10.766333545750786
376.0,5.781891173953674,231.46735353919627,-231.46735353919635,5.781891173953674
380.0,6.463243952922272,231.46735353919627,-231.46735353919635,6.463243952922272
384.0,8.578863526419992,231.46735353919627,-231.46735353919635,8.578863526419992
388.0,11.616700997298173,231.46735353919627,-231.46735353919635,11.616700997298173
392.0,15.306831078468248,231.46735353919627,-231.46735353919635,15.306831078468248
396.0,14.788500968781367,231.46735353919627,-231.46735353919635,14.788500968781367
400.0,14.37038778473447,231.46735353919627,-231.46735353919635,14.37038778473447
404.0,12.951408685779803,231.46735353919627,-231.46735353919635,12.951408685779803
408.0,10.603562756612876,231.46735353919627,-231.46735353919635,10.603562756612876
412.0,6.085993862583513,231.46735353919627,-231.46735353919635,6.085993862583513
416.0,1.3548386439487483,231.46735353919627,-231.46735353919635,1.3548386439487483
420.0,-4.054896576245767,231.46735353919627,-231.46735353919635,-4.054896576245767
424.0,-0.928002595639922,231.46735353919627,-231.46735353919635,-0.928002595639922
428.0,12.723270818815335,231.46735353919627,-231.46735353919635,12.723270818815335
432.0,27.40530110032916,231.46735353919627,-231.46735353919635,27.40530110032916
436.0,45.90657407518221,231.46735353919627,-231.46735353919635,45.90657407518221
440.0,55.99209693384175,231.46735353919627,-231.46735353919635,55.99209693384175
444.0,63.86437850097042,231.46735353919627,-231.46735353919635,63.86437850097042
448.0,70.33233899232337,231.46735353919627,-231.46735353919635,70.33233899232337
452.0,75.4106147170717,231.46735353919627,-231.46735353919635,75.4106147170717
456.0,81.426411586064,231.46735353919627,-231.46735353919635,81.426411586064
460.0,86.95069244147001,231.46735353919627,-231.46735353919635,86.95069244147001
464.0,92.59528626969336,231.46735353919627,-231.46735353919635,92.59528626969336
468.0,93.19563172911559,231.46735353919627,-231.46735353919635,93.19563172911559
472.0,76.58280622087086,231.46735353919627,-231.46735353919635,76.58280622087086
476.0,59.916283528017885,231.46735353919627,-231.46735353919635,59.916283528017885
480.0,38.07908625548575,231.46735353919627,-231.46735353919635,38.07908625548575
484.0,19.025226612019047,231.46735353919627,-231.46735353919635,19.025226612019047
488.0,3.7731785077831383,231.46735353919627,-231.46735353919635,3.7731785077831383
492.0,-11.831004919512637,231.46735353919627,-231.46735353919635,-11.831004919512637
496.0,-26.08813826499638,231.46735353919627,-231.46735353919635,-26.08813826499638
500.0,-33.28829311051568,231.46735353919627,-231.46735353919635,-33.28829311051568
504.0,-37.84817101510447,231.46735353919627,-231.46735353919635,-37.84817101510447
508.0,-40.84674061720091,231.46735353919627,-231.46735353919635,-40.84674061720091
512.0,-42.32248504613051,231.46735353919627,-231.46735353919635,-42.32248504613051
516.0,-43.532172961387964,231.46735353919627,-231.46735353919635,-43.532172961387964
520.0,-45.13641525128401,231.46735353919627,-231.46735353919635,-45.13641525128401
524.0,-47.29793394537837,231.46735353919627,-231.46735353919635,-47.29793394537837
528.0,-49.36836424973865,231.46735353919627,-231.46735353919635,-49.36836424973865
532.0,-49.64505835282987,231.46735353919627,-231.46735353919635,-49.64505835282987
536.0,-47.48830769618856,231.46735353919627,-231.46735353919635,-47.48830769618856
540.0,-43.38977448204411,231.46735353919627,-231.46735353919635,-43.38977448204411
544.0,-39.47087584134943,231.46735353919627,-231.46735353919635,-39.47087584134943
548.0,-39.451451578384145,231.46735353919627,-231.46735353919635,-39.451451578384145
552.0,-44.08384829837948,231.46735353919627,-231.46735353919635,-44.08384829837948
556.0,-51.640720050298206,231.46735353919627,-231.46735353919635,-51.640720050298206
560.0,-58.64009027521053,231.46735353919627,-231.46735353919635,-58.64009027521053
564.0,-61.63804563428057,231.46735353919627,-231.46735353919635,-61.63804563428057
568.0,-60.060228968663495,231.46735353919627,-231.46735353919635,-60.060228968663495
572.0,-56.497526725615266,231.46735353919627,-231.46735353919635,-56.497526725615266
576.0,-53.62726967748923,231.46735353919627,-231.46735353919635,-53.62726967748923
580.0,-53.481298557236826,231.46735353919627,-231.46735353919635,-53.481298557236826
584.0,-56.15113551815788,231.46735353919627,-231.46735353919635,-56.15113551815788
588.0,-59.20904700750253,231.46735353919627,-231.46735353919635,-59.20904700750253
592.0,-57.489879103489535,231.46735353919627,-231.46735353919635,-57.489879103489535
596.0,-48.97504408246,231.46735353919627,-231.46735353919635,-48.97504408246
600.0,-34.95166842201377,237.09619173544462,-237.09619173544465,-34.95166842201377
604.0,-23.919290311212794,237.09619173544462,-237.09619173544465,-23.919290311212794
608.0,-16.31404404398558,237.09619173544462,-237.09619173544465,-16.31404404398558
612.0,-12.955054068604992,237.09619173544462,-237.09619173544465,-12.955054068604992
616.0,-12.341807513341442,237.09619173544462,-237.09619173544465,-12.341807513341442
620.0,-14.088388887106737,237.09619173544462,-237.09619173544465,-14.088388887106737
624.0,-19.89473562401679,237.09619173544462,-237.09619173544465,-19.89473562401679
628.0,-29.165455832415905,237.09619173544462,-237.09619173544465,-29.165455832415905
632.0,-40.352213587415626,237.09619173544462,-237.09619173544465,-40.352213587415626
636.0,-54.86052098649796,237.09619173544462,-237.09619173544465,-54.86052098649796
640.0,-73.79021730566377,237.09619173544462,-237.09619173544465,-73.79021730566377
644.0,-96.545699962525,237.09619173544462,-237.09619173544465,-96.545699962525
648.0,-120.66068540406096,237.09619173544462,-237.09619173544465,-120.66068540406096
652.0,-138.8464273880711,237.09619173544462,-237.09619173544465,-138.8464273880711
656.0,-152.2101878164701,237.09619173544462,-237.09619173544465,-152.2101878164701
660.0,-161.83806909688076,237.09619173544462,-237.09619173544465,-161.83806909688076
664.0,-169.60955294190893,237.09619173544462,-237.09619173544465,-169.60955294190893
668.0,-175.44105010477656,237.09619173544462,-237.09619173544465,-175.44105010477656
672.0,-179.91290499344274,237.09619173544462,-237.09619173544465,-179.91290499344274
676.0,-183.500481962523,237.09619173544462,-237.09619173544465,-183.500481962523
680.0,-182.58486221125554,237.09619173544462,-237.09619173544465,-182.58486221125554
684.0,-170.7582026996535,237.09619173544462,-237.09619173544465,-170.7582026996535
688.0,-148.18195493714782,237.09619173544462,-237.09619173544465,-148.18195493714782
692.0,-120.35946282155344,237.09619173544462,-237.09619173544465,-120.35946282155344
696.0,-89.59496568334792,237.09619173544462,-237.09619173544465,-89.59496568334792
700.0,-57.52156276644354,237.09619173544462,-237.09619173544465,-57.52156276644354
704.0,-25.01787040588921,237.09619173544462,-237.09619173544465,-25.01787040588921
708.0,7.280776318916023,237.09619173544462,-237.09619173544465,7.280776318916023
712.0,30.98808551648412,237.09619173544462,-237.09619173544465,30.98808551648412
716.0,43.61465192823605,237.09619173544462,-237.09619173544465,43.61465192823605
720.0,47.390956746865065,237.09619173544462,-237.09619173544465,47.390956746865065
724.0,47.940206276477184,237.09619173544462,-237.09619173544465,47.940206276477184
728.0,46.12215464546958,237.09619173544462,-237.09619173544465,46.12215464546958
732.0,43.70261689955636,237.09619173544462,-237.09619173544465,43.70261689955636
736.0,40.740218390443,237.09619173544462,-237.09619173544465,40.740218390443
740.0,36.47796069819814,237.09619173544462,-237.09619173544465,36.47796069819814
744.0,29.65179255378589,237.09619173544462,-237.09619173544465,29.65179255378589
748.0,20.315713851440538,237.09619173544462,-237.09619173544465,20.315713851440538
752.0,9.855643026277434,237.09619173544462,-237.09619173544465,9.855643026277434
756.0,2.622092841497515,237.09619173544462,-237.09619173544465,2.622092841497515
760.0,1.7883446235215785,237.09619173544462,-237.09619173544465,1.7883446235215785
764.0,7.044159196280492,237.09619173544462,-237.09619173544465,7.044159196280492
768.0,14.533575219715628,237.09619173544462,-237.09619173544465,14.533575219715628
772.0,23.528406597961744,237.09619173544462,-237.09619173544465,23.528406597961744
776.0,32.87855251751474,237.09619173544462,-237.09619173544465,32.87855251751474
780.0,42.37319144564395,237.09619173544462,-237.09619173544465,42.37319144564395
784.0,52.07243244610732,237.09619173544462,-237.09619173544465,52.07243244610732
788.0,61.521678302318904,237.09619173544462,-237.09619173544465,61.521678302318904
792.0,70.67689883305765,237.09619173544462,-237.09619173544465,70.67689883305765
796.0,79.62502896703178,237.09619173544462,-237.09619173544465,79.62502896703178
800.0,86.65086389958212,237.09619173544462,-237.09619173544465,86.65086389958212
804.0,88.57757282564944,237.09619173544462,-237.09619173544465,88.57757282564944
808.0,85.51486265782476,237.09619173544462,-237.09619173544465,85.51486265782476
812.0,80.05363450925034,237.09619173544462,-237.09619173544465,80.05363450925034
816.0,74.2728949157619,237.09619173544462,-237.09619173544465,74.2728949157619
820.0,69.64501525018841,237.09619173544462,-237.09619173544465,69.64501525018841
824.0,66.48864135123408,237.09619173544462,-237.09619173544465,66.48864135123408
828.0,63.949073197886776,237.09619173544462,-237.09619173544465,63.949073197886776
832.0,64.65618208162556,237.09619173544462,-237.09619173544465,64.65618208162556
836.0,69.14755450944061,237.09619173544462,-237.09619173544465,69.14755450944061
840.0,76.64311234449337,237.09619173544462,-237.09619173544465,76.64311234449337
844.0,84.84670959523109,237.09619173544462,-237.09619173544465,84.84670959523109
848.0,91.67356106504782,237.09619173544462,-237.09619173544465,91.67356106504782
852.0,96.35577510282107,237.09619173544462,-237.09619173544465,96.35577510282107
856.0,99.74745479391196,237.09619173544462,-237.09619173544465,99.74745479391196
860.0,102.10278602505076,237.09619173544462,-237.09619173544465,102.10278602505076
864.0,102.76455648872896,237.09619173544462,-237.09619173544465,102.76455648872896
868.0,102.01227237624859,237.09619173544462,-237.09619173544465,102.01227237624859
872.0,100.47379425925666,237.09619173544462,-237.09619173544465,100.47379425925666
876.0,98.27526656413525,237.09619173544462,-237.09619173544465,98.27526656413525
880.0,95.4495824820352,237.09619173544462,-237.09619173544465,95.4495824820352
884.0,92.15529905791094,237.09619173544462,-237.09619173544465,92.15529905791094
888.0,88.61051418289061,237.09619173544462,-237.09619173544465,88.61051418289061
892.0,84.78117275894105,237.09619173544462,-237.09619173544465,84.78117275894105
896.0,80.69659380936454,237.09619173544462,-237.09619173544465,80.69659380936454
900.0,76.43866684280913,241.29945035914037,-241.29945035914022,76.43866684280913
904.0,69.41954638141831,241.29945035914037,-241.29945035914022,69.41954638141831
908.0,63.88203410696063,241.29945035914037,-241.29945035914022,63.88203410696063
912.0,60.377159616898304,241.29945035914037,-241.29945035914022,60.377159616898304
916.0,58.255455000347126,241.29945035914037,-241.29945035914022,58.255455000347126
920.0,54.23733039635543,241.29945035914037,-241.29945035914022,54.23733039635543
924.0,44.13440093078671,241.29945035914037,-241.29945035914022,44.13440093078671
928.0,27.734032710463584,241.29945035914037,-241.29945035914022,27.734032710463584
932.0,8.317356858867594,241.29945035914037,-241.29945035914022,8.317356858867594
936.0,-13.804506311470577,241.29945035914037,-241.29945035914022,-13.804506311470577
940.0,-38.542314580761975,241.29945035914037,-241.29945035914022,-38.542314580761975
944.0,-65.16369582482575,241.29945035914037,-241.29945035914022,-65.16369582482575
948.0,-92.10448158541908,241.29945035914037,-241.29945035914022,-92.10448158541908
952.0,-109.38456452563182,241.29945035914037,-241.29945035914022,-109.38456452563182
956.0,-116.57475701380208,241.29945035914037,-241.29945035914022,-116.57475701380208
960.0,-115.79568699022134,241.29945035914037,-241.29945035914022,-115.79568699022134
964.0,-112.77509492852332,241.29945035914037,-241.29945035914022,-112.77509492852332
968.0,-112.23254610520894,241.29945035914037,-241.29945035914022,-112.23254610520894
972.0,-116.05820700981778,241.29945035914037,-241.29945035914022,-116.05820700981778
976.0,-122.55360396052062,241.29945035914037,-241.29945035914022,-122.55360396052062
980.0,-128.19861612684429,241.29945035914037,-241.29945035914022,-128.19861612684429
984.0,-129.63168937070685,241.29945035914037,-241.29945035914022,-129.63168937070685
988.0,-126.2639840243001,241.29945035914037,-241.29945035914022,-126.2639840243001
992.0,-120.7051665578415,241.29945035914037,-241.29945035914022,-120.7051665578415
996.0,-112.25947982680783,241.29945035914037,-241.29945035914022,-112.25947982680783
1000.0,-100.40682506191692,241.29945035914037,-241.29945035914022,-100.40682506191692
1004.0,-85.80115449616879,241.29945035914037,-241.29945035914022,-85.80115449616879
1008.0,-70.13781733388659,241.29945035914037,-241.29945035914022,-70.13781733388659
1012.0,-55.756843256875996,241.29945035914037,-241.29945035914022,-55.756843256875996
1016.0,-43.7202757460366,241.29945035914037,-241.29945035914022,-43.7202757460366
1020.0,-33.64765742651865,241.29945035914037,-241.29945035914022,-33.64765742651865
1024.0,-24.02374010032649,241.29945035914037,-241.29945035914022,-24.02374010032649
1028.0,-14.076106919087007,241.29945035914037,-241.29945035914022,-14.076106919087007
1032.0,-3.3273944155199535,241.29945035914037,-241.29945035914022,-3.3273944155199535
1036.0,7.874227769204202,241.29945035914037,-241.29945035914022,7.874227769204202
1040.0,17.52893691403796,241.29945035914037,-241.29945035914022,17.52893691403796
1044.0,22.823910415460116,241.29945035914037,-241.29945035914022,22.823910415460116
1048.0,23.68944390891948,241.29945035914037,-241.29945035914022,23.68944390891948
1052.0,22.450701031126467,241.29945035914037,-241.29945035914022,22.450701031126467
1056.0,20.479386873273164,241.29945035914037,-241.29945035914022,20.479386873273164
1060.0,18.811625139725045,241.29945035914037,-241.29945035914022,18.811625139725045
1064.0,17.73516714830445,241.29945035914037,-241.29945035914022,17.73516714830445
1068.0,16.86666820434806,241.29945035914037,-241.29945035914022,16.86666820434806
1072.0,17.94653725628954,241.29945035914037,-241.29945035914022,17.94653725628954
1076.0,21.382169745158482,241.29945035914037,-241.29945035914022,21.382169745158482
1080.0,26.693005675340014,241.29945035914037,-241.29945035914022,26.693005675340014
1084.0,32.649191297646915,241.29945035914037,-241.29945035914022,32.649191297646915
1088.0,38.833445274371556,241.29945035914037,-241.29945035914022,38.833445274371556
1092.0,44.83576717663067,241.29945035914037,-241.29945035914022,44.83576717663067
1096.0,50.77301299235607,241.29945035914037,-241.29945035914022,50.77301299235607
1100.0,56.75095404236929,241.29945035914037,-241.29945035914022,56.75095404236929
1104.0,62.841099545020306,241.29945035914037,-241.29945035914022,62.841099545020306
1108.0,69.07152896636532,241.29945035914037,-241.29945035914022,69.07152896636532
1112.0,75.36017098052629,241.29945035914037,-241.29945035914022,75.36017098052629
1116.0,81.99330446615201,241.29945035914037,-241.29945035914022,81.99330446615201
1120.0,89.17656505266255,241.29945035914037,-241.29945035914022,89.17656505266255
1124.0,96.83518128341288,241.29945035914037,-241.29945035914022,96.83518128341288
1128.0,104.29004843544645,241.29945035914037,-241.29945035914022,104.29004843544645
1132.0,107.75436706751869,241.29945035914037,-241.29945035914022,107.75436706751869
1136.0,105.98686069756458,241.29945035914037,-241.29945035914022,105.98686069756458
1140.0,100.01186962976337,241.29945035914037,-241.29945035914022,100.01186962976337
1144.0,93.67929416603081,241.29945035914037,-241.29945035914022,93.67929416603081
1148.0,91.89952443715762,241.29945035914037,-241.29945035914022,91.89952443715762
1152.0,96.00595858194761,241.29945035914037,-241.29945035914022,96.00595858194761
1156.0,103.7628738713062,241.29945035914037,-241.29945035914022,103.7628738713062
1160.0,109.104027273607,241.29945035914037,-241.29945035914022,109.104027273607
1164.0,104.9951590280982,241.29945035914037,-241.29945035914022,104.9951590280982
1168.0,90.7452895234286,241.29945035914037,-241.29945035914022,90.7452895234286
1172.0,71.87964771836936,241.29945035914037,-241.29945035914022,71.87964771836936
1176.0,52.65833457733682,241.29945035914037,-241.29945035914022,52.65833457733682
1180.0,36.25632289477358,241.29945035914037,-241.29945035914022,36.25632289477358
1184.0,23.184784340510497,241.29945035914037,-241.29945035914022,23.184784340510497
1188.0,11.48518472157166,241.29945035914037,-241.29945035914022,11.48518472157166
1192.0,6.089769754325786,241.29945035914037,-241.29945035914022,6.089769754325786
1196.0,7.905674120942615,241.29945035914037,-241.29945035914022,7.905674120942615
1200.0,15.428308090613715,242.69510187947566,-242.69510187947571,15.428308090613715
1204.0,28.498421147412323,242.69510187947566,-242.69510187947571,28.498421147412323
1208.0,23.054703636476546,242.69510187947566,-242.69510187947571,23.054703636476546
1212.0,20.895511826949637,242.69510187947566,-242.69510187947571,20.895511826949637
1216.0,14.312152073310347,242.69510187947566,-242.69510187947571,14.312152073310347
1220.0,9.472507318122574,242.69510187947566,-242.69510187947571,9.472507318122574
1224.0,4.613563712093416,242.69510187947566,-242.69510187947571,4.613563712093416
1228.0,-0.3540044625237774,242.69510187947566,-242.69510187947571,-0.3540044625237774
1232.0,-4.18418865728716,242.69510187947566,-242.69510187947571,-4.18418865728716
1236.0,3.6628482108088765,242.69510187947566,-242.69510187947571,3.6628482108088765
1240.0,12.376751184256465,242.69510187947566,-242.69510187947571,12.376751184256465
1244.0,24.101909321478836,242.69510187947566,-242.69510187947571,24.101909321478836
1248.0,31.725812301280452,242.69510187947566,-242.69510187947571,31.725812301280452
1252.0,22.375945091085796,242.69510187947566,-242.69510187947571,22.375945091085796
1256.0,14.08820458173578,242.69510187947566,-242.69510187947571,14.08820458173578
1260.0,0.7591764592544841,242.69510187947566,-242.69510187947571,0.7591764592544841
1264.0,-9.166300229940797,242.69510187947566,-242.69510187947571,-9.166300229940797
1268.0,-14.899708879522239,242.69510187947566,-242.69510187947571,-14.899708879522239
1272.0,-20.767074189368927,242.69510187947566,-242.69510187947571,-20.767074189368927
1276.0,-25.078278988881358,242.69510187947566,-242.69510187947571,-25.078278988881358
1280.0,-24.702032977530326,242.69510187947566,-242.69510187947571,-24.702032977530326
1284.0,-22.28070059423767,242.69510187947566,-242.69510187947571,-22.28070059423767
1288.0,-18.67717242693369,242.69510187947566,-242.69510187947571,-18.67717242693369
1292.0,-14.901639156169239,242.69510187947566,-242.69510187947571,-14.901639156169239
1296.0,-22.04622376947824,242.69510187947566,-242.69510187947571,-22.04622376947824
1300.0,-29.55107008258556,242.69510187947566,-242.69510187947571,-29.55107008258556
1304.0,-39.76552678708034,242.69510187947566,-242.69510187947571,-39.76552678708034
1308.0,-47.84046133645788,242.69510187947566,-242.69510187947571,-47.84046133645788
1312.0,-45.18836681591078,242.69510187947566,-242.69510187947571,-45.18836681591078
1316.0,-43.082703585219825,242.69510187947566,-242.69510187947571,-43.082703585219825
1320.0,-37.848726908297834,242.69510187947566,-242.69510187947571,-37.848726908297834
1324.0,-31.089772157032602,242.69510187947566,-242.69510187947571,-31.089772157032602
1328.0,-22.622075027573572,242.69510187947566,-242.69510187947571,-22.622075027573572
1332.0,-13.529210390674374,242.69510187947566,-242.69510187947571,-13.529210390674374
1336.0,-3.820391318514453,242.69510187947566,-242.69510187947571,-3.820391318514453
1340.0,-6.200853466007868,242.69510187947566,-242.69510187947571,-6.200853466007868
1344.0,-12.863090603381586,242.69510187947566,-242.69510187947571,-12.863090603381586
1348.0,-22.042166909920383,242.69510187947566,-242.69510187947571,-22.042166909920383
1352.0,-32.21788068756642,242.69510187947566,-242.69510187947571,-32.21788068756642
1356.0,-24.618215567292694,242.69510187947566,-242.69510187947571,-24.618215567292694
1360.0,-16.706887169566638,242.69510187947566,-242.69510187947571,-16.706887169566638
1364.0,-4.41538192232072,242.69510187947566,-242.69510187947571,-4.41538192232072
1368.0,6.388527549397514,242.69510187947566,-242.69510187947571,6.388527549397514
1372.0,7.006057936190762,242.69510187947566,-242.69510187947571,7.006057936190762
1376.0,8.561369488045495,242.69510187947566,-242.69510187947571,8.561369488045495
1380.0,7.151766333052874,242.69510187947566,-242.69510187947571,7.151766333052874
1384.0,5.538835587020564,242.69510187947566,-242.69510187947571,5.538835587020564
1388.0,3.67655410043724,242.69510187947566,-242.69510187947571,3.67655410043724
1392.0,1.4162245953197383,242.69510187947566,-242.69510187947571,1.4162245953197383
1396.0,-0.9003486753320421,242.69510187947566,-242.69510187947571,-0.9003486753320421
1400.0,1.5417184413052023,242.69510187947566,-242.69510187947571,1.5417184413052023
1404.0,5.710355291758127,242.69510187947566,-242.69510187947571,5.710355291758127
1408.0,10.88427105467499,242.69510187947566,-242.69510187947571,10.88427105467499
1412.0,16.290591697963425,242.69510187947566,-242.69510187947571,16.290591697963425
1416.0,12.724290943249766,242.69510187947566,-242.69510187947571,12.724290943249766
1420.0,8.923818624606875,242.69510187947566,-242.69510187947571,8.923818624606875
1424.0,2.8808483657816146,242.69510187947566,-242.69510187947571,2.8808483657816146
1428.0,-2.922589518702795,242.69510187947566,-242.69510187947571,-2.922589518702795
1432.0,-5.243202567385133,242.69510187947566,-242.69510187947571,-5.243202567385133
1436.0,-8.022290873595605,242.69510187947566,-242.69510187947571,-8.022290873595605
1440.0,-9.82235619546491,242.69510187947566,-242.69510187947571,-9.82235619546491
1444.0,-8.547522966671767,242.69510187947566,-242.69510187947571,-8.547522966671767
1448.0,-3.4984032407848455,242.69510187947566,-242.69510187947571,-3.4984032407848455
1452.0,2.0793403213706987,242.69510187947566,-242.69510187947571,2.0793403213706987
1456.0,9.009237775175476,242.69510187947566,-242.69510187947571,9.009237775175476
1460.0,12.82708210068664,242.69510187947566,-242.69510187947571,12.82708210068664
1464.0,15.816161049497948,242.69510187947566,-242.69510187947571,15.816161049497948
1468.0,18.30693967485561,242.69510187947566,-242.69510187947571,18.30693967485561
1472.0,20.68293514231482,242.69510187947566,-242.69510187947571,20.68293514231482
1476.0,28.994369500241458,242.69510187947566,-242.69510187947571,28.994369500241458
1480.0,37.45823352024911,242.69510187947566,-242.69510187947571,37.45823352024911
1484.0,47.43135925784079,242.69510187947566,-242.69510187947571,47.43135925784079
1488.0,57.05729803705945,242.69510187947566,-242.69510187947571,57.05729803705945
1492.0,63.74800365128293,242.69510187947566,-242.69510187947571,63.74800365128293
1496.0,70.75471903703934,242.69510187947566,-242.69510187947571,70.75471903703934
1500.0,76.89617914876831,243.54093841757404,-243.54093841757393,76.89617914876831
1504.0,78.61860127015123,243.54093841757404,-243.54093841757393,78.61860127015123
1508.0,75.51779086086815,243.54093841757404,-243.54093841757393,75.51779086086815
1512.0,71.63029467912851,243.54093841757404,-243.54093841757393,71.63029467912851
1516.0,65.94387877095181,243.54093841757404,-243.54093841757393,65.94387877095181
1520.0,53.410720309530504,243.54093841757404,-243.54093841757393,53.410720309530504
1524.0,38.05449469136659,243.54093841757404,-243.54093841757393,38.05449469136659
1528.0,21.02845227495172,243.54093841757404,-243.54093841757393,21.02845227495172
1532.0,3.343625499285437,243.54093841757404,-243.54093841757393,3.343625499285437
1536.0,-4.182542865482839,243.54093841757404,-243.54093841757393,-4.182542865482839
1540.0,-11.631042961440837,243.54093841757404,-243.54093841757393,-11.631042961440837
1544.0,-16.582375880190018,243.54093841757404,-243.54093841757393,-16.582375880190018
1548.0,-19.822209103768255,243.54093841757404,-243.54093841757393,-19.822209103768255
1552.0,-19.486569819558305,243.54093841757404,-243.54093841757393,-19.486569819558305
1556.0,-18.333708385888936,243.54093841757404,-243.54093841757393,-18.333708385888936
1560.0,-16.070723241817426,243.54093841757404,-243.54093841757393,-16.070723241817426
1564.0,-10.006906571187793,243.54093841757404,-243.54093841757393,-10.006906571187793
1568.0,0.36794049953703006,243.54093841757404,-243.54093841757393,0.36794049953703006
1572.0,11.458170690048528,243.54093841757404,-243.54093841757393,11.458170690048528
1576.0,24.08629706713661,243.54093841757404,-243.54093841757393,24.08629706713661
1580.0,35.8717446705766,243.54093841757404,-243.54093841757393,35.8717446705766
1584.0,47.68903306452081,243.54093841757404,-243.54093841757393,47.68903306452081
1588.0,59.51321042659604,243.54093841757404,-243.54093841757393,59.51321042659604
1592.0,71.796294020841,243.54093841757404,-243.54093841757393,71.796294020841
1596.0,91.45128679066683,243.54093841757404,-243.54093841757393,91.45128679066683
1600.0,111.5487561377677,243.54093841757404,-243.54093841757393,111.5487561377677
1604.0,133.56017372778578,243.54093841757404,-243.54093841757393,133.56017372778578
1608.0,147.57629277317614,243.54093841757404,-243.54093841757393,147.57629277317614
1612.0,131.7841074769072,243.54093841757404,-243.54093841757393,131.7841074769072
1616.0,116.34986861506624,243.54093841757404,-243.54093841757393,116.34986861506624
1620.0,91.98062745080098,243.54093841757404,-243.54093841757393,91.98062745080098
1624.0,73.407970298492,243.54093841757404,-243.54093841757393,73.407970298492
1628.0,62.4796186366549,243.54093841757404,-243.54093841757393,62.4796186366549
1632.0,51.129175672726134,243.54093841757404,-243.54093841757393,51.129175672726134
1636.0,42.57491128418083,243.54093841757404,-243.54093841757393,42.57491128418083
1640.0,30.08357620194289,243.54093841757404,-243.54093841757393,30.08357620194289
1644.0,16.821954113002427,243.54093841757404,-243.54093841757393,16.821954113002427
1648.0,2.97436033758774,243.54093841757404,-243.54093841757393,2.97436033758774
1652.0,-10.949737174444483,243.54093841757404,-243.54093841757393,-10.949737174444483
1656.0,-17.986718519277183,243.54093841757404,-243.54093841757393,-17.986718519277183
1660.0,-24.77597160542943,243.54093841757404,-243.54093841757393,-24.77597160542943
1664.0,-29.822564323350697,243.54093841757404,-243.54093841757393,-29.822564323350697
1668.0,-30.20517249306319,243.54093841757404,-243.54093841757393,-30.20517249306319
1672.0,-16.45098106356649,243.54093841757404,-243.54093841757393,-16.45098106356649
1676.0,-2.2229257310778108,243.54093841757404,-243.54093841757393,-2.2229257310778108
1680.0,16.284323462087393,243.54093841757404,-243.54093841757393,16.284323462087393
1684.0,23.786127308805575,243.54093841757404,-243.54093841757393,23.786127308805575
1688.0,17.636582394973082,243.54093841757404,-243.54093841757393,17.636582394973082
1692.0,10.632234246007869,243.54093841757404,-243.54093841757393,10.632234246007869
1696.0,-1.3478486023721772,243.54093841757404,-243.54093841757393,-1.3478486023721772
1700.0,-12.64835625878974,243.54093841757404,-243.54093841757393,-12.64835625878974
1704.0,-24.81350502524231,243.54093841757404,-243.54093841757393,-24.81350502524231
1708.0,-37.33211624694985,243.54093841757404,-243.54093841757393,-37.33211624694985
1712.0,-49.581895165420924,243.54093841757404,-243.54093841757393,-49.581895165420924
1716.0,-56.72222809329589,243.54093841757404,-243.54093841757393,-56.72222809329589
1720.0,-63.587090155444756,243.54093841757404,-243.54093841757393,-63.587090155444756
1724.0,-69.1542475104656,243.54093841757404,-243.54093841757393,-69.1542475104656
1728.0,-74.5314711924446,243.54093841757404,-243.54093841757393,-74.5314711924446
1732.0,-80.89839622638597,243.54093841757404,-243.54093841757393,-80.89839622638597
1736.0,-86.98286643881545,243.54093841757404,-243.54093841757393,-86.98286643881545
1740.0,-93.29769077862028,243.54093841757404,-243.54093841757393,-93.29769077862028
1744.0,-94.67075446455522,243.54093841757404,-243.54093841757393,-94.67075446455522
1748.0,-90.08061500496616,243.54093841757404,-243.54093841757393,-90.08061500496616
1752.0,-84.8391734152593,243.54093841757404,-243.54093841757393,-84.8391734152593
1756.0,-77.42938183797186,243.54093841757404,-243.54093841757393,-77.42938183797186
1760.0,-70.68083559512218,243.54093841757404,-243.54093841757393,-70.68083559512218
1764.0,-63.72396463091597,243.54093841757404,-243.54093841757393,-63.72396463091597
1768.0,-56.67362797456727,243.54093841757404,-243.54093841757393,-56.67362797456727
1772.0,-49.779587745979704,243.54093841757404,-243.54093841757393,-49.779587745979704
1776.0,-44.527641944840305,243.54093841757404,-243.54093841757393,-44.527641944840305
1780.0,-39.40571132937241,243.54093841757404,-243.54093841757393,-39.40571132937241
1784.0,-34.698223397537134,243.54093841757404,-243.54093841757393,-34.698223397537134
1788.0,-27.94036125331006,243.54093841757404,-243.54093841757393,-27.94036125331006
1792.0,-13.592446814732314,243.54093841757404,-243.54093841757393,-13.592446814732314
1796.0,0.6919169843336789,243.54093841757404,-243.54093841757393,0.6919169843336789
1800.0,17.23213530170294,244.19436719691615,-244.19436719691618,17.23213530170294
1804.0,28.375503529965783,244.19436719691615,-244.19436719691618,28.375503529965783
1808.0,33.30133867279715,244.19436719691615,-244.19436719691618,33.30133867279715
1812.0,37.760924456841636,244.19436719691615,-244.19436719691618,37.760924456841636
1816.0,39.89993882095627,244.19436719691615,-244.19436719691618,39.89993882095627
1820.0,37.45627804128755,244.19436719691615,-244.19436719691618,37.45627804128755
1824.0,32.857712162670815,244.19436719691615,-244.19436719691618,32.857712162670815
1828.0,27.04514826605844,244.19436719691615,-244.19436719691618,27.04514826605844
1832.0,19.508712550559075,244.19436719691615,-244.19436719691618,19.508712550559075
1836.0,2.915003144649506,244.19436719691615,-244.19436719691618,2.915003144649506
1840.0,-14.655871554200248,244.19436719691615,-244.19436719691618,-14.655871554200248
1844.0,-34.73017501210569,244.19436719691615,-244.19436719691618,-34.73017501210569
1848.0,-50.07665314513292,244.19436719691615,-244.19436719691618,-50.07665314513292
1852.0,-45.300556839199665,244.19436719691615,-244.19436719691618,-45.300556839199665
1856.0,-40.764858380146364,244.19436719691615,-244.19436719691618,-40.764858380146364
1860.0,-30.32875861418119,244.19436719691615,-244.19436719691618,-30.32875861418119
1864.0,-23.798722323092655,244.19436719691615,-244.19436719691618,-23.798722323092655
1868.0,-22.446983267482402,244.19436719691615,-244.19436719691618,-22.446983267482402
1872.0,-20.825340405162397,244.19436719691615,-244.19436719691618,-20.825340405162397
1876.0,-21.084934412319114,244.19436719691615,-244.19436719691618,-21.084934412319114
1880.0,-12.547848856760158,244.19436719691615,-244.19436719691618,-12.547848856760158
1884.0,-1.2312565178134074,244.19436719691615,-244.19436719691618,-1.2312565178134074
1888.0,11.766514442293177,244.19436719691615,-244.19436719691618,11.766514442293177
1892.0,26.182296644546387,244.19436719691615,-244.19436719691618,26.182296644546387
1896.0,38.691138471267664,244.19436719691615,-244.19436719691618,38.691138471267664
1900.0,51.692142614388146,244.19436719691615,-244.19436719691618,51.692142614388146
1904.0,64.34094071478795,244.19436719691615,-244.19436719691618,64.34094071478795
1908.0,71.90539396463727,244.19436719691615,-244.19436719691618,71.90539396463727
1912.0,62.00953742100007,244.19436719691615,-244.19436719691618,62.00953742100007
1916.0,52.02885634602361,244.19436719691615,-244.19436719691618,52.02885634602361
1920.0,36.79244038111155,244.19436719691615,-244.19436719691618,36.79244038111155
1924.0,22.694869101207665,244.19436719691615,-244.19436719691618,22.694869101207665
1928.0,10.427002230897015,244.19436719691615,-244.19436719691618,10.427002230897015
1932.0,-2.4202816937924925,244.19436719691615,-244.19436719691618,-2.4202816937924925
1936.0,-14.61151781572863,244.19436719691615,-244.19436719691618,-14.61151781572863
1940.0,-24.648937225165295,244.19436719691615,-244.19436719691618,-24.648937225165295
1944.0,-33.70981401488543,244.19436719691615,-244.19436719691618,-33.70981401488543
1948.0,-42.24483731100853,244.19436719691615,-244.19436719691618,-42.24483731100853
1952.0,-49.57545918090942,244.19436719691615,-244.19436719691618,-49.57545918090942
1956.0,-47.26753209919244,244.19436719691615,-244.19436719691618,-47.26753209919244
1960.0,-44.10676586202686,244.19436719691615,-244.19436719691618,-44.10676586202686
1964.0,-38.424948983316085,244.19436719691615,-244.19436719691618,-38.424948983316085
1968.0,-33.65116302327616,244.19436719691615,-244.19436719691618,-33.65116302327616
1972.0,-35.329881051468945,244.19436719691615,-244.19436719691618,-35.329881051468945
1976.0,-36.48591587627303,244.19436719691615,-244.19436719691618,-36.48591587627303
1980.0,-39.46648046533311,244.19436719691615,-244.19436719691618,-39.46648046533311
1984.0,-40.77285577347752,244.19436719691615,-244.19436719691618,-40.77285577347752
1988.0,-39.982630769639336,244.19436719691615,-244.19436719691618,-39.982630769639336
1992.0,-39.20144027323155,244.19436719691615,-244.19436719691618,-39.20144027323155
1996.0,-37.637555393100094,244.19436719691615,-244.19436719691618,-37.637555393100094
2000.0,-32.08124876489363,244.19436719691615,-244.19436719691618,-32.08124876489363
2004.0,-24.91069058583481,244.19436719691615,-244.19436719691618,-24.91069058583481
2008.0,-16.802801582653508,244.19436719691615,-244.19436719691618,-16.802801582653508
2012.0,-7.820024127118681,244.19436719691615,-244.19436719691618,-7.820024127118681
2016.0,1.9024499049061183,244.19436719691615,-244.19436719691618,1.9024499049061183
2020.0,11.983487227151219,244.19436719691615,-244.19436719691618,11.983487227151219
2024.0,22.3056896228882,244.19436719691615,-244.19436719691618,22.3056896228882
2028.0,31.545519879977235,244.19436719691615,-244.19436719691618,31.545519879977235
2032.0,36.51952438032924,244.19436719691615,-244.19436719691618,36.51952438032924
2036.0,41.54560968511375,244.19436719691615,-244.19436719691618,41.54560968511375
2040.0,45.30050753955917,244.19436719691615,-244.19436719691618,45.30050753955917
2044.0,45.95758513396221,244.19436719691615,-244.19436719691618,45.95758513396221
2048.0,42.98517233347735,244.19436719691615,-244.19436719691618,42.98517233347735
2052.0,39.42481047399113,244.19436719691615,-244.19436719691618,39.42481047399113
2056.0,34.53636052006122,244.19436719691615,-244.19436719691618,34.53636052006122
2060.0,28.703660938167484,244.19436719691615,-244.19436719691618,28.703660938167484
2064.0,22.268194610931875,244.19436719691615,-244.19436719691618,22.268194610931875
2068.0,15.471789005569809,244.19436719691615,-244.19436719691618,15.471789005569809
2072.0,8.675539095856912,244.19436719691615,-244.19436719691618,8.675539095856912
2076.0,4.98973682841875,244.19436719691615,-244.19436719691618,4.98973682841875
2080.0,1.4103657804448015,244.19436719691615,-244.19436719691618,1.4103657804448015
2084.0,-1.4022494609225369,244.19436719691615,-244.19436719691618,-1.4022494609225369
2088.0,-3.7193831725854274,244.19436719691615,-244.19436719691618,-3.7193831725854274
2092.0,-5.218968155464284,244.19436719691615,-244.19436719691618,-5.218968155464284
2096.0,-6.54168389792612,244.19436719691615,-244.19436719691618,-6.54168389792612
2100.0,-7.579306777357561,252.03108147455055,-252.03108147455038,-7.579306777357561
2104.0,-10.047596996889162,252.03108147455055,-252.03108147455038,-10.047596996889162
2108.0,-9.497937346965744,252.03108147455055,-252.03108147455038,-9.497937346965744
2112.0,-9.906914652854644,252.03108147455055,-252.03108147455038,-9.906914652854644
2116.0,-9.588463614143862,252.03108147455055,-252.03108147455038,-9.588463614143862
2120.0,-7.683527033387552,252.03108147455055,-252.03108147455038,-7.683527033387552
2124.0,-5.063164219483136,252.03108147455055,-252.03108147455038,-5.063164219483136
2128.0,-2.039882994811141,252.03108147455055,-252.03108147455038,-2.039882994811141
2132.0,0.7127413096593068,252.03108147455055,-252.03108147455038,0.7127413096593068
2136.0,-4.48833615933595,252.03108147455055,-252.03108147455038,-4.48833615933595
2140.0,-10.092533231254102,252.03108147455055,-252.03108147455038,-10.092533231254102
2144.0,-17.727053820313728,252.03108147455055,-252.03108147455038,-17.727053820313728
2148.0,-26.569645522971996,252.03108147455055,-252.03108147455038,-26.569645522971996
2152.0,-31.211664698739476,252.03108147455055,-252.03108147455038,-31.211664698739476
2156.0,-33.88303242652695,252.03108147455055,-252.03108147455038,-33.88303242652695
2160.0,-35.51002472137951,252.03108147455055,-252.03108147455038,-35.51002472137951
2164.0,-35.80701706278328,252.03108147455055,-252.03108147455038,-35.80701706278328
2168.0,-35.19291587393708,252.03108147455055,-252.03108147455038,-35.19291587393708
2172.0,-34.156405151730524,252.03108147455055,-252.03108147455038,-34.156405151730524
2176.0,-32.73420660989201,252.03108147455055,-252.03108147455038,-32.73420660989201
2180.0,-28.719777763211546,252.03108147455055,-252.03108147455038,-28.719777763211546
2184.0,-23.667743003376234,252.03108147455055,-252.03108147455038,-23.667743003376234
2188.0,-18.017245423703663,252.03108147455055,-252.03108147455038,-18.017245423703663
2192.0,-12.124339960355233,252.03108147455055,-252.03108147455038,-12.124339960355233
2196.0,-9.88417783511026,252.03108147455055,-252.03108147455038,-9.88417783511026
2200.0,-7.68613477637161,252.03108147455055,-252.03108147455038,-7.68613477637161
2204.0,-6.37451679979998,252.03108147455055,-252.03108147455038,-6.37451679979998
2208.0,-6.3720713054103495,252.03108147455055,-252.03108147455038,-6.3720713054103495
2212.0,-9.803608023944479,252.03108147455055,-252.03108147455038,-9.803608023944479
2216.0,-13.444191546632142,252.03108147455055,-252.03108147455038,-13.444191546632142
2220.0,-18.151299666539238,252.03108147455055,-252.03108147455038,-18.151299666539238
2224.0,-17.028518056227178,252.03108147455055,-252.03108147455038,-17.028518056227178
2228.0,-8.698120991421023,252.03108147455055,-252.03108147455038,-8.698120991421023
2232.0,0.29554495657018004,252.03108147455055,-252.03108147455038,0.29554495657018004
2236.0,11.870077241628826,252.03108147455055,-252.03108147455038,11.870077241628826
2240.0,13.293475426755865,252.03108147455055,-252.03108147455038,13.293475426755865
2244.0,11.699353389309664,252.03108147455055,-252.03108147455038,11.699353389309664
2248.0,8.209231164311266,252.03108147455055,-252.03108147455038,8.209231164311266
2252.0,3.6235546566498926,252.03108147455055,-252.03108147455038,3.6235546566498926
2256.0,8.5791350237478,252.03108147455055,-252.03108147455038,8.5791350237478
2260.0,13.425682153657656,252.03108147455055,-252.03108147455038,13.425682153657656
2264.0,20.58814726088379,252.03108147455055,-252.03108147455038,20.58814726088379
2268.0,27.60342053902179,252.03108147455055,-252.03108147455038,27.60342053902179
2272.0,31.62532171187104,252.03108147455055,-252.03108147455038,31.62532171187104
2276.0,36.13691579777665,252.03108147455055,-252.03108147455038,36.13691579777665
2280.0,39.800504446737826,252.03108147455055,-252.03108147455038,39.800504446737826
2284.0,43.8712398467578,252.03108147455055,-252.03108147455038,43.8712398467578
2288.0,48.36326258143615,252.03108147455055,-252.03108147455038,48.36326258143615
2292.0,52.82101958655382,252.03108147455055,-252.03108147455038,52.82101958655382
2296.0,57.45022240688257,252.03108147455055,-252.03108147455038,57.45022240688257
2300.0,59.29328454362326,252.03108147455055,-252.03108147455038,59.29328454362326
2304.0,60.196381072137726,252.03108147455055,-252.03108147455038,60.196381072137726
2308.0,60.506874726120415,252.03108147455055,-252.03108147455038,60.506874726120415
2312.0,60.20813531865239,252.03108147455055,-252.03108147455038,60.20813531865239
2316.0,58.943009440510366,252.03108147455055,-252.03108147455038,58.943009440510366
2320.0,57.42362136934586,252.03108147455055,-252.03108147455038,57.42362136934586
2324.0,55.591039730714044,252.03108147455055,-252.03108147455038,55.591039730714044
2328.0,56.66736096922273,252.03108147455055,-252.03108147455038,56.66736096922273
2332.0,68.28117436022974,252.03108147455055,-252.03108147455038,68.28117436022974
2336.0,79.82301660768222,252.03108147455055,-252.03108147455038,79.82301660768222
2340.0,94.52644678200602,252.03108147455055,-252.03108147455038,94.52644678200602
2344.0,101.9564872991679,252.03108147455055,-252.03108147455038,101.9564872991679
2348.0,100.39423967592536,252.03108147455055,-252.03108147455038,100.39423967592536
2352.0,98.29665151580355,252.03108147455055,-252.03108147455038,98.29665151580355
2356.0,92.8832296831168,252.03108147455055,-252.03108147455038,92.8832296831168
2360.0,78.00666902422158,252.03108147455055,-252.03108147455038,78.00666902422158
2364.0,59.06006086686768,252.03108147455055,-252.03108147455038,59.06006086686768
2368.0,37.755011173790635,252.03108147455055,-252.03108147455038,37.755011173790635
2372.0,15.299757169292352,252.03108147455055,-252.03108147455038,15.299757169292352
2376.0,4.322421613569759,252.03108147455055,-252.03108147455038,4.322421613569759
2380.0,-6.734731459919971,252.03108147455055,-252.03108147455038,-6.734731459919971
2384.0,-15.043582543217198,252.03108147455055,-252.03108147455038,-15.043582543217198
2388.0,-22.882522952134156,252.03108147455055,-252.03108147455038,-22.882522952134156
2392.0,-32.19587203944847,252.03108147455055,-252.03108147455038,-32.19587203944847
2396.0,-40.93380054643568,252.03108147455055,-252.03108147455038,-40.93380054643568
2400.0,-50.0723009914003,249.44753984220264,-249.4475398422027,-50.0723009914003
2404.0,-51.89707294214293,249.44753984220264,-249.4475398422027,-51.89707294214293
2408.0,-46.53015859707331,249.44753984220264,-249.4475398422027,-46.53015859707331
2412.0,-39.927190309447525,249.44753984220264,-249.4475398422027,-39.927190309447525
2416.0,-30.588758146510198,249.44753984220264,-249.4475398422027,-30.588758146510198
2420.0,-24.682598361182457,249.44753984220264,-249.4475398422027,-24.682598361182457
2424.0,-19.418115007928495,249.44753984220264,-249.4475398422027,-19.418115007928495
2428.0,-14.59665423911841,249.44753984220264,-249.4475398422027,-14.59665423911841
2432.0,-10.322265530020802,249.44753984220264,-249.4475398422027,-10.322265530020802
2436.0,-6.001049312569047,249.44753984220264,-249.4475398422027,-6.001049312569047
2440.0,-1.8623168428692654,249.44753984220264,-249.4475398422027,-1.8623168428692654
2444.0,2.2415093933015537,249.44753984220264,-249.4475398422027,2.2415093933015537
2448.0,7.465067162169528,249.44753984220264,-249.4475398422027,7.465067162169528
2452.0,14.772582752724814,249.44753984220264,-249.4475398422027,14.772582752724814
2456.0,21.287356646235693,249.44753984220264,-249.4475398422027,21.287356646235693
2460.0,28.497962827154506,249.44753984220264,-249.4475398422027,28.497962827154506
2464.0,31.121928027922287,249.44753984220264,-249.4475398422027,31.121928027922287
2468.0,28.433252425018296,249.44753984220264,-249.4475398422027,28.433252425018296
2472.0,25.16775072880752,249.44753984220264,-249.4475398422027,25.16775072880752
2476.0,19.950003023291103,249.44753984220264,-249.4475398422027,19.950003023291103
2480.0,16.522115042991096,249.44753984220264,-249.4475398422027,16.522115042991096
2484.0,13.321041132827705,249.44753984220264,-249.4475398422027,13.321041132827705
2488.0,10.293996777561004,249.44753984220264,-249.4475398422027,10.293996777561004
2492.0,8.453985804341114,249.44753984220264,-249.4475398422027,8.453985804341114
2496.0,18.29381183890839,249.44753984220264,-249.4475398422027,18.29381183890839
2500.0,28.973837342048736,249.44753984220264,-249.4475398422027,28.973837342048736
2504.0,42.708568802632804,249.44753984220264,-249.4475398422027,42.708568802632804
2508.0,55.02329007036501,249.44753984220264,-249.4475398422027,55.02329007036501
2512.0,58.636269479379656,249.44753984220264,-249.4475398422027,58.636269479379656
2516.0,62.92839416219472,249.44753984220264,-249.4475398422027,62.92839416219472
2520.0,64.68450735549109,249.44753984220264,-249.4475398422027,64.68450735549109
2524.0,64.39983696093938,249.44753984220264,-249.4475398422027,64.39983696093938
2528.0,61.701294870512115,249.44753984220264,-249.4475398422027,61.701294870512115
2532.0,58.4099766494831,249.44753984220264,-249.4475398422027,58.4099766494831
2536.0,54.261102219242844,249.44753984220264,-249.4475398422027,54.261102219242844
2540.0,46.275754164809555,249.44753984220264,-249.4475398422027,46.275754164809555
2544.0,36.74844895630722,249.44753984220264,-249.4475398422027,36.74844895630722
2548.0,26.30381531559548,249.44753984220264,-249.4475398422027,26.30381531559548
2552.0,15.465526074223263,249.44753984220264,-249.4475398422027,15.465526074223263
2556.0,9.880862429450497,249.44753984220264,-249.4475398422027,9.880862429450497
2560.0,4.339046225489694,249.44753984220264,-249.4475398422027,4.339046225489694
2564.0,0.0764366812609392,249.44753984220264,-249.4475398422027,0.0764366812609392
2568.0,-1.7388708996397613,249.44753984220264,-249.4475398422027,-1.7388708996397613
2572.0,3.325067294904617,249.44753984220264,-249.4475398422027,3.325067294904617
2576.0,8.707432684710195,249.44753984220264,-249.4475398422027,8.707432684710195
2580.0,16.173275742402062,249.44753984220264,-249.4475398422027,16.173275742402062
2584.0,20.12936470642662,249.44753984220264,-249.4475398422027,20.12936470642662
2588.0,19.629774345589137,249.44753984220264,-249.4475398422027,19.629774345589137
2592.0,18.973045977396296,249.44753984220264,-249.4475398422027,18.973045977396296
2596.0,16.664351737322246,249.44753984220264,-249.4475398422027,16.664351737322246
2600.0,17.30413839681723,249.44753984220264,-249.4475398422027,17.30413839681723
2604.0,18.62138688515801,249.44753984220264,-249.4475398422027,18.62138688515801
2608.0,20.41252495073242,249.44753984220264,-249.4475398422027,20.41252495073242
2612.0,22.315982864223507,249.44753984220264,-249.4475398422027,22.315982864223507
2616.0,19.60408452683316,249.44753984220264,-249.4475398422027,19.60408452683316
2620.0,16.775165984351972,249.44753984220264,-249.4475398422027,16.775165984351972
2624.0,12.794319324605263,249.44753984220264,-249.4475398422027,12.794319324605263
2628.0,6.227789413556151,249.44753984220264,-249.4475398422027,6.227789413556151
2632.0,-7.911066714230287,249.44753984220264,-249.4475398422027,-7.911066714230287
2636.0,-22.340049138434924,249.44753984220264,-249.4475398422027,-22.340049138434924
2640.0,-39.10716878124485,249.44753984220264,-249.4475398422027,-39.10716878124485
2644.0,-49.215874351068244,249.44753984220264,-249.4475398422027,-49.215874351068244
2648.0,-51.01670648033378,249.44753984220264,-249.4475398422027,-51.01670648033378
2652.0,-52.23417017908956,249.44753984220264,-249.4475398422027,-52.23417017908956
2656.0,-50.46174521420242,249.44753984220264,-249.4475398422027,-50.46174521420242
2660.0,-53.122973085131655,249.44753984220264,-249.4475398422027,-53.122973085131655
2664.0,-56.75257785011887,249.44753984220264,-249.4475398422027,-56.75257785011887
2668.0,-61.00353637767621,249.44753984220264,-249.4475398422027,-61.00353637767621
2672.0,-66.11916514136415,249.44753984220264,-249.4475398422027,-66.11916514136415
2676.0,-72.97117730186365,249.44753984220264,-249.4475398422027,-72.97117730186365
2680.0,-80.21385889935303,249.44753984220264,-249.4475398422027,-80.21385889935303
2684.0,-87.96848176003272,249.44753984220264,-249.4475398422027,-87.96848176003272
2688.0,-94.63572772456324,249.44753984220264,-249.4475398422027,-94.63572772456324
2692.0,-96.7400694121269,249.44753984220264,-249.4475398422027,-96.7400694121269
2696.0,-98.92887709695022,249.44753984220264,-249.4475398422027,-98.92887709695022
2700.0,-99.78840403576275,242.43324332939537,-242.43324332939534,-99.78840403576275
2704.0,-96.55355472050334,242.43324332939537,-242.43324332939534,-96.55355472050334
2708.0,-92.76089466815381,242.43324332939537,-242.43324332939534,-92.76089466815381
2712.0,-87.51521476720725,242.43324332939537,-242.43324332939534,-87.51521476720725
2716.0,-81.73031845650286,242.43324332939537,-242.43324332939534,-81.73031845650286
2720.0,-74.25185486546314,242.43324332939537,-242.43324332939534,-74.25185486546314
2724.0,-66.04098831817076,242.43324332939537,-242.43324332939534,-66.04098831817076
2728.0,-57.36878686102098,242.43324332939537,-242.43324332939534,-57.36878686102098
2732.0,-48.15324919063897,242.43324332939537,-242.43324332939534,-48.15324919063897
2736.0,-36.31211537935848,242.43324332939537,-242.43324332939534,-36.31211537935848
2740.0,-24.147215444065946,242.43324332939537,-242.43324332939534,-24.147215444065946
2744.0,-11.271117132500603,242.43324332939537,-242.43324332939534,-11.271117132500603
2748.0,1.2171339500553109,242.43324332939537,-242.43324332939534,1.2171339500553109
2752.0,6.0488191706656025,242.43324332939537,-242.43324332939534,6.0488191706656025
2756.0,8.862107349642656,242.43324332939537,-242.43324332939534,8.862107349642656
2760.0,9.543934510404819,242.43324332939537,-242.43324332939534,9.543934510404819
2764.0,10.527618037611642,242.43324332939537,-242.43324332939534,10.527618037611642
2768.0,12.621934617419974,242.43324332939537,-242.43324332939534,12.621934617419974
2772.0,14.397243854225405,242.43324332939537,-242.43324332939534,14.397243854225405
2776.0,16.516230495440738,242.43324332939537,-242.43324332939534,16.516230495440738
2780.0,23.334401655304372,242.43324332939537,-242.43324332939534,23.334401655304372
2784.0,31.923419304036653,242.43324332939537,-242.43324332939534,31.923419304036653
2788.0,41.53404829523225,242.43324332939537,-242.43324332939534,41.53404829523225
2792.0,51.52211194073273,242.43324332939537,-242.43324332939534,51.52211194073273
2796.0,54.32754274674024,242.43324332939537,-242.43324332939534,54.32754274674024
2800.0,57.0104465109885,242.43324332939537,-242.43324332939534,57.0104465109885
2804.0,57.93120085383627,242.43324332939537,-242.43324332939534,57.93120085383627
2808.0,58.19870410127037,242.43324332939537,-242.43324332939534,58.19870410127037
2812.0,58.20981589280023,242.43324332939537,-242.43324332939534,58.20981589280023
2816.0,57.84788964887325,242.43324332939537,-242.43324332939534,57.84788964887325
2820.0,57.3635152264504,242.43324332939537,-242.43324332939534,57.3635152264504
2824.0,58.694561535601096,242.43324332939537,-242.43324332939534,58.694561535601096
2828.0,62.296642244260404,242.43324332939537,-242.43324332939534,62.296642244260404
2832.0,66.10962351711677,242.43324332939537,-242.43324332939534,66.10962351711677
2836.0,70.7495953939258,242.43324332939537,-242.43324332939534,70.7495953939258
2840.0,57.88301662820744,242.43324332939537,-242.43324332939534,57.88301662820744
2844.0,38.95227990113555,242.43324332939537,-242.43324332939534,38.95227990113555
2848.0,16.334058861707838,242.43324332939537,-242.43324332939534,16.334058861707838
2852.0,-8.823813084726165,242.43324332939537,-242.43324332939534,-8.823813084726165
2856.0,-23.01127428399912,242.43324332939537,-242.43324332939534,-23.01127428399912
2860.0,-37.79550783780033,242.43324332939537,-242.43324332939534,-37.79550783780033
2864.0,-50.04472603981128,242.43324332939537,-242.43324332939534,-50.04472603981128
2868.0,-57.43383306014861,242.43324332939537,-242.43324332939534,-57.43383306014861
2872.0,-50.45463629766254,242.43324332939537,-242.43324332939534,-50.45463629766254
2876.0,-42.86889926599733,242.43324332939537,-242.43324332939534,-42.86889926599733
2880.0,-30.948256918402105,242.43324332939537,-242.43324332939534,-30.948256918402105
2884.0,-20.262739445550014,242.43324332939537,-242.43324332939534,-20.262739445550014
2888.0,-11.605714063041034,242.43324332939537,-242.43324332939534,-11.605714063041034
2892.0,-2.490438656653223,242.43324332939537,-242.43324332939534,-2.490438656653223
2896.0,5.891309715877012,242.43324332939537,-242.43324332939534,5.891309715877012
2900.0,6.292246856914444,242.43324332939537,-242.43324332939534,6.292246856914444
2904.0,3.6645851075178584,242.43324332939537,-242.43324332939534,3.6645851075178584
2908.0,-0.7464438505322066,242.43324332939537,-242.43324332939534,-0.7464438505322066
2912.0,-6.526725659307907,242.43324332939537,-242.43324332939534,-6.526725659307907
2916.0,-9.33551801685183,242.43324332939537,-242.43324332939534,-9.33551801685183
2920.0,-12.552834173855496,242.43324332939537,-242.43324332939534,-12.552834173855496
2924.0,-15.132796767150722,242.43324332939537,-242.43324332939534,-15.132796767150722
2928.0,-18.797163745554073,242.43324332939537,-242.43324332939534,-18.797163745554073
2932.0,-26.674507900347834,242.43324332939537,-242.43324332939534,-26.674507900347834
2936.0,-34.4723283334596,242.43324332939537,-242.43324332939534,-34.4723283334596
2940.0,-43.5299244264704,242.43324332939537,-242.43324332939534,-43.5299244264704
2944.0,-49.425407284278485,242.43324332939537,-242.43324332939534,-49.425407284278485
2948.0,-51.40503024841361,242.43324332939537,-242.43324332939534,-51.40503024841361
2952.0,-53.11863607845246,242.43324332939537,-242.43324332939534,-53.11863607845246
2956.0,-53.4126860413395,242.43324332939537,-242.43324332939534,-53.4126860413395
2960.0,-53.46728351783583,242.43324332939537,-242.43324332939534,-53.46728351783583
2964.0,-53.13378147069243,242.43324332939537,-242.43324332939534,-53.13378147069243
2968.0,-52.57610275169979,242.43324332939537,-242.43324332939534,-52.57610275169979
2972.0,-51.77260986644938,242.43324332939537,-242.43324332939534,-51.77260986644938
2976.0,-49.0865698697427,242.43324332939537,-242.43324332939534,-49.0865698697427
2980.0,-46.245741898933595,242.43324332939537,-242.43324332939534,-46.245741898933595
2984.0,-42.908758986022924,242.43324332939537,-242.43324332939534,-42.908758986022924
2988.0,-40.42267344208413,242.43324332939537,-242.43324332939534,-40.42267344208413
2992.0,-41.64248568925054,242.43324332939537,-242.43324332939534,-41.64248568925054
2996.0,-42.76581252382737,242.43324332939537,-242.43324332939534,-42.76581252382737
3000.0,-44.962008035237616,234.44819614791678,-234.44819614791666,-44.962008035237616
3004.0,-40.37613279033564,234.44819614791678,-234.44819614791666,-40.37613279033564
3008.0,-32.386623783414734,234.44819614791678,-234.44819614791666,-32.386623783414734
3012.0,-22.779894418175374,234.44819614791678,-234.44819614791666,-22.779894418175374
3016.0,-11.541176853248173,234.44819614791678,-234.44819614791666,-11.541176853248173
3020.0,-8.7970146745125,234.44819614791678,-234.44819614791666,-8.7970146745125
3024.0,-8.736593884506469,234.44819614791678,-234.44819614791666,-8.736593884506469
3028.0,-10.348390452957283,234.44819614791678,-234.44819614791666,-10.348390452957283
3032.0,-12.561240877946572,234.44819614791678,-234.44819614791666,-12.561240877946572
3036.0,-2.2849448913614325,234.44819614791678,-234.44819614791666,-2.2849448913614325
3040.0,8.241238122451389,234.44819614791678,-234.44819614791666,8.241238122451389
3044.0,21.785851726971483,234.44819614791678,-234.44819614791666,21.785851726971483
3048.0,34.874700709332544,234.44819614791678,-234.44819614791666,34.874700709332544
3052.0,36.62536005649967,234.44819614791678,-234.44819614791666,36.62536005649967
3056.0,36.61214709020174,234.44819614791678,-234.44819614791666,36.61214709020174
3060.0,33.42928153192128,234.44819614791678,-234.44819614791666,33.42928153192128
3064.0,31.322169480536633,234.44819614791678,-234.44819614791666,31.322169480536633
3068.0,31.317031042506176,234.44819614791678,-234.44819614791666,31.317031042506176
3072.0,30.966262671107515,234.44819614791678,-234.44819614791666,30.966262671107515
3076.0,31.315942283805782,234.44819614791678,-234.44819614791666,31.315942283805782
3080.0,25.27812133693737,234.44819614791678,-234.44819614791666,25.27812133693737
3084.0,17.10630642851198,234.44819614791678,-234.44819614791666,17.10630642851198
3088.0,7.621404909222301,234.44819614791678,-234.44819614791666,7.621404909222301
3092.0,-2.8624377371529395,234.44819614791678,-234.44819614791666,-2.8624377371529395
3096.0,-10.537924856512788,234.44819614791678,-234.44819614791666,-10.537924856512788
3100.0,-18.499666323723623,234.44819614791678,-234.44819614791666,-18.499666323723623
3104.0,-25.84434337341729,234.44819614791678,-234.44819614791666,-25.84434337341729
3108.0,-33.006305268075906,234.44819614791678,-234.44819614791666,-33.006305268075906
3112.0,-40.01765038652268,234.44819614791678,-234.44819614791666,-40.01765038652268
3116.0,-46.90930523161862,234.44819614791678,-234.44819614791666,-46.90930523161862
3120.0,-53.73615421644556,234.44819614791678,-234.44819614791666,-53.73615421644556
3124.0,-55.86255089186123,234.44819614791678,-234.44819614791666,-55.86255089186123
3128.0,-52.30922871813502,234.44819614791678,-234.44819614791666,-52.30922871813502
3132.0,-48.10014381575559,234.44819614791678,-234.44819614791666,-48.10014381575559
3136.0,-41.832742946437726,234.44819614791678,-234.44819614791666,-41.832742946437726
3140.0,-43.86614006105984,234.44819614791678,-234.44819614791666,-43.86614006105984
3144.0,-48.4521186142215,234.44819614791678,-234.44819614791666,-48.4521186142215
3148.0,-54.62527952595423,234.44819614791678,-234.44819614791666,-54.62527952595423
3152.0,-62.099244762930994,234.44819614791678,-234.44819614791666,-62.099244762930994
3156.0,-66.78042342640813,234.44819614791678,-234.44819614791666,-66.78042342640813
3160.0,-71.86239393226674,234.44819614791678,-234.44819614791666,-71.86239393226674
3164.0,-76.35389913194578,234.44819614791678,-234.44819614791666,-76.35389913194578
3168.0,-78.89968188191675,234.44819614791678,-234.44819614791666,-78.89968188191675
3172.0,-75.12465513097241,234.44819614791678,-234.44819614791666,-75.12465513097241
3176.0,-71.21325637315736,234.44819614791678,-234.44819614791666,-71.21325637315736
3180.0,-65.40707342796101,234.44819614791678,-234.44819614791666,-65.40707342796101
3184.0,-55.10466227868787,234.44819614791678,-234.44819614791666,-55.10466227868787
3188.0,-39.531913282376394,234.44819614791678,-234.44819614791666,-39.531913282376394
3192.0,-23.059740026648466,234.44819614791678,-234.44819614791666,-23.059740026648466
3196.0,-4.681165569063727,234.44819614791678,-234.44819614791666,-4.681165569063727
3200.0,2.3595107229622645,234.44819614791678,-234.44819614791666,2.3595107229622645
3204.0,5.678614354206273,234.44819614791678,-234.44819614791666,5.678614354206273
3208.0,6.756695434930669,234.44819614791678,-234.44819614791666,6.756695434930669
3212.0,6.0070517130209815,234.44819614791678,-234.44819614791666,6.0070517130209815
3216.0,9.207928318578082,234.44819614791678,-234.44819614791666,9.207928318578082
3220.0,11.856977006298122,234.44819614791678,-234.44819614791666,11.856977006298122
3224.0,15.33797309934558,234.44819614791678,-234.44819614791666,15.33797309934558
3228.0,17.536903121627347,234.44819614791678,-234.44819614791666,17.536903121627347
3232.0,14.689395080529511,234.44819614791678,-234.44819614791666,14.689395080529511
3236.0,11.976808685757522,234.44819614791678,-234.44819614791666,11.976808685757522
3240.0,7.783914361431156,234.44819614791678,-234.44819614791666,7.783914361431156
3244.0,1.803140043567201,234.44819614791678,-234.44819614791666,1.803140043567201
3248.0,-6.284606338257083,234.44819614791678,-234.44819614791666,-6.284606338257083
3252.0,-14.825103526229732,234.44819614791678,-234.44819614791666,-14.825103526229732
3256.0,-24.132231138311074,234.44819614791678,-234.44819614791666,-24.132231138311074
3260.0,-27.302203258440922,234.44819614791678,-234.44819614791666,-27.302203258440922
3264.0,-28.43106407225293,234.44819614791678,-234.44819614791666,-28.43106407225293
3268.0,-28.327669306275716,234.44819614791678,-234.44819614791666,-28.327669306275716
3272.0,-26.599148293979074,234.44819614791678,-234.44819614791666,-26.599148293979074
3276.0,-18.888981987216127,234.44819614791678,-234.44819614791666,-18.888981987216127
3280.0,-10.310967609886738,234.44819614791678,-234.44819614791666,-10.310967609886738
3284.0,-0.09851134092503516,234.44819614791678,-234.44819614791666,-0.09851134092503516
3288.0,10.47493219350606,234.44819614791678,-234.44819614791666,10.47493219350606
3292.0,19.974906972030887,234.44819614791678,-234.44819614791666,19.974906972030887
3296.0,29.864283856867612,234.44819614791678,-234.44819614791666,29.864283856867612
3300.0,39.48350419916078,236.80301193215544,-236.80301193215558,39.48350419916078
3304.0,43.999131531929194,236.80301193215544,-236.80301193215558,43.999131531929194
3308.0,43.78087567117011,236.80301193215544,-236.80301193215558,43.78087567117011
3312.0,42.67750603305886,236.80301193215544,-236.80301193215558,42.67750603305886
3316.0,39.70975239689837,236.80301193215544,-236.80301193215558,39.70975239689837
3320.0,39.151706589864574,236.80301193215544,-236.80301193215558,39.151706589864574
3324.0,39.073523589480914,236.80301193215544,-236.80301193215558,39.073523589480914
3328.0,39.303643756288956,236.80301193215544,-236.80301193215558,39.303643756288956
3332.0,39.40901178995978,236.80301193215544,-236.80301193215558,39.40901178995978
3336.0,33.08099122914642,236.80301193215544,-236.80301193215558,33.08099122914642
3340.0,26.477336985374837,236.80301193215544,-236.80301193215558,26.477336985374837
3344.0,18.20388105723594,236.80301193215544,-236.80301193215558,18.20388105723594
3348.0,10.264707852995894,236.80301193215544,-236.80301193215558,10.264707852995894
3352.0,7.211806206186202,236.80301193215544,-236.80301193215558,7.211806206186202
3356.0,4.524161556714645,236.80301193215544,-236.80301193215558,4.524161556714645
3360.0,3.2146500870684527,236.80301193215544,-236.80301193215558,3.2146500870684527
3364.0,0.7721205799290082,236.80301193215544,-236.80301193215558,0.7721205799290082
3368.0,-3.264746836033149,236.80301193215544,-236.80301193215558,-3.264746836033149
3372.0,-7.257150484451383,236.80301193215544,-236.80301193215558,-7.257150484451383
3376.0,-11.818009258703958,236.80301193215544,-236.80301193215558,-11.818009258703958
3380.0,-12.836628200666608,236.80301193215544,-236.80301193215558,-12.836628200666608
3384.0,-12.698259949565587,236.80301193215544,-236.80301193215558,-12.698259949565587
3388.0,-11.8492740914131,236.80301193215544,-236.80301193215558,-11.8492740914131
3392.0,-10.31633157073602,236.80301193215544,-236.80301193215558,-10.31633157073602
3396.0,-8.374188307773213,236.80301193215544,-236.80301193215558,-8.374188307773213
3400.0,-6.131066042200387,236.80301193215544,-236.80301193215558,-6.131066042200387
3404.0,-3.7446620675239206,236.80301193215544,-236.80301193215558,-3.7446620675239206
3408.0,0.2601949322320267,236.80301193215544,-236.80301193215558,0.2601949322320267
3412.0,9.456915207202574,236.80301193215544,-236.80301193215558,9.456915207202574
3416.0,18.698628376052735,236.80301193215544,-236.80301193215558,18.698628376052735
3420.0,29.528796230915926,236.80301193215544,-236.80301193215558,29.528796230915926
3424.0,34.675266337665136,236.80301193215544,-236.80301193215558,34.675266337665136
3428.0,32.78937743983159,236.80301193215544,-236.80301193215558,32.78937743983159
3432.0,30.339244252321713,236.80301193215544,-236.80301193215558,30.339244252321713
3436.0,25.33472255761662,236.80301193215544,-236.80301193215558,25.33472255761662
3440.0,19.8861175893717,236.80301193215544,-236.80301193215558,19.8861175893717
3444.0,13.775423406843945,236.80301193215544,-236.80301193215558,13.775423406843945
3448.0,7.271781674154132,236.80301193215544,-236.80301193215558,7.271781674154132
3452.0,0.9806461168615705,236.80301193215544,-236.80301193215558,0.9806461168615705
3456.0,0.10196495879717117,236.80301193215544,-236.80301193215558,0.10196495879717117
3460.0,-0.5078557310216746,236.80301193215544,-236.80301193215558,-0.5078557310216746
3464.0,0.23953359209273878,236.80301193215544,-236.80301193215558,0.23953359209273878
3468.0,0.5925651222717321,236.80301193215544,-236.80301193215558,0.5925651222717321
3472.0,-2.1853161671657766,236.80301193215544,-236.80301193215558,-2.1853161671657766
3476.0,-4.66137204771621,236.80301193215544,-236.80301193215558,-4.66137204771621
3480.0,-8.053331612435754,236.80301193215544,-236.80301193215558,-8.053331612435754
3484.0,-10.290579360843367,236.80301193215544,-236.80301193215558,-10.290579360843367
3488.0,-11.145485103905639,236.80301193215544,-236.80301193215558,-11.145485103905639
3492.0,-11.939612721132002,236.80301193215544,-236.80301193215558,-11.939612721132002
3496.0,-12.238696525772738,236.80301193215544,-236.80301193215558,-12.238696525772738
3500.0,-11.950391895427446,236.80301193215544,-236.80301193215558,-11.950391895427446
3504.0,-11.326695295847644,236.80301193215544,-236.80301193215558,-11.326695295847644
3508.0,-10.514167397950096,236.80301193215544,-236.80301193215558,-10.514167397950096
3512.0,-9.658657069065596,236.80301193215544,-236.80301193215558,-9.658657069065596
3516.0,-10.1429490350829,236.80301193215544,-236.80301193215558,-10.1429490350829
3520.0,-10.679623238265584,236.80301193215544,-236.80301193215558,-10.679623238265584
3524.0,-11.542974719771511,236.80301193215544,-236.80301193215558,-11.542974719771511
3528.0,-11.063693684451763,236.80301193215544,-236.80301193215558,-11.063693684451763
3532.0,-5.477899291390352,236.80301193215544,-236.80301193215558,-5.477899291390352
3536.0,0.0701118145220607,236.80301193215544,-236.80301193215558,0.0701118145220607
3540.0,7.125321212662718,236.80301193215544,-236.80301193215558,7.125321212662718
3544.0,10.02867934277914,236.80301193215544,-236.80301193215558,10.02867934277914
3548.0,7.814527527767706,236.80301193215544,-236.80301193215558,7.814527527767706
3552.0,5.257948036490166,236.80301193215544,-236.80301193215558,5.257948036490166
3556.0,0.817805495589145,236.80301193215544,-236.80301193215558,0.817805495589145
3560.0,-4.498455559506195,236.80301193215544,-236.80301193215558,-4.498455559506195
3564.0,-10.552721117308806,236.80301193215544,-236.80301193215558,-10.552721117308806
3568.0,-16.994367653879987,236.80301193215544,-236.80301193215558,-16.994367653879987
3572.0,-23.058082135379816,236.80301193215544,-236.80301193215558,-23.058082135379816
3576.0,-20.58152127878653,236.80301193215544,-236.80301193215558,-20.58152127878653
3580.0,-17.645387151450702,236.80301193215544,-236.80301193215558,-17.645387151450702
3584.0,-12.526940867993586,236.80301193215544,-236.80301193215558,-12.526940867993586
3588.0,-7.368142232395836,236.80301193215544,-236.80301193215558,-7.368142232395836
3592.0,-4.688126685956064,236.80301193215544,-236.80301193215558,-4.688126685956064
3596.0,-1.5185720922764363,236.80301193215544,-236.80301193215558,-1.5185720922764363
