ts,Pi,Pr,Prc,Per,Pet,ne,nec,Pcc,Pdc,Ptc,Pcc2,Pdc2,Ptc2,Pt
18.0,0.0,0,0.0,0.0,0.0,14477,14477,-39.02664650724406,0.0,-39.02664650724406,-39.02664650724406,0.0,-39.02664650724406,-38.369834006018635
18.00027777777778,0.0,0,0.0,0.0,0.0,14479,14479,-39.03920869389197,0.0,-39.03920869389197,-39.03920869389197,0.0,-39.03920869389197,-38.369834006018635
18.000555555555557,0.0,0,0.0,0.0,0.0,14479,14479,-39.033261120921615,0.0,-39.033261120921615,-39.033261120921615,0.0,-39.033261120921615,-38.369834006018635
18.000833333333336,0.0,0,0.0,0.0,0.0,14480,14480,-39.03280720193946,0.0,-39.03280720193946,-39.03280720193946,0.0,-39.03280720193946,-38.369834006018635
18.001111111111115,-0.0,0,0.0,0.0,0.0,14482,14482,-39.03282284083894,0.0,-39.03282284083894,-39.03282284083894,0.0,-39.03282284083894,-38.369834006018635
18.001388888888894,-0.0,0,0.0,0.0,0.0,14482,14482,-39.02068964861096,0.0,-39.02068964861096,-39.02068964861096,0.0,-39.02068964861096,-38.369834006018635
18.001666666666672,-0.0,0,0.0,0.0,0.0,14484,14484,-39.03318079565304,0.0,-39.03318079565304,-39.03318079565304,0.0,-39.03318079565304,-38.369834006018635
18.00194444444445,-0.0,0,0.0,0.0,0.0,14484,14484,-39.0276162214887,0.0,-39.0276162214887,-39.0276162214887,0.0,-39.0276162214887,-38.369834006018635
18.00222222222223,-0.0,0,0.0,0.0,0.0,14485,14485,-39.03449231648157,0.0,-39.03449231648157,-39.03449231648157,0.0,-39.03449231648157,-38.369834006018635
18.00250000000001,-0.0,0,0.0,0.0,0.0,14485,14485,-39.03449231648157,0.0,-39.03449231648157,-39.03449231648157,0.0,-39.03449231648157,-38.369834006018635
18.002777777777787,-0.0,0,0.0,0.0,0.0,14486,14486,-39.04134283169455,0.0,-39.04134283169455,-39.04134283169455,0.0,-39.04134283169455,-38.369834006018635
18.003055555555566,-0.0,0,0.0,0.0,0.0,14486,14486,-39.02823764403662,0.0,-39.02823764403662,-39.02823764403662,0.0,-39.02823764403662,-38.369834006018635
18.003333333333345,-0.0,0,0.0,0.0,0.0,14488,14488,-39.033439120609756,0.0,-39.033439120609756,-39.033439120609756,0.0,-39.033439120609756,-38.369834006018635
18.003611111111123,-0.0,0,0.0,0.0,0.0,14489,14489,-39.04026412390387,0.0,-39.04026412390387,-39.04026412390387,0.0,-39.04026412390387,-38.369834006018635
18.003888888888902,-0.0,0,0.0,0.0,0.0,14492,14492,-39.05364155612058,0.0,-39.05364155612058,-39.05364155612058,0.0,-39.05364155612058,-38.369834006018635
18.00416666666668,-0.0,0,0.0,0.0,0.0,14492,14492,-39.048537646093315,0.0,-39.048537646093315,-39.048537646093315,0.0,-39.048537646093315,-38.369834006018635
18.00444444444446,-0.0,0,0.0,0.0,0.0,14494,14494,-39.060320899629986,0.0,-39.060320899629986,-39.060320899629986,0.0,-39.060320899629986,-38.369834006018635
18.004722222222238,-0.0,0,0.0,0.0,0.0,14494,14494,-39.04298639999973,0.0,-39.04298639999973,-39.04298639999973,0.0,-39.04298639999973,-38.369834006018635
18.005000000000017,-0.0,0,0.0,0.0,0.0,14494,14494,-39.03158808419211,0.0,-39.03158808419211,-39.03158808419211,0.0,-39.03158808419211,-38.369834006018635
18.005277777777795,-0.0,0,0.0,0.0,0.0,14495,14495,-39.0328810363745,0.0,-39.0328810363745,-39.0328810363745,0.0,-39.0328810363745,-38.369834006018635
18.005555555555574,-0.0,0,0.0,0.0,0.0,14496,14496,-39.032098701537755,0.0,-39.032098701537755,-39.032098701537755,0.0,-39.032098701537755,-38.369834006018635
18.005833333333353,-0.0,0,0.0,0.0,0.0,14497,14497,-39.03877605870268,0.0,-39.03877605870268,-39.03877605870268,0.0,-39.03877605870268,-38.369834006018635
18.00611111111113,-0.0,0,0.0,0.0,0.0,14497,14497,-39.03877605870268,0.0,-39.03877605870268,-39.03877605870268,0.0,-39.03877605870268,-38.369834006018635
18.00638888888891,-0.0,0,0.0,0.0,0.0,14497,14497,-39.03269912473493,0.0,-39.03269912473493,-39.03269912473493,0.0,-39.03269912473493,-38.369834006018635
18.00666666666669,-0.0,0,0.0,0.0,0.0,14497,14497,-39.020627470209014,0.0,-39.020627470209014,-39.020627470209014,0.0,-39.020627470209014,-38.369834006018635
18.006944444444468,-0.0,0,0.0,0.0,0.0,14497,14497,-39.00234487661405,0.0,-39.00234487661405,-39.00234487661405,0.0,-39.00234487661405,-38.369834006018635
18.007222222222246,-0.0,0,0.0,0.0,0.0,14499,14499,-38.99607063514585,0.0,-38.99607063514585,-38.99607063514585,0.0,-38.99607063514585,-38.369834006018635
18.007500000000025,-0.0,0,0.0,0.0,0.0,14500,14500,-38.99037552041097,0.0,-38.99037552041097,-38.99037552041097,0.0,-38.99037552041097,-38.369834006018635
18.007777777777804,-0.0,0,0.0,0.0,0.0,14504,14504,-39.01344223551778,0.0,-39.01344223551778,-39.01344223551778,0.0,-39.01344223551778,-38.369834006018635
18.008055555555583,-0.0,0,0.0,0.0,0.0,14505,14505,-39.00609925495591,0.0,-39.00609925495591,-39.00609925495591,0.0,-39.00609925495591,-38.369834006018635
18.00833333333336,-0.0,0,0.0,0.0,0.0,14505,14505,-39.00057677992113,0.0,-39.00057677992113,-39.00057677992113,0.0,-39.00057677992113,-38.369834006018635
18.00861111111114,-0.0,0,0.0,0.0,0.0,14507,14507,-39.007512809652916,0.0,-39.007512809652916,-39.007512809652916,0.0,-39.007512809652916,-38.369834006018635
18.00888888888892,-0.0,0,0.0,0.0,0.0,14508,14508,-39.00119683748701,0.0,-39.00119683748701,-39.00119683748701,0.0,-39.00119683748701,-38.369834006018635
18.009166666666697,-0.0,0,0.0,0.0,0.0,14509,14509,-38.99955414062531,0.0,-38.99955414062531,-38.99955414062531,0.0,-38.99955414062531,-38.369834006018635
18.009444444444476,-0.0,0,0.0,0.0,0.0,14510,14510,-39.000044074054024,0.0,-39.000044074054024,-39.000044074054024,0.0,-39.000044074054024,-38.369834006018635
18.009722222222255,-0.0,0,0.0,0.0,0.0,14510,14510,-38.993867764357745,0.0,-38.993867764357745,-38.993867764357745,0.0,-38.993867764357745,-38.369834006018635
18.010000000000034,-0.0,0,0.0,0.0,0.0,14512,14512,-39.00657593048266,0.0,-39.00657593048266,-39.00657593048266,0.0,-39.00657593048266,-38.369834006018635
18.010277777777812,-0.0,0,0.0,0.0,0.0,14513,14513,-39.01334802142149,0.0,-39.01334802142149,-39.01334802142149,0.0,-39.01334802142149,-38.369834006018635
18.01055555555559,-0.0,0,0.0,0.0,0.0,14515,14515,-39.02665670822049,0.0,-39.02665670822049,-39.02665670822049,0.0,-39.02665670822049,-38.369834006018635
18.01083333333337,-0.0,0,0.0,0.0,0.0,14515,14515,-39.02101613026243,0.0,-39.02101613026243,-39.02101613026243,0.0,-39.02101613026243,-38.369834006018635
18.01111111111115,-0.0,0,0.0,-0.0,0.6511821242437961,14517,14517,-39.03365239949523,0.0,-39.03365239949523,-39.03365239949523,0.0,-39.03365239949523,-38.369834006018635
18.011388888888927,-0.0,0,0.0,-0.0,0.6511821242437961,14517,14517,-39.03365239949523,0.0,-39.03365239949523,-39.03365239949523,0.0,-39.03365239949523,-38.369834006018635
18.011666666666706,-0.0,0,0.0,-0.0,0.6511821242437961,14517,14517,-39.03365239949523,0.0,-39.03365239949523,-39.03365239949523,0.0,-39.03365239949523,-38.369834006018635
18.011944444444485,-0.0,0,0.0,-0.0,0.6511821242437961,14518,14518,-39.03905948670434,0.0,-39.03905948670434,-39.03905948670434,0.0,-39.03905948670434,-38.369834006018635
18.012222222222263,-0.0,0,0.0,-0.0,0.6511821242437961,14518,14518,-39.03905948670434,0.0,-39.03905948670434,-39.03905948670434,0.0,-39.03905948670434,-38.369834006018635
18.012500000000042,-0.0,0,0.0,-0.0,0.6511821242437961,14518,14518,-39.027701003199006,0.0,-39.027701003199006,-39.027701003199006,0.0,-39.027701003199006,-38.369834006018635
18.01277777777782,-0.0,0,0.0,-0.0,0.6511821242437961,14518,14518,-39.027701003199006,0.0,-39.027701003199006,-39.027701003199006,0.0,-39.027701003199006,-38.369834006018635
18.0130555555556,-0.0,0,0.0,-0.0,0.6511821242437961,14518,14518,-39.027701003199006,0.0,-39.027701003199006,-39.027701003199006,0.0,-39.027701003199006,-38.369834006018635
18.013333333333378,-0.0,0,0.0,-0.0,0.6511821242437961,14518,14518,-39.02105373516539,0.0,-39.02105373516539,-39.02105373516539,0.0,-39.02105373516539,-38.369834006018635
18.013611111111157,-0.0,0,0.0,-0.0,0.6511821242437961,14519,14519,-39.00574742688779,0.0,-39.00574742688779,-39.00574742688779,0.0,-39.00574742688779,-38.369834006018635
18.013888888888935,-0.0,0,0.0,-0.0,0.6511821242437961,14519,14519,-39.00574742688779,0.0,-39.00574742688779,-39.00574742688779,0.0,-39.00574742688779,-38.369834006018635
18.014166666666714,-0.0,0,0.0,-0.0,0.6511821242437961,14519,14519,-39.00574742688779,0.0,-39.00574742688779,-39.00574742688779,0.0,-39.00574742688779,-38.369834006018635
18.014444444444493,-0.0,0,0.0,-0.0,0.6511821242437961,14521,14521,-38.993663378347584,0.0,-38.993663378347584,-38.993663378347584,0.0,-38.993663378347584,-38.369834006018635
18.01472222222227,-0.0,0,0.0,-0.0,0.6511821242437961,14523,14523,-38.998422227278596,0.0,-38.998422227278596,-38.998422227278596,0.0,-38.998422227278596,-38.369834006018635
18.01500000000005,-0.0,0,0.0,-0.0,0.6511821242437961,14523,14523,-38.99325044967978,0.0,-38.99325044967978,-38.99325044967978,0.0,-38.99325044967978,-38.369834006018635
18.01527777777783,-0.0,0,0.0,-0.0,0.6511821242437961,14524,14524,-38.99869212236039,0.0,-38.99869212236039,-38.99869212236039,0.0,-38.99869212236039,-38.369834006018635
18.015555555555608,-0.0,0,0.0,-0.0,0.6511821242437961,14524,14524,-39.00029917691009,0.0,-39.00029917691009,-39.00029917691009,0.0,-39.00029917691009,-38.369834006018635
18.015833333333386,-0.0,0,0.0,-0.0,0.6511821242437961,14525,14525,-39.0057337518917,0.0,-39.0057337518917,-39.0057337518917,0.0,-39.0057337518917,-38.369834006018635
18.016111111111165,-0.0,0,0.0,-0.0,0.6511821242437961,14525,14525,-39.0057337518917,0.0,-39.0057337518917,-39.0057337518917,0.0,-39.0057337518917,-38.369834006018635
18.016388888888944,-0.0,0,0.0,-0.0,0.6511821242437961,14525,14525,-39.0057337518917,0.0,-39.0057337518917,-39.0057337518917,0.0,-39.0057337518917,-38.369834006018635
18.016666666666723,-0.0,0,0.0,-0.0,0.6511821242437961,14525,14525,-39.0057337518917,0.0,-39.0057337518917,-39.0057337518917,0.0,-39.0057337518917,-38.369834006018635
18.0169444444445,-0.0,0,0.0,-0.0,0.6511821242437961,14526,14526,-38.98825254292808,0.0,-38.98825254292808,-38.98825254292808,0.0,-38.98825254292808,-38.369834006018635
18.01722222222228,-0.0,0,0.0,-0.0,0.6511821242437961,14526,14526,-38.9816157180873,0.0,-38.9816157180873,-38.9816157180873,0.0,-38.9816157180873,-38.369834006018635
18.01750000000006,-0.0,0,0.0,-0.0,0.6511821242437961,14527,14527,-38.97462143209181,0.0,-38.97462143209181,-38.97462143209181,0.0,-38.97462143209181,-38.369834006018635
18.017777777777837,-0.0,0,0.0,-0.0,0.6511821242437961,14529,14529,-38.98713951467443,0.0,-38.98713951467443,-38.98713951467443,0.0,-38.98713951467443,-38.369834006018635
18.018055555555616,-0.0,0,0.0,-0.0,0.6511821242437961,14530,14530,-38.98533952940481,0.0,-38.98533952940481,-38.98533952940481,0.0,-38.98533952940481,-38.369834006018635
18.018333333333395,-0.0,0,0.0,-0.0,0.6511821242437961,14531,14531,-38.98639612051669,0.0,-38.98639612051669,-38.98639612051669,0.0,-38.98639612051669,-38.369834006018635
18.018611111111174,-0.0,0,0.0,-0.0,0.6511821242437961,14531,14531,-38.98639612051669,0.0,-38.98639612051669,-38.98639612051669,0.0,-38.98639612051669,-38.369834006018635
18.018888888888952,-0.0,0,0.0,-0.0,0.6511821242437961,14532,14532,-38.99309070999145,0.0,-38.99309070999145,-38.99309070999145,0.0,-38.99309070999145,-38.369834006018635
18.01916666666673,-0.0,0,0.0,-0.0,0.6511821242437961,14534,14534,-39.00460438286312,0.0,-39.00460438286312,-39.00460438286312,0.0,-39.00460438286312,-38.369834006018635
18.01944444444451,-0.0,0,0.0,-0.0,0.6511821242437961,14535,14535,-38.99975111806442,0.0,-38.99975111806442,-38.99975111806442,0.0,-38.99975111806442,-38.369834006018635
18.01972222222229,-0.0,0,0.0,-0.0,0.6511821242437961,14536,14536,-39.000088063712056,0.0,-39.000088063712056,-39.000088063712056,0.0,-39.000088063712056,-38.369834006018635
18.020000000000067,-0.0,0,0.0,-0.0,0.6511821242437961,14538,14538,-39.006475605999704,0.0,-39.006475605999704,-39.006475605999704,0.0,-39.006475605999704,-38.369834006018635
18.020277777777846,-0.0,0,0.0,-0.0,0.6511821242437961,14538,14538,-39.00108158912163,0.0,-39.00108158912163,-39.00108158912163,0.0,-39.00108158912163,-38.369834006018635
18.020555555555624,-0.0,0,0.0,-0.0,0.6511821242437961,14538,14538,-38.989380299770154,0.0,-38.989380299770154,-38.989380299770154,0.0,-38.989380299770154,-38.369834006018635
18.020833333333403,-0.0,0,0.0,-0.0,0.6511821242437961,14538,14538,-38.989380299770154,0.0,-38.989380299770154,-38.989380299770154,0.0,-38.989380299770154,-38.369834006018635
18.021111111111182,-0.0,0,0.0,-0.0,0.6511821242437961,14539,14539,-38.99486018406137,0.0,-38.99486018406137,-38.99486018406137,0.0,-38.99486018406137,-38.369834006018635
18.02138888888896,-0.0,0,0.0,-0.0,0.6511821242437961,14540,14540,-38.996083233921176,0.0,-38.996083233921176,-38.996083233921176,0.0,-38.996083233921176,-38.369834006018635
18.02166666666674,-0.0,0,0.0,-0.0,0.6511821242437961,14540,14540,-38.996083233921176,0.0,-38.996083233921176,-38.996083233921176,0.0,-38.996083233921176,-38.369834006018635
18.021944444444518,-0.0,0,0.0,-0.0,0.6511821242437961,14542,14542,-39.00058652399151,0.0,-39.00058652399151,-39.00058652399151,0.0,-39.00058652399151,-38.369834006018635
18.022222222222297,-0.0,0,0.0,-0.0,0.6307525179728728,14542,14542,-38.99462896382496,0.0,-38.99462896382496,-38.99462896382496,0.0,-38.99462896382496,-38.369834006018635
18.022500000000075,-0.0,0,0.0,-0.0,0.6307525179728728,14543,14543,-38.99447134793015,0.0,-38.99447134793015,-38.99447134793015,0.0,-38.99447134793015,-38.369834006018635
18.022777777777854,-0.0,0,0.0,-0.0,0.6307525179728728,14545,14545,-39.00774531981487,0.0,-39.00774531981487,-39.00774531981487,0.0,-39.00774531981487,-38.369834006018635
18.023055555555633,-0.0,0,0.0,-0.0,0.6307525179728728,14545,14545,-39.00774531981487,0.0,-39.00774531981487,-39.00774531981487,0.0,-39.00774531981487,-38.369834006018635
18.02333333333341,-0.0,0,0.0,-0.0,0.6307525179728728,14546,14546,-39.01329904992639,0.0,-39.01329904992639,-39.01329904992639,0.0,-39.01329904992639,-38.369834006018635
18.02361111111119,-0.0,0,0.0,-0.0,0.6307525179728728,14546,14546,-38.989861065046746,0.0,-38.989861065046746,-38.989861065046746,0.0,-38.989861065046746,-38.369834006018635
18.02388888888897,-0.0,0,0.0,-0.0,0.6307525179728728,14546,14546,-38.98446892736217,0.0,-38.98446892736217,-38.98446892736217,0.0,-38.98446892736217,-38.369834006018635
18.024166666666748,-0.0,0,0.0,-0.0,0.6307525179728728,14548,14548,-38.98478104508582,0.0,-38.98478104508582,-38.98478104508582,0.0,-38.98478104508582,-38.369834006018635
18.024444444444526,-0.0,0,0.0,-0.0,0.6307525179728728,14549,14549,-38.97782394866304,0.0,-38.97782394866304,-38.97782394866304,0.0,-38.97782394866304,-38.369834006018635
18.024722222222305,-0.0,0,0.0,-0.0,0.6307525179728728,14551,14551,-38.98876556908915,0.0,-38.98876556908915,-38.98876556908915,0.0,-38.98876556908915,-38.369834006018635
18.025000000000084,-0.0,0,0.0,-0.0,0.6307525179728728,14552,14552,-38.98807030676469,0.0,-38.98807030676469,-38.98807030676469,0.0,-38.98807030676469,-38.369834006018635
18.025277777777863,-0.0,0,0.0,-0.0,0.6307525179728728,14552,14552,-38.98807030676469,0.0,-38.98807030676469,-38.98807030676469,0.0,-38.98807030676469,-38.369834006018635
18.02555555555564,-0.0,0,0.0,-0.0,0.6307525179728728,14553,14553,-38.994495128429435,0.0,-38.994495128429435,-38.994495128429435,0.0,-38.994495128429435,-38.369834006018635
18.02583333333342,-0.0,0,0.0,-0.0,0.6307525179728728,14555,14555,-39.00699819801127,0.0,-39.00699819801127,-39.00699819801127,0.0,-39.00699819801127,-38.369834006018635
18.0261111111112,-0.0,0,0.0,-0.0,0.6307525179728728,14557,14557,-39.018365377874304,0.0,-39.018365377874304,-39.018365377874304,0.0,-39.018365377874304,-38.369834006018635
18.026388888888977,-0.0,0,0.0,-0.0,0.6307525179728728,14557,14557,-39.018365377874304,0.0,-39.018365377874304,-39.018365377874304,0.0,-39.018365377874304,-38.369834006018635
18.026666666666756,-0.0,0,0.0,-0.0,0.6307525179728728,14557,14557,-39.018365377874304,0.0,-39.018365377874304,-39.018365377874304,0.0,-39.018365377874304,-38.369834006018635
18.026944444444535,-0.0,0,0.0,-0.0,0.6307525179728728,14557,14557,-39.018365377874304,0.0,-39.018365377874304,-39.018365377874304,0.0,-39.018365377874304,-38.369834006018635
18.027222222222314,-0.0,0,0.0,-0.0,0.6307525179728728,14557,14557,-39.01330196429369,0.0,-39.01330196429369,-39.01330196429369,0.0,-39.01330196429369,-38.369834006018635
18.027500000000092,-0.0,0,0.0,-0.0,0.6307525179728728,14558,14558,-39.01341600506392,0.0,-39.01341600506392,-39.01341600506392,0.0,-39.01341600506392,-38.369834006018635
18.02777777777787,-0.0,0,0.0,-0.0,0.6307525179728728,14560,14560,-39.024896867935546,0.0,-39.024896867935546,-39.024896867935546,0.0,-39.024896867935546,-38.369834006018635
18.02805555555565,-0.0,0,0.0,-0.0,0.6307525179728728,14561,14561,-39.03108160197724,0.0,-39.03108160197724,-39.03108160197724,0.0,-39.03108160197724,-38.369834006018635
18.02833333333343,-0.0,0,0.0,-0.0,0.6307525179728728,14563,14563,-39.036876710643334,0.0,-39.036876710643334,-39.036876710643334,0.0,-39.036876710643334,-38.369834006018635
18.028611111111207,-0.0,0,0.0,-0.0,0.6307525179728728,14563,14563,-39.03701211741117,0.0,-39.03701211741117,-39.03701211741117,0.0,-39.03701211741117,-38.369834006018635
18.028888888888986,-0.0,0,0.0,-0.0,0.6307525179728728,14564,14564,-39.04220624439606,0.0,-39.04220624439606,-39.04220624439606,0.0,-39.04220624439606,-38.369834006018635
18.029166666666764,-0.0,0,0.0,-0.0,0.6307525179728728,14564,14564,-39.04220624439606,0.0,-39.04220624439606,-39.04220624439606,0.0,-39.04220624439606,-38.369834006018635
18.029444444444543,-0.0,0,0.0,-0.0,0.6307525179728728,14566,14566,-39.053098487057184,0.0,-39.053098487057184,-39.053098487057184,0.0,-39.053098487057184,-38.369834006018635
18.029722222222322,-0.0,0,0.0,-0.0,0.6307525179728728,14567,14567,-39.054657219252505,0.0,-39.054657219252505,-39.054657219252505,0.0,-39.054657219252505,-38.369834006018635
18.0300000000001,-0.0,0,0.0,-0.0,0.6307525179728728,14568,14568,-39.06129448016758,0.0,-39.06129448016758,-39.06129448016758,0.0,-39.06129448016758,-38.369834006018635
18.03027777777788,-0.0,0,0.0,-0.0,0.6307525179728728,14568,14568,-39.06129448016758,0.0,-39.06129448016758,-39.06129448016758,0.0,-39.06129448016758,-38.369834006018635
18.030555555555658,-0.0,0,0.0,-0.0,0.6307525179728728,14569,14569,-39.05510171193618,0.0,-39.05510171193618,-39.05510171193618,0.0,-39.05510171193618,-38.369834006018635
18.030833333333437,-0.0,0,0.0,-0.0,0.6307525179728728,14570,14570,-39.060279922072446,0.0,-39.060279922072446,-39.060279922072446,0.0,-39.060279922072446,-38.369834006018635
18.031111111111215,-0.0,0,0.0,-0.0,0.6307525179728728,14570,14570,-39.060279922072446,0.0,-39.060279922072446,-39.060279922072446,0.0,-39.060279922072446,-38.369834006018635
18.031388888888994,-0.0,0,0.0,-0.0,0.6307525179728728,14570,14570,-39.04823830063823,0.0,-39.04823830063823,-39.04823830063823,0.0,-39.04823830063823,-38.369834006018635
18.031666666666773,-0.0,0,0.0,-0.0,0.6307525179728728,14570,14570,-39.04823830063823,0.0,-39.04823830063823,-39.04823830063823,0.0,-39.04823830063823,-38.369834006018635
18.03194444444455,-0.0,0,0.0,-0.0,0.6307525179728728,14571,14571,-39.04165830772939,0.0,-39.04165830772939,-39.04165830772939,0.0,-39.04165830772939,-38.369834006018635
18.03222222222233,-0.0,0,0.0,-0.0,0.6307525179728728,14572,14572,-39.042810143896524,0.0,-39.042810143896524,-39.042810143896524,0.0,-39.042810143896524,-38.369834006018635
18.03250000000011,-0.0,0,0.0,-0.0,0.6307525179728728,14573,14573,-39.04914160211908,0.0,-39.04914160211908,-39.04914160211908,0.0,-39.04914160211908,-38.369834006018635
18.032777777777888,-0.0,0,0.0,-0.0,0.6307525179728728,14575,14575,-39.05368107102159,0.0,-39.05368107102159,-39.05368107102159,0.0,-39.05368107102159,-38.369834006018635
18.033055555555666,-0.0,0,0.0,-0.0,0.6307525179728728,14576,14576,-39.05247971754857,0.0,-39.05247971754857,-39.05247971754857,0.0,-39.05247971754857,-38.369834006018635
18.033333333333445,-0.0,0,0.0,-0.0,0.6826457115299362,14577,14577,-39.05914576633168,0.0,-39.05914576633168,-39.05914576633168,0.0,-39.05914576633168,-38.369834006018635
18.033611111111224,-0.0,0,0.0,-0.0,0.6826457115299362,14577,14577,-39.05276975898208,0.0,-39.05276975898208,-39.05276975898208,0.0,-39.05276975898208,-38.369834006018635
18.033888888889003,-0.0,0,0.0,-0.0,0.6826457115299362,14578,14578,-39.0591913052092,0.0,-39.0591913052092,-39.0591913052092,0.0,-39.0591913052092,-38.369834006018635
18.03416666666678,-0.0,0,0.0,-0.0,0.6826457115299362,14578,14578,-39.05373910549339,0.0,-39.05373910549339,-39.05373910549339,0.0,-39.05373910549339,-38.369834006018635
18.03444444444456,-0.0,0,0.0,-0.0,0.6826457115299362,14579,14579,-39.05460671817177,0.0,-39.05460671817177,-39.05460671817177,0.0,-39.05460671817177,-38.369834006018635
18.03472222222234,-0.0,0,0.0,-0.0,0.6826457115299362,14579,14579,-39.03516382226242,0.0,-39.03516382226242,-39.03516382226242,0.0,-39.03516382226242,-38.369834006018635
18.035000000000117,-0.0,0,0.0,-0.0,0.6826457115299362,14581,14581,-39.04814558740391,0.0,-39.04814558740391,-39.04814558740391,0.0,-39.04814558740391,-38.369834006018635
18.035277777777896,-0.0,0,0.0,-0.0,0.6826457115299362,14581,14581,-39.04777930157851,0.0,-39.04777930157851,-39.04777930157851,0.0,-39.04777930157851,-38.369834006018635
18.035555555555675,-0.0,0,0.0,-0.0,0.6826457115299362,14581,14581,-39.02954504812489,0.0,-39.02954504812489,-39.02954504812489,0.0,-39.02954504812489,-38.369834006018635
18.035833333333454,-0.0,0,0.0,-0.0,0.6826457115299362,14582,14582,-39.03000492773147,0.0,-39.03000492773147,-39.03000492773147,0.0,-39.03000492773147,-38.369834006018635
18.036111111111232,-0.0,0,0.0,-0.0,0.6826457115299362,14582,14582,-39.01814062905354,0.0,-39.01814062905354,-39.01814062905354,0.0,-39.01814062905354,-38.369834006018635
18.03638888888901,-0.0,0,0.0,-0.0,0.6826457115299362,14582,14582,-39.01234099235413,0.0,-39.01234099235413,-39.01234099235413,0.0,-39.01234099235413,-38.369834006018635
18.03666666666679,-0.0,0,0.0,-0.0,0.6826457115299362,14582,14582,-39.00693536340059,0.0,-39.00693536340059,-39.00693536340059,0.0,-39.00693536340059,-38.369834006018635
18.03694444444457,-0.0,0,0.0,-0.0,0.6826457115299362,14584,14584,-39.011963980298134,0.0,-39.011963980298134,-39.011963980298134,0.0,-39.011963980298134,-38.369834006018635
18.037222222222347,-0.0,0,0.0,-0.0,0.6826457115299362,14586,14586,-39.025184446833215,0.0,-39.025184446833215,-39.025184446833215,0.0,-39.025184446833215,-38.369834006018635
18.037500000000126,-0.0,0,0.0,-0.0,0.6826457115299362,14587,14587,-39.02519646930272,0.0,-39.02519646930272,-39.02519646930272,0.0,-39.02519646930272,-38.369834006018635
18.037777777777904,-0.0,0,0.0,-0.0,0.6826457115299362,14588,14588,-39.032060492105636,0.0,-39.032060492105636,-39.032060492105636,0.0,-39.032060492105636,-38.369834006018635
18.038055555555683,-0.0,0,0.0,-0.0,0.6826457115299362,14589,14589,-39.03737309035143,0.0,-39.03737309035143,-39.03737309035143,0.0,-39.03737309035143,-38.369834006018635
18.038333333333462,-0.0,0,0.0,-0.0,0.6826457115299362,14590,14590,-39.04299479402823,0.0,-39.04299479402823,-39.04299479402823,0.0,-39.04299479402823,-38.369834006018635
18.03861111111124,-0.0,0,0.0,-0.0,0.6826457115299362,14592,14592,-39.04850197348912,0.0,-39.04850197348912,-39.04850197348912,0.0,-39.04850197348912,-38.369834006018635
18.03888888888902,-0.0,0,0.0,-0.0,0.6826457115299362,14594,14594,-39.048087672470125,0.0,-39.048087672470125,-39.048087672470125,0.0,-39.048087672470125,-38.369834006018635
18.039166666666798,-0.0,0,0.0,-0.0,0.6826457115299362,14594,14594,-39.048087672470125,0.0,-39.048087672470125,-39.048087672470125,0.0,-39.048087672470125,-38.369834006018635
18.039444444444577,-0.0,0,0.0,-0.0,0.6826457115299362,14594,14594,-39.048087672470125,0.0,-39.048087672470125,-39.048087672470125,0.0,-39.048087672470125,-38.369834006018635
18.039722222222355,-0.0,0,0.0,-0.0,0.6826457115299362,14595,14595,-39.04685371899995,0.0,-39.04685371899995,-39.04685371899995,0.0,-39.04685371899995,-38.369834006018635
18.040000000000134,-0.0,0,0.0,-0.0,0.6826457115299362,14595,14595,-39.04685371899995,0.0,-39.04685371899995,-39.04685371899995,0.0,-39.04685371899995,-38.369834006018635
18.040277777777913,-0.0,0,0.0,-0.0,0.6826457115299362,14595,14595,-39.04685371899995,0.0,-39.04685371899995,-39.04685371899995,0.0,-39.04685371899995,-38.369834006018635
18.04055555555569,-0.0,0,0.0,-0.0,0.6826457115299362,14598,14598,-39.05344345559443,0.0,-39.05344345559443,-39.05344345559443,0.0,-39.05344345559443,-38.369834006018635
18.04083333333347,-0.0,0,0.0,-0.0,0.6826457115299362,14598,14598,-39.04181708723151,0.0,-39.04181708723151,-39.04181708723151,0.0,-39.04181708723151,-38.369834006018635
18.04111111111125,-0.0,0,0.0,-0.0,0.6826457115299362,14600,14600,-39.04920704648069,0.0,-39.04920704648069,-39.04920704648069,0.0,-39.04920704648069,-38.369834006018635
18.041388888889028,-0.0,0,0.0,-0.0,0.6826457115299362,14602,14602,-39.05505635050997,0.0,-39.05505635050997,-39.05505635050997,0.0,-39.05505635050997,-38.369834006018635
18.041666666666806,-0.0,0,0.0,-0.0,0.6826457115299362,14602,14602,-39.05505635050997,0.0,-39.05505635050997,-39.05505635050997,0.0,-39.05505635050997,-38.369834006018635
18.041944444444585,-0.0,0,0.0,-0.0,0.6826457115299362,14602,14602,-39.05505635050997,0.0,-39.05505635050997,-39.05505635050997,0.0,-39.05505635050997,-38.369834006018635
18.042222222222364,-0.0,0,0.0,-0.0,0.6826457115299362,14603,14603,-39.06005969208496,0.0,-39.06005969208496,-39.06005969208496,0.0,-39.06005969208496,-38.369834006018635
18.042500000000143,-0.0,0,0.0,-0.0,0.6826457115299362,14603,14603,-39.05432673078904,0.0,-39.05432673078904,-39.05432673078904,0.0,-39.05432673078904,-38.369834006018635
18.04277777777792,-0.0,0,0.0,-0.0,0.6826457115299362,14605,14605,-39.06683202612948,0.0,-39.06683202612948,-39.06683202612948,0.0,-39.06683202612948,-38.369834006018635
18.0430555555557,-0.0,0,0.0,-0.0,0.6826457115299362,14607,14607,-39.06249482193483,0.0,-39.06249482193483,-39.06249482193483,0.0,-39.06249482193483,-38.369834006018635
18.04333333333348,-0.0,0,0.0,-0.0,0.6826457115299362,14609,14609,-39.07431902535462,0.0,-39.07431902535462,-39.07431902535462,0.0,-39.07431902535462,-38.369834006018635
18.043611111111257,-0.0,0,0.0,-0.0,0.6826457115299362,14614,14614,-39.097190303139904,0.0,-39.097190303139904,-39.097190303139904,0.0,-39.097190303139904,-38.369834006018635
18.043888888889036,-0.0,0,0.0,-0.0,0.6826457115299362,14616,14616,-39.103340388706926,0.0,-39.103340388706926,-39.103340388706926,0.0,-39.103340388706926,-38.369834006018635
18.044166666666815,-0.0,0,0.0,-0.0,0.6826457115299362,14616,14616,-39.09706133018525,0.0,-39.09706133018525,-39.09706133018525,0.0,-39.09706133018525,-38.369834006018635
18.044444444444594,-0.0,0,0.0,-0.0,0.7272273241666127,14618,14618,-39.096319995840155,0.0,-39.096319995840155,-39.096319995840155,0.0,-39.096319995840155,-38.369834006018635
18.044722222222372,-0.0,0,0.0,-0.0,0.7272273241666127,14619,14619,-39.10195952314618,0.0,-39.10195952314618,-39.10195952314618,0.0,-39.10195952314618,-38.369834006018635
18.04500000000015,-0.0,0,0.0,-0.0,0.7272273241666127,14620,14620,-39.09226675717053,0.0,-39.09226675717053,-39.09226675717053,0.0,-39.09226675717053,-38.369834006018635
18.04527777777793,-0.0,0,0.0,-0.0,0.7272273241666127,14621,14621,-39.087912607309185,0.0,-39.087912607309185,-39.087912607309185,0.0,-39.087912607309185,-38.369834006018635
18.04555555555571,-0.0,0,0.0,-0.0,0.7272273241666127,14622,14622,-39.07589400842087,0.0,-39.07589400842087,-39.07589400842087,0.0,-39.07589400842087,-38.369834006018635
18.045833333333487,-0.0,0,0.0,-0.0,0.7272273241666127,14622,14622,-39.07589400842087,0.0,-39.07589400842087,-39.07589400842087,0.0,-39.07589400842087,-38.369834006018635
18.046111111111266,-0.0,0,0.0,-0.0,0.7272273241666127,14623,14623,-39.08155512300943,0.0,-39.08155512300943,-39.08155512300943,0.0,-39.08155512300943,-38.369834006018635
18.046388888889044,-0.0,0,0.0,-0.0,0.7272273241666127,14625,14625,-39.09245644532619,0.0,-39.09245644532619,-39.09245644532619,0.0,-39.09245644532619,-38.369834006018635
18.046666666666823,-0.0,0,0.0,-0.0,0.7272273241666127,14625,14625,-39.079756189208815,0.0,-39.079756189208815,-39.079756189208815,0.0,-39.079756189208815,-38.369834006018635
18.046944444444602,-0.0,0,0.0,-0.0,0.7272273241666127,14625,14625,-39.079756189208815,0.0,-39.079756189208815,-39.079756189208815,0.0,-39.079756189208815,-38.369834006018635
18.04722222222238,-0.0,0,0.0,-0.0,0.7272273241666127,14626,14626,-39.08583904343921,0.0,-39.08583904343921,-39.08583904343921,0.0,-39.08583904343921,-38.369834006018635
18.04750000000016,-0.0,0,0.0,-0.0,0.7272273241666127,14627,14627,-39.086440200513216,0.0,-39.086440200513216,-39.086440200513216,0.0,-39.086440200513216,-38.369834006018635
18.047777777777938,-0.0,0,0.0,-0.0,0.7272273241666127,14627,14627,-39.079497059198545,0.0,-39.079497059198545,-39.079497059198545,0.0,-39.079497059198545,-38.369834006018635
18.048055555555717,-0.0,0,0.0,-0.0,0.7272273241666127,14627,14627,-39.079497059198545,0.0,-39.079497059198545,-39.079497059198545,0.0,-39.079497059198545,-38.369834006018635
18.048333333333495,-0.0,0,0.0,-0.0,0.7272273241666127,14627,14627,-39.074138115633964,0.0,-39.074138115633964,-39.074138115633964,0.0,-39.074138115633964,-38.369834006018635
18.048611111111274,-0.0,0,0.0,-0.0,0.7272273241666127,14627,14627,-39.067772764311535,0.0,-39.067772764311535,-39.067772764311535,0.0,-39.067772764311535,-38.369834006018635
18.048888888889053,-0.0,0,0.0,-0.0,0.7272273241666127,14628,14628,-39.06647907350291,0.0,-39.06647907350291,-39.06647907350291,0.0,-39.06647907350291,-38.369834006018635
18.04916666666683,-0.0,0,0.0,-0.0,0.7272273241666127,14628,14628,-39.061016427483885,0.0,-39.061016427483885,-39.061016427483885,0.0,-39.061016427483885,-38.369834006018635
18.04944444444461,-0.0,0,0.0,-0.0,0.7272273241666127,14630,14630,-39.07283282427385,0.0,-39.07283282427385,-39.07283282427385,0.0,-39.07283282427385,-38.369834006018635
18.04972222222239,-0.0,0,0.0,-0.0,0.7272273241666127,14631,14631,-39.07950656687148,0.0,-39.07950656687148,-39.07950656687148,0.0,-39.07950656687148,-38.369834006018635
18.050000000000168,-0.0,0,0.0,-0.0,0.7272273241666127,14632,14632,-39.08600515800055,0.0,-39.08600515800055,-39.08600515800055,0.0,-39.08600515800055,-38.369834006018635
18.050277777777946,-0.0,0,0.0,-0.0,0.7272273241666127,14632,14632,-39.08600515800055,0.0,-39.08600515800055,-39.08600515800055,0.0,-39.08600515800055,-38.369834006018635
18.050555555555725,-0.0,0,0.0,-0.0,0.7272273241666127,14633,14633,-39.08008616085005,0.0,-39.08008616085005,-39.08008616085005,0.0,-39.08008616085005,-38.369834006018635
18.050833333333504,-0.0,0,0.0,-0.0,0.7272273241666127,14633,14633,-39.08008616085005,0.0,-39.08008616085005,-39.08008616085005,0.0,-39.08008616085005,-38.369834006018635
18.051111111111283,-0.0,0,0.0,-0.0,0.7272273241666127,14634,14634,-39.08654968750555,0.0,-39.08654968750555,-39.08654968750555,0.0,-39.08654968750555,-38.369834006018635
18.05138888888906,-0.0,0,0.0,-0.0,0.7272273241666127,14636,14636,-39.091551302708964,0.0,-39.091551302708964,-39.091551302708964,0.0,-39.091551302708964,-38.369834006018635
18.05166666666684,-0.0,0,0.0,-0.0,0.7272273241666127,14636,14636,-39.08637728946674,0.0,-39.08637728946674,-39.08637728946674,0.0,-39.08637728946674,-38.369834006018635
18.05194444444462,-0.0,0,0.0,-0.0,0.7272273241666127,14637,14637,-39.092708401580644,0.0,-39.092708401580644,-39.092708401580644,0.0,-39.092708401580644,-38.369834006018635
18.052222222222397,-0.0,0,0.0,-0.0,0.7272273241666127,14638,14638,-39.08560330461561,0.0,-39.08560330461561,-39.08560330461561,0.0,-39.08560330461561,-38.369834006018635
18.052500000000176,-0.0,0,0.0,-0.0,0.7272273241666127,14638,14638,-39.079596885457605,0.0,-39.079596885457605,-39.079596885457605,0.0,-39.079596885457605,-38.369834006018635
18.052777777777955,-0.0,0,0.0,-0.0,0.7272273241666127,14639,14639,-39.08473633500781,0.0,-39.08473633500781,-39.08473633500781,0.0,-39.08473633500781,-38.369834006018635
18.053055555555733,-0.0,0,0.0,-0.0,0.7272273241666127,14640,14640,-39.085282774245314,0.0,-39.085282774245314,-39.085282774245314,0.0,-39.085282774245314,-38.369834006018635
18.053333333333512,0.0,0,0.0,-0.0,0.7272273241666127,14641,14641,-39.08600809605071,0.0,-39.08600809605071,-39.08600809605071,0.0,-39.08600809605071,-38.369834006018635
18.05361111111129,0.0,0,0.0,-0.0,0.7272273241666127,14642,14642,-39.08454941923726,0.0,-39.08454941923726,-39.08454941923726,0.0,-39.08454941923726,-38.369834006018635
18.05388888888907,0.0,0,0.0,-0.0,0.7272273241666127,14642,14642,-39.08454941923726,0.0,-39.08454941923726,-39.08454941923726,0.0,-39.08454941923726,-38.369834006018635
18.05416666666685,0.0,0,0.0,-0.0,0.7272273241666127,14643,14643,-39.09059063677755,0.0,-39.09059063677755,-39.09059063677755,0.0,-39.09059063677755,-38.369834006018635
18.054444444444627,0.0,0,0.0,-0.0,0.7272273241666127,14643,14643,-39.09059063677755,0.0,-39.09059063677755,-39.09059063677755,0.0,-39.09059063677755,-38.369834006018635
18.054722222222406,0.0,0,0.0,-0.0,0.7272273241666127,14644,14644,-39.09107396409389,0.0,-39.09107396409389,-39.09107396409389,0.0,-39.09107396409389,-38.369834006018635
18.055000000000184,0.0,0,0.0,-0.0,0.7272273241666127,14645,14645,-39.097328312121185,0.0,-39.097328312121185,-39.097328312121185,0.0,-39.097328312121185,-38.369834006018635
18.055277777777963,0.0,0,0.0,-0.0,0.7272273241666127,14645,14645,-39.08512198722456,0.0,-39.08512198722456,-39.08512198722456,0.0,-39.08512198722456,-38.369834006018635
18.055555555555742,0.0,0,0.0,0.0,0.7152879812059254,14648,14648,-39.09758110896813,0.0,-39.09758110896813,-39.09758110896813,0.0,-39.09758110896813,-38.369834006018635
18.05583333333352,0.0,0,0.0,0.0,0.7152879812059254,14648,14648,-39.09231246115777,0.0,-39.09231246115777,-39.09231246115777,0.0,-39.09231246115777,-38.369834006018635
18.0561111111113,0.0,0,0.0,0.0,0.7152879812059254,14648,14648,-39.09231246115777,0.0,-39.09231246115777,-39.09231246115777,0.0,-39.09231246115777,-38.369834006018635
18.056388888889078,0.0,0,0.0,0.0,0.7152879812059254,14647,14647,-39.09231246115777,0.0,-39.09231246115777,-39.09231246115777,0.0,-39.09231246115777,-38.369834006018635
18.056666666666857,0.0,0,0.0,0.0,0.7152879812059254,14648,14648,-39.09262639731637,0.0,-39.09262639731637,-39.09262639731637,0.0,-39.09262639731637,-38.369834006018635
18.056944444444635,0.0,0,0.0,0.0,0.7152879812059254,14650,14650,-39.09948304200927,0.0,-39.09948304200927,-39.09948304200927,0.0,-39.09948304200927,-38.369834006018635
18.057222222222414,0.0,0,0.0,0.0,0.7152879812059254,14651,14651,-39.10460299062427,0.0,-39.10460299062427,-39.10460299062427,0.0,-39.10460299062427,-38.369834006018635
18.057500000000193,0.0,0,0.0,0.0,0.7152879812059254,14652,14652,-39.111026628781026,0.0,-39.111026628781026,-39.111026628781026,0.0,-39.111026628781026,-38.369834006018635
18.05777777777797,0.0,0,0.0,0.0,0.7152879812059254,14653,14653,-39.11645481070556,0.0,-39.11645481070556,-39.11645481070556,0.0,-39.11645481070556,-38.369834006018635
18.05805555555575,0.0,0,0.0,0.0,0.7152879812059254,14653,14653,-39.11645481070556,0.0,-39.11645481070556,-39.11645481070556,0.0,-39.11645481070556,-38.369834006018635
18.05833333333353,0.0,0,0.0,0.0,0.7152879812059254,14653,14653,-39.11645481070556,0.0,-39.11645481070556,-39.11645481070556,0.0,-39.11645481070556,-38.369834006018635
18.058611111111308,0.0,0,0.0,0.0,0.7152879812059254,14653,14653,-39.11645481070556,0.0,-39.11645481070556,-39.11645481070556,0.0,-39.11645481070556,-38.369834006018635
18.058888888889086,0.0,0,0.0,0.0,0.7152879812059254,14654,14654,-39.122669515687974,0.0,-39.122669515687974,-39.122669515687974,0.0,-39.122669515687974,-38.369834006018635
18.059166666666865,0.0,0,0.0,0.0,0.7152879812059254,14654,14654,-39.122669515687974,0.0,-39.122669515687974,-39.122669515687974,0.0,-39.122669515687974,-38.369834006018635
18.059444444444644,0.0,0,0.0,0.0,0.7152879812059254,14655,14655,-39.12147077056073,0.0,-39.12147077056073,-39.12147077056073,0.0,-39.12147077056073,-38.369834006018635
18.059722222222423,0.0,0,0.0,0.0,0.7152879812059254,14656,14656,-39.10792808175555,0.0,-39.10792808175555,-39.10792808175555,0.0,-39.10792808175555,-38.369834006018635
18.0600000000002,0.0,0,0.0,0.0,0.7152879812059254,14656,14656,-39.10792808175555,0.0,-39.10792808175555,-39.10792808175555,0.0,-39.10792808175555,-38.369834006018635
18.06027777777798,0.0,0,0.0,0.0,0.7152879812059254,14657,14657,-39.11480315618921,0.0,-39.11480315618921,-39.11480315618921,0.0,-39.11480315618921,-38.369834006018635
18.06055555555576,0.0,0,0.0,0.0,0.7152879812059254,14657,14657,-39.10838727840966,0.0,-39.10838727840966,-39.10838727840966,0.0,-39.10838727840966,-38.369834006018635
18.060833333333537,0.0,0,0.0,0.0,0.7152879812059254,14657,14657,-39.102929914752224,0.0,-39.102929914752224,-39.102929914752224,0.0,-39.102929914752224,-38.369834006018635
18.061111111111316,0.0,0,0.0,0.0,0.7152879812059254,14657,14657,-39.09607142547728,0.0,-39.09607142547728,-39.09607142547728,0.0,-39.09607142547728,-38.369834006018635
18.061388888889095,0.0,0,0.0,0.0,0.7152879812059254,14658,14658,-39.09686648627546,0.0,-39.09686648627546,-39.09686648627546,0.0,-39.09686648627546,-38.369834006018635
18.061666666666873,0.0,0,0.0,0.0,0.7152879812059254,14658,14658,-39.09686648627546,0.0,-39.09686648627546,-39.09686648627546,0.0,-39.09686648627546,-38.369834006018635
18.061944444444652,0.0,0,0.0,0.0,0.7152879812059254,14659,14659,-39.096984423285456,0.0,-39.096984423285456,-39.096984423285456,0.0,-39.096984423285456,-38.369834006018635
18.06222222222243,0.0,0,0.0,0.0,0.7152879812059254,14661,14661,-39.10256393457497,0.0,-39.10256393457497,-39.10256393457497,0.0,-39.10256393457497,-38.369834006018635
18.06250000000021,0.0,0,0.0,0.0,0.7152879812059254,14663,14663,-39.108445382500015,0.0,-39.108445382500015,-39.108445382500015,0.0,-39.108445382500015,-38.369834006018635
18.06277777777799,0.0,0,0.0,0.0,0.7152879812059254,14664,14664,-39.11468737232241,0.0,-39.11468737232241,-39.11468737232241,0.0,-39.11468737232241,-38.369834006018635
18.063055555555767,0.0,0,0.0,0.0,0.7152879812059254,14664,14664,-39.10200265116895,0.0,-39.10200265116895,-39.10200265116895,0.0,-39.10200265116895,-38.369834006018635
18.063333333333546,0.0,0,0.0,0.0,0.7152879812059254,14665,14665,-39.102884242187606,0.0,-39.102884242187606,-39.102884242187606,0.0,-39.102884242187606,-38.369834006018635
18.063611111111324,0.0,0,0.0,0.0,0.7152879812059254,14667,14667,-39.1135735354789,0.0,-39.1135735354789,-39.1135735354789,0.0,-39.1135735354789,-38.369834006018635
18.063888888889103,0.0,0,0.0,0.0,0.7152879812059254,14667,14667,-39.1135735354789,0.0,-39.1135735354789,-39.1135735354789,0.0,-39.1135735354789,-38.369834006018635
18.064166666666882,0.0,0,0.0,0.0,0.7152879812059254,14668,14668,-39.10831427132789,0.0,-39.10831427132789,-39.10831427132789,0.0,-39.10831427132789,-38.369834006018635
18.06444444444466,0.0,0,0.0,0.0,0.7152879812059254,14669,14669,-39.11455222416045,0.0,-39.11455222416045,-39.11455222416045,0.0,-39.11455222416045,-38.369834006018635
18.06472222222244,0.0,0,0.0,0.0,0.7152879812059254,14669,14669,-39.11455222416045,0.0,-39.11455222416045,-39.11455222416045,0.0,-39.11455222416045,-38.369834006018635
18.065000000000218,0.0,0,0.0,0.0,0.7152879812059254,14669,14669,-39.11455222416045,0.0,-39.11455222416045,-39.11455222416045,0.0,-39.11455222416045,-38.369834006018635
18.065277777777997,0.0,0,0.0,0.0,0.7152879812059254,14669,14669,-39.11455222416045,0.0,-39.11455222416045,-39.11455222416045,0.0,-39.11455222416045,-38.369834006018635
18.065555555555775,0.0,0,0.0,0.0,0.7152879812059254,14670,14670,-39.120949608421725,0.0,-39.120949608421725,-39.120949608421725,0.0,-39.120949608421725,-38.369834006018635
18.065833333333554,0.0,0,0.0,0.0,0.7152879812059254,14671,14671,-39.11636074056475,0.0,-39.11636074056475,-39.11636074056475,0.0,-39.11636074056475,-38.369834006018635
18.066111111111333,0.0,0,0.0,0.0,0.7152879812059254,14673,14673,-39.12340694972585,0.0,-39.12340694972585,-39.12340694972585,0.0,-39.12340694972585,-38.369834006018635
18.06638888888911,0.0,0,0.0,0.0,0.7152879812059254,14673,14673,-39.12340694972585,0.0,-39.12340694972585,-39.12340694972585,0.0,-39.12340694972585,-38.369834006018635
18.06666666666689,0.0,0,0.0,0.0,0.7535729437072121,14674,14674,-39.12948118835226,0.0,-39.12948118835226,-39.12948118835226,0.0,-39.12948118835226,-38.369834006018635
18.06694444444467,0.0,0,0.0,0.0,0.7535729437072121,14675,14675,-39.13557276612302,0.0,-39.13557276612302,-39.13557276612302,0.0,-39.13557276612302,-38.369834006018635
18.067222222222448,0.0,0,0.0,0.0,0.7535729437072121,14677,14677,-39.14873248913365,0.0,-39.14873248913365,-39.14873248913365,0.0,-39.14873248913365,-38.369834006018635
18.067500000000226,0.0,0,0.0,0.0,0.7535729437072121,14678,14678,-39.14875528961406,0.0,-39.14875528961406,-39.14875528961406,0.0,-39.14875528961406,-38.369834006018635
18.067777777778005,0.0,0,0.0,0.0,0.7535729437072121,14679,14679,-39.148662240091916,0.0,-39.148662240091916,-39.148662240091916,0.0,-39.148662240091916,-38.369834006018635
18.068055555555784,0.0,0,0.0,0.0,0.7535729437072121,14681,14681,-39.16049430537645,0.0,-39.16049430537645,-39.16049430537645,0.0,-39.16049430537645,-38.369834006018635
18.068333333333563,0.0,0,0.0,0.0,0.7535729437072121,14682,14682,-39.16131178124949,0.0,-39.16131178124949,-39.16131178124949,0.0,-39.16131178124949,-38.369834006018635
18.06861111111134,0.0,0,0.0,0.0,0.7535729437072121,14683,14683,-39.162039674058875,0.0,-39.162039674058875,-39.162039674058875,0.0,-39.162039674058875,-38.369834006018635
18.06888888888912,0.0,0,0.0,0.0,0.7535729437072121,14686,14686,-39.167485312520874,0.0,-39.167485312520874,-39.167485312520874,0.0,-39.167485312520874,-38.369834006018635
18.0691666666669,0.0,0,0.0,0.0,0.7535729437072121,14686,14686,-39.16211157193148,0.0,-39.16211157193148,-39.16211157193148,0.0,-39.16211157193148,-38.369834006018635
18.069444444444677,0.0,0,0.0,0.0,0.7535729437072121,14687,14687,-39.162420732975924,0.0,-39.162420732975924,-39.162420732975924,0.0,-39.162420732975924,-38.369834006018635
18.069722222222456,0.0,0,0.0,0.0,0.7535729437072121,14687,14687,-39.1491002998114,0.0,-39.1491002998114,-39.1491002998114,0.0,-39.1491002998114,-38.369834006018635
18.070000000000235,0.0,0,0.0,0.0,0.7535729437072121,14689,14689,-39.15561005578331,0.0,-39.15561005578331,-39.15561005578331,0.0,-39.15561005578331,-38.369834006018635
18.070277777778013,0.0,0,0.0,0.0,0.7535729437072121,14689,14689,-39.15561005578331,0.0,-39.15561005578331,-39.15561005578331,0.0,-39.15561005578331,-38.369834006018635
18.070555555555792,0.0,0,0.0,0.0,0.7535729437072121,14689,14689,-39.14869481816964,0.0,-39.14869481816964,-39.14869481816964,0.0,-39.14869481816964,-38.369834006018635
18.07083333333357,0.0,0,0.0,0.0,0.7535729437072121,14691,14691,-39.16108252443807,0.0,-39.16108252443807,-39.16108252443807,0.0,-39.16108252443807,-38.369834006018635
18.07111111111135,0.0,0,0.0,0.0,0.7535729437072121,14692,14692,-39.15103441221759,0.0,-39.15103441221759,-39.15103441221759,0.0,-39.15103441221759,-38.369834006018635
18.07138888888913,0.0,0,0.0,0.0,0.7535729437072121,14694,14694,-39.15759310518836,0.0,-39.15759310518836,-39.15759310518836,0.0,-39.15759310518836,-38.369834006018635
18.071666666666907,0.0,0,0.0,0.0,0.7535729437072121,14696,14696,-39.16382205300201,0.0,-39.16382205300201,-39.16382205300201,0.0,-39.16382205300201,-38.369834006018635
18.071944444444686,0.0,0,0.0,0.0,0.7535729437072121,14698,14698,-39.164437650931255,0.0,-39.164437650931255,-39.164437650931255,0.0,-39.164437650931255,-38.369834006018635
18.072222222222464,0.0,0,0.0,0.0,0.7535729437072121,14698,14698,-39.164437650931255,0.0,-39.164437650931255,-39.164437650931255,0.0,-39.164437650931255,-38.369834006018635
18.072500000000243,0.0,0,0.0,0.0,0.7535729437072121,14698,14698,-39.164437650931255,0.0,-39.164437650931255,-39.164437650931255,0.0,-39.164437650931255,-38.369834006018635
18.072777777778022,0.0,0,0.0,0.0,0.7535729437072121,14698,14698,-39.1524335529008,0.0,-39.1524335529008,-39.1524335529008,0.0,-39.1524335529008,-38.369834006018635
18.0730555555558,0.0,0,0.0,0.0,0.7535729437072121,14699,14699,-39.15936658931352,0.0,-39.15936658931352,-39.15936658931352,0.0,-39.15936658931352,-38.369834006018635
18.07333333333358,0.0,0,0.0,0.0,0.7535729437072121,14701,14701,-39.17253053291925,0.0,-39.17253053291925,-39.17253053291925,0.0,-39.17253053291925,-38.369834006018635
18.073611111111358,0.0,0,0.0,0.0,0.7535729437072121,14702,14702,-39.17329245161346,0.0,-39.17329245161346,-39.17329245161346,0.0,-39.17329245161346,-38.369834006018635
18.073888888889137,0.0,0,0.0,0.0,0.7535729437072121,14702,14702,-39.167087967391126,0.0,-39.167087967391126,-39.167087967391126,0.0,-39.167087967391126,-38.369834006018635
18.074166666666915,0.0,0,0.0,0.0,0.7535729437072121,14702,14702,-39.161654391844436,0.0,-39.161654391844436,-39.161654391844436,0.0,-39.161654391844436,-38.369834006018635
18.074444444444694,0.0,0,0.0,0.0,0.7535729437072121,14703,14703,-39.167042686808784,0.0,-39.167042686808784,-39.167042686808784,0.0,-39.167042686808784,-38.369834006018635
18.074722222222473,0.0,0,0.0,0.0,0.7535729437072121,14703,14703,-39.15476179433547,0.0,-39.15476179433547,-39.15476179433547,0.0,-39.15476179433547,-38.369834006018635
18.07500000000025,0.0,0,0.0,0.0,0.7535729437072121,14703,14703,-39.150009278668875,0.0,-39.150009278668875,-39.150009278668875,0.0,-39.150009278668875,-38.369834006018635
18.07527777777803,0.0,0,0.0,0.0,0.7535729437072121,14703,14703,-39.150009278668875,0.0,-39.150009278668875,-39.150009278668875,0.0,-39.150009278668875,-38.369834006018635
18.07555555555581,0.0,0,0.0,0.0,0.7535729437072121,14703,14703,-39.150009278668875,0.0,-39.150009278668875,-39.150009278668875,0.0,-39.150009278668875,-38.369834006018635
18.075833333333588,0.0,0,0.0,0.0,0.7535729437072121,14703,14703,-39.150009278668875,0.0,-39.150009278668875,-39.150009278668875,0.0,-39.150009278668875,-38.369834006018635
18.076111111111366,0.0,0,0.0,0.0,0.7535729437072121,14704,14704,-39.149857555991595,0.0,-39.149857555991595,-39.149857555991595,0.0,-39.149857555991595,-38.369834006018635
18.076388888889145,0.0,0,0.0,0.0,0.7535729437072121,14705,14705,-39.150068208303416,0.0,-39.150068208303416,-39.150068208303416,0.0,-39.150068208303416,-38.369834006018635
18.076666666666924,0.0,0,0.0,0.0,0.7535729437072121,14706,14706,-39.151492013289634,0.0,-39.151492013289634,-39.151492013289634,0.0,-39.151492013289634,-38.369834006018635
18.076944444444702,0.0,0,0.0,0.0,0.7535729437072121,14707,14707,-39.15848794288437,0.0,-39.15848794288437,-39.15848794288437,0.0,-39.15848794288437,-38.369834006018635
18.07722222222248,0.0,0,0.0,0.0,0.7535729437072121,14708,14708,-39.16362880560651,0.0,-39.16362880560651,-39.16362880560651,0.0,-39.16362880560651,-38.369834006018635
18.07750000000026,0.0,0,0.0,0.0,0.7535729437072121,14709,14709,-39.162905797525084,0.0,-39.162905797525084,-39.162905797525084,0.0,-39.162905797525084,-38.369834006018635
18.07777777777804,0.0,0,0.0,0.0,0.7930717915064491,14710,14710,-39.15132056848671,0.0,-39.15132056848671,-39.15132056848671,0.0,-39.15132056848671,-38.369834006018635
18.078055555555817,0.0,0,0.0,0.0,0.7930717915064491,14711,14711,-39.158023858105516,0.0,-39.158023858105516,-39.158023858105516,0.0,-39.158023858105516,-38.369834006018635
18.078333333333596,0.0,0,0.0,0.0,0.7930717915064491,14712,14712,-39.16449637392297,0.0,-39.16449637392297,-39.16449637392297,0.0,-39.16449637392297,-38.369834006018635
18.078611111111375,0.0,0,0.0,0.0,0.7930717915064491,14714,14714,-39.17722672567859,0.0,-39.17722672567859,-39.17722672567859,0.0,-39.17722672567859,-38.369834006018635
18.078888888889153,0.0,0,0.0,0.0,0.7930717915064491,14716,14716,-39.1884926231112,0.0,-39.1884926231112,-39.1884926231112,0.0,-39.1884926231112,-38.369834006018635
18.079166666666932,0.0,0,0.0,0.0,0.7930717915064491,14716,14716,-39.1884926231112,0.0,-39.1884926231112,-39.1884926231112,0.0,-39.1884926231112,-38.369834006018635
18.07944444444471,0.0,0,0.0,0.0,0.7930717915064491,14717,14717,-39.19361659422255,0.0,-39.19361659422255,-39.19361659422255,0.0,-39.19361659422255,-38.369834006018635
18.07972222222249,0.0,0,0.0,0.0,0.7930717915064491,14717,14717,-39.19361659422255,0.0,-39.19361659422255,-39.19361659422255,0.0,-39.19361659422255,-38.369834006018635
18.08000000000027,0.0,0,0.0,0.0,0.7930717915064491,14719,14719,-39.20537808264773,0.0,-39.20537808264773,-39.20537808264773,0.0,-39.20537808264773,-38.369834006018635
18.080277777778047,0.0,0,0.0,0.0,0.7930717915064491,14719,14719,-39.20537808264773,0.0,-39.20537808264773,-39.20537808264773,0.0,-39.20537808264773,-38.369834006018635
18.080555555555826,0.0,0,0.0,0.0,0.7930717915064491,14719,14719,-39.200357004569874,0.0,-39.200357004569874,-39.200357004569874,0.0,-39.200357004569874,-38.369834006018635
18.080833333333604,0.0,0,0.0,0.0,0.7930717915064491,14719,14719,-39.194252440603265,0.0,-39.194252440603265,-39.194252440603265,0.0,-39.194252440603265,-38.369834006018635
18.081111111111383,0.0,0,0.0,0.0,0.7930717915064491,14720,14720,-39.20075725358975,0.0,-39.20075725358975,-39.20075725358975,0.0,-39.20075725358975,-38.369834006018635
18.081388888889162,0.0,0,0.0,0.0,0.7930717915064491,14720,14720,-39.20075725358975,0.0,-39.20075725358975,-39.20075725358975,0.0,-39.20075725358975,-38.369834006018635
18.08166666666694,0.0,0,0.0,0.0,0.7930717915064491,14722,14722,-39.21217887118955,0.0,-39.21217887118955,-39.21217887118955,0.0,-39.21217887118955,-38.369834006018635
18.08194444444472,0.0,0,0.0,0.0,0.7930717915064491,14725,14725,-39.21757660198692,0.0,-39.21757660198692,-39.21757660198692,0.0,-39.21757660198692,-38.369834006018635
18.082222222222498,0.0,0,0.0,0.0,0.7930717915064491,14727,14727,-39.230408452830076,0.0,-39.230408452830076,-39.230408452830076,0.0,-39.230408452830076,-38.369834006018635
18.082500000000277,0.0,0,0.0,0.0,0.7930717915064491,14728,14728,-39.23624869974314,0.0,-39.23624869974314,-39.23624869974314,0.0,-39.23624869974314,-38.369834006018635
18.082777777778055,0.0,0,0.0,0.0,0.7930717915064491,14728,14728,-39.23624869974314,0.0,-39.23624869974314,-39.23624869974314,0.0,-39.23624869974314,-38.369834006018635
18.083055555555834,0.0,0,0.0,0.0,0.7930717915064491,14729,14729,-39.241941483859904,0.0,-39.241941483859904,-39.241941483859904,0.0,-39.241941483859904,-38.369834006018635
18.083333333333613,0.0,0,0.0,0.0,0.7930717915064491,14730,14730,-39.235826503540025,0.0,-39.235826503540025,-39.235826503540025,0.0,-39.235826503540025,-38.53295092171722
18.08361111111139,0.0,0,0.0,0.0,0.7930717915064491,14730,14730,-39.235826503540025,0.0,-39.235826503540025,-39.235826503540025,0.0,-39.235826503540025,-38.53295092171722
18.08388888888917,0.0,0,0.0,0.0,0.7930717915064491,14732,14732,-39.248173446013745,0.0,-39.248173446013745,-39.248173446013745,0.0,-39.248173446013745,-38.53295092171722
18.08416666666695,0.0,0,0.0,0.0,0.7930717915064491,14733,14733,-39.25419489507469,0.0,-39.25419489507469,-39.25419489507469,0.0,-39.25419489507469,-38.53295092171722
18.084444444444728,0.0,0,0.0,0.0,0.7930717915064491,14732,14732,-39.25419489507469,0.0,-39.25419489507469,-39.25419489507469,0.0,-39.25419489507469,-38.53295092171722
18.084722222222506,0.0,0,0.0,0.0,0.7930717915064491,14732,14732,-39.24899953703964,0.0,-39.24899953703964,-39.24899953703964,0.0,-39.24899953703964,-38.53295092171722
18.085000000000285,0.0,0,0.0,0.0,0.7930717915064491,14734,14734,-39.25972821032913,0.0,-39.25972821032913,-39.25972821032913,0.0,-39.25972821032913,-38.53295092171722
18.085277777778064,0.0,0,0.0,0.0,0.7930717915064491,14734,14734,-39.241596791918056,0.0,-39.241596791918056,-39.241596791918056,0.0,-39.241596791918056,-38.53295092171722
18.085555555555842,0.0,0,0.0,0.0,0.7930717915064491,14734,14734,-39.23609314598876,0.0,-39.23609314598876,-39.23609314598876,0.0,-39.23609314598876,-38.53295092171722
18.08583333333362,0.0,0,0.0,0.0,0.7930717915064491,14734,14734,-39.23609314598876,0.0,-39.23609314598876,-39.23609314598876,0.0,-39.23609314598876,-38.53295092171722
18.0861111111114,0.0,0,0.0,0.0,0.7930717915064491,14734,14734,-39.23609314598876,0.0,-39.23609314598876,-39.23609314598876,0.0,-39.23609314598876,-38.53295092171722
18.08638888888918,0.0,0,0.0,0.0,0.7930717915064491,14734,14734,-39.22947581973626,0.0,-39.22947581973626,-39.22947581973626,0.0,-39.22947581973626,-38.53295092171722
18.086666666666957,0.0,0,0.0,0.0,0.7930717915064491,14737,14737,-39.24259821530158,0.0,-39.24259821530158,-39.24259821530158,0.0,-39.24259821530158,-38.53295092171722
18.086944444444736,0.0,0,0.0,0.0,0.7930717915064491,14738,14738,-39.24858881654553,0.0,-39.24858881654553,-39.24858881654553,0.0,-39.24858881654553,-38.53295092171722
18.087222222222515,0.0,0,0.0,0.0,0.7930717915064491,14739,14739,-39.24884496453554,0.0,-39.24884496453554,-39.24884496453554,0.0,-39.24884496453554,-38.53295092171722
18.087500000000293,0.0,0,0.0,0.0,0.7930717915064491,14739,14739,-39.23683060358072,0.0,-39.23683060358072,-39.23683060358072,0.0,-39.23683060358072,-38.53295092171722
18.087777777778072,0.0,0,0.0,0.0,0.7930717915064491,14739,14739,-39.23683060358072,0.0,-39.23683060358072,-39.23683060358072,0.0,-39.23683060358072,-38.53295092171722
18.08805555555585,0.0,0,0.0,0.0,0.7930717915064491,14739,14739,-39.23683060358072,0.0,-39.23683060358072,-39.23683060358072,0.0,-39.23683060358072,-38.53295092171722
18.08833333333363,0.0,0,0.0,0.0,0.7930717915064491,14740,14740,-39.23690433521781,0.0,-39.23690433521781,-39.23690433521781,0.0,-39.23690433521781,-38.53295092171722
18.08861111111141,0.0,0,0.0,0.0,0.7930717915064491,14739,14739,-39.23054691684137,0.0,-39.23054691684137,-39.23054691684137,0.0,-39.23054691684137,-38.53295092171722
18.088888888889187,0.0,0,0.0,0.0,0.6975959951241464,14740,14740,-39.230430623183594,0.0,-39.230430623183594,-39.230430623183594,0.0,-39.230430623183594,-38.53295092171722
18.089166666666966,0.0,0,0.0,0.0,0.6975959951241464,14740,14740,-39.2243895862527,0.0,-39.2243895862527,-39.2243895862527,0.0,-39.2243895862527,-38.53295092171722
18.089444444444744,0.0,0,0.0,0.0,0.6975959951241464,14740,14740,-39.2243895862527,0.0,-39.2243895862527,-39.2243895862527,0.0,-39.2243895862527,-38.53295092171722
18.089722222222523,0.0,0,0.0,0.0,0.6975959951241464,14741,14741,-39.23001218480656,0.0,-39.23001218480656,-39.23001218480656,0.0,-39.23001218480656,-38.53295092171722
18.090000000000302,0.0,0,0.0,0.0,0.6975959951241464,14741,14741,-39.23001218480656,0.0,-39.23001218480656,-39.23001218480656,0.0,-39.23001218480656,-38.53295092171722
18.09027777777808,0.0,0,0.0,0.0,0.6975959951241464,14741,14741,-39.23001218480656,0.0,-39.23001218480656,-39.23001218480656,0.0,-39.23001218480656,-38.53295092171722
18.09055555555586,0.0,0,0.0,0.0,0.6975959951241464,14742,14742,-39.22943207168844,0.0,-39.22943207168844,-39.22943207168844,0.0,-39.22943207168844,-38.53295092171722
18.090833333333638,0.0,0,0.0,0.0,0.6975959951241464,14742,14742,-39.22282292263518,0.0,-39.22282292263518,-39.22282292263518,0.0,-39.22282292263518,-38.53295092171722
18.091111111111417,0.0,0,0.0,0.0,0.6975959951241464,14742,14742,-39.21662527910893,0.0,-39.21662527910893,-39.21662527910893,0.0,-39.21662527910893,-38.53295092171722
18.091388888889195,0.0,0,0.0,0.0,0.6975959951241464,14742,14742,-39.21042796028127,0.0,-39.21042796028127,-39.21042796028127,0.0,-39.21042796028127,-38.53295092171722
18.091666666666974,0.0,0,0.0,0.0,0.6975959951241464,14744,14744,-39.21797804801731,0.0,-39.21797804801731,-39.21797804801731,0.0,-39.21797804801731,-38.53295092171722
18.091944444444753,0.0,0,0.0,0.0,0.6975959951241464,14745,14745,-39.22391905657583,0.0,-39.22391905657583,-39.22391905657583,0.0,-39.22391905657583,-38.53295092171722
18.09222222222253,0.0,0,0.0,0.0,0.6975959951241464,14745,14745,-39.22391905657583,0.0,-39.22391905657583,-39.22391905657583,0.0,-39.22391905657583,-38.53295092171722
18.09250000000031,0.0,0,0.0,0.0,0.6975959951241464,14745,14745,-39.212165280338844,0.0,-39.212165280338844,-39.212165280338844,0.0,-39.212165280338844,-38.53295092171722
18.09277777777809,0.0,0,0.0,0.0,0.6975959951241464,14747,14747,-39.22270920773015,0.0,-39.22270920773015,-39.22270920773015,0.0,-39.22270920773015,-38.53295092171722
18.093055555555868,0.0,0,0.0,0.0,0.6975959951241464,14747,14747,-39.22270920773015,0.0,-39.22270920773015,-39.22270920773015,0.0,-39.22270920773015,-38.53295092171722
18.093333333333646,0.0,0,0.0,0.0,0.6975959951241464,14747,14747,-39.22270920773015,0.0,-39.22270920773015,-39.22270920773015,0.0,-39.22270920773015,-38.53295092171722
18.093611111111425,0.0,0,0.0,0.0,0.6975959951241464,14749,14749,-39.23329430436688,0.0,-39.23329430436688,-39.23329430436688,0.0,-39.23329430436688,-38.53295092171722
18.093888888889204,0.0,0,0.0,0.0,0.6975959951241464,14751,14751,-39.246746959709476,0.0,-39.246746959709476,-39.246746959709476,0.0,-39.246746959709476,-38.53295092171722
18.094166666666982,0.0,0,0.0,0.0,0.6975959951241464,14751,14751,-39.24066270876478,0.0,-39.24066270876478,-39.24066270876478,0.0,-39.24066270876478,-38.53295092171722
18.09444444444476,-0.0,0,0.0,0.0,0.6975959951241464,14751,14751,-39.24066270876478,0.0,-39.24066270876478,-39.24066270876478,0.0,-39.24066270876478,-38.53295092171722
18.09472222222254,-0.0,0,0.0,0.0,0.6975959951241464,14753,14753,-39.246569536714524,0.0,-39.246569536714524,-39.246569536714524,0.0,-39.246569536714524,-38.53295092171722
18.09500000000032,-0.0,0,0.0,0.0,0.6975959951241464,14752,14752,-39.246569536714524,0.0,-39.246569536714524,-39.246569536714524,0.0,-39.246569536714524,-38.53295092171722
18.095277777778097,-0.0,0,0.0,0.0,0.6975959951241464,14754,14754,-39.25754295095277,0.0,-39.25754295095277,-39.25754295095277,0.0,-39.25754295095277,-38.53295092171722
18.095555555555876,-0.0,0,0.0,0.0,0.6975959951241464,14755,14755,-39.25126345294815,0.0,-39.25126345294815,-39.25126345294815,0.0,-39.25126345294815,-38.53295092171722
18.095833333333655,-0.0,0,0.0,0.0,0.6975959951241464,14756,14756,-39.25659040060071,0.0,-39.25659040060071,-39.25659040060071,0.0,-39.25659040060071,-38.53295092171722
18.096111111111433,-0.0,0,0.0,0.0,0.6975959951241464,14758,14758,-39.26805882023892,0.0,-39.26805882023892,-39.26805882023892,0.0,-39.26805882023892,-38.53295092171722
18.096388888889212,-0.0,0,0.0,0.0,0.6975959951241464,14758,14758,-39.26805882023892,0.0,-39.26805882023892,-39.26805882023892,0.0,-39.26805882023892,-38.53295092171722
18.09666666666699,-0.0,0,0.0,0.0,0.6975959951241464,14759,14759,-39.26815953678501,0.0,-39.26815953678501,-39.26815953678501,0.0,-39.26815953678501,-38.53295092171722
18.09694444444477,-0.0,0,0.0,0.0,0.6975959951241464,14759,14759,-39.26815953678501,0.0,-39.26815953678501,-39.26815953678501,0.0,-39.26815953678501,-38.53295092171722
18.09722222222255,-0.0,0,0.0,0.0,0.6975959951241464,14760,14760,-39.26894625583421,0.0,-39.26894625583421,-39.26894625583421,0.0,-39.26894625583421,-38.53295092171722
18.097500000000327,-0.0,0,0.0,0.0,0.6975959951241464,14760,14760,-39.243428288467534,0.0,-39.243428288467534,-39.243428288467534,0.0,-39.243428288467534,-38.53295092171722
18.097777777778106,-0.0,0,0.0,0.0,0.6975959951241464,14762,14762,-39.24368192101609,0.0,-39.24368192101609,-39.24368192101609,0.0,-39.24368192101609,-38.53295092171722
18.098055555555884,-0.0,0,0.0,0.0,0.6975959951241464,14762,14762,-39.22504467774398,0.0,-39.22504467774398,-39.22504467774398,0.0,-39.22504467774398,-38.53295092171722
18.098333333333663,-0.0,0,0.0,0.0,0.6975959951241464,14762,14762,-39.21880445993701,0.0,-39.21880445993701,-39.21880445993701,0.0,-39.21880445993701,-38.53295092171722
18.098611111111442,-0.0,0,0.0,0.0,0.6975959951241464,14763,14763,-39.21741894707788,0.0,-39.21741894707788,-39.21741894707788,0.0,-39.21741894707788,-38.53295092171722
18.09888888888922,-0.0,0,0.0,0.0,0.6975959951241464,14764,14764,-39.213461048412526,0.0,-39.213461048412526,-39.213461048412526,0.0,-39.213461048412526,-38.53295092171722
18.099166666667,-0.0,0,0.0,0.0,0.6975959951241464,14765,14765,-39.21371150025062,0.0,-39.21371150025062,-39.21371150025062,0.0,-39.21371150025062,-38.53295092171722
18.099444444444778,-0.0,0,0.0,0.0,0.6975959951241464,14765,14765,-39.20716396026796,0.0,-39.20716396026796,-39.20716396026796,0.0,-39.20716396026796,-38.53295092171722
18.099722222222557,-0.0,0,0.0,0.0,0.6975959951241464,14766,14766,-39.213996066092776,0.0,-39.213996066092776,-39.213996066092776,0.0,-39.213996066092776,-38.53295092171722
18.100000000000335,0.0,0,0.0,-0.0,0.6810451443755525,14768,14768,-39.22476628335752,0.0,-39.22476628335752,-39.22476628335752,0.0,-39.22476628335752,-38.53295092171722
18.100277777778114,0.0,0,0.0,-0.0,0.6810451443755525,14768,14768,-39.22476628335752,0.0,-39.22476628335752,-39.22476628335752,0.0,-39.22476628335752,-38.53295092171722
18.100555555555893,0.0,0,0.0,-0.0,0.6810451443755525,14769,14769,-39.224308018533584,0.0,-39.224308018533584,-39.224308018533584,0.0,-39.224308018533584,-38.53295092171722
18.10083333333367,0.0,0,0.0,-0.0,0.6810451443755525,14769,14769,-39.21281063869079,0.0,-39.21281063869079,-39.21281063869079,0.0,-39.21281063869079,-38.53295092171722
18.10111111111145,0.0,0,0.0,-0.0,0.6810451443755525,14771,14771,-39.21627463846549,0.0,-39.21627463846549,-39.21627463846549,0.0,-39.21627463846549,-38.53295092171722
18.10138888888923,0.0,0,0.0,-0.0,0.6810451443755525,14771,14771,-39.21627463846549,0.0,-39.21627463846549,-39.21627463846549,0.0,-39.21627463846549,-38.53295092171722
18.101666666667008,0.0,0,0.0,-0.0,0.6810451443755525,14771,14771,-39.21627463846549,0.0,-39.21627463846549,-39.21627463846549,0.0,-39.21627463846549,-38.53295092171722
18.101944444444786,0.0,0,0.0,-0.0,0.6810451443755525,14771,14771,-39.22151900519129,0.0,-39.22151900519129,-39.22151900519129,0.0,-39.22151900519129,-38.53295092171722
18.102222222222565,0.0,0,0.0,-0.0,0.6810451443755525,14771,14771,-39.214983377770245,0.0,-39.214983377770245,-39.214983377770245,0.0,-39.214983377770245,-38.53295092171722
18.102500000000344,0.0,0,0.0,-0.0,0.6810451443755525,14771,14771,-39.20839858636804,0.0,-39.20839858636804,-39.20839858636804,0.0,-39.20839858636804,-38.53295092171722
18.102777777778122,0.0,0,0.0,-0.0,0.6810451443755525,14771,14771,-39.20839858636804,0.0,-39.20839858636804,-39.20839858636804,0.0,-39.20839858636804,-38.53295092171722
18.1030555555559,0.0,0,0.0,-0.0,0.6810451443755525,14772,14772,-39.2092305037253,0.0,-39.2092305037253,-39.2092305037253,0.0,-39.2092305037253,-38.53295092171722
18.10333333333368,0.0,0,0.0,-0.0,0.6810451443755525,14772,14772,-39.20357575715815,0.0,-39.20357575715815,-39.20357575715815,0.0,-39.20357575715815,-38.53295092171722
18.10361111111146,0.0,0,0.0,-0.0,0.6810451443755525,14773,14773,-39.20987548830503,0.0,-39.20987548830503,-39.20987548830503,0.0,-39.20987548830503,-38.53295092171722
18.103888888889237,0.0,0,0.0,-0.0,0.6810451443755525,14775,14775,-39.22288450049955,0.0,-39.22288450049955,-39.22288450049955,0.0,-39.22288450049955,-38.53295092171722
18.104166666667016,0.0,0,0.0,-0.0,0.6810451443755525,14776,14776,-39.228905874473654,0.0,-39.228905874473654,-39.228905874473654,0.0,-39.228905874473654,-38.53295092171722
18.104444444444795,0.0,0,0.0,-0.0,0.6810451443755525,14776,14776,-39.215791231268085,0.0,-39.215791231268085,-39.215791231268085,0.0,-39.215791231268085,-38.53295092171722
18.104722222222573,0.0,0,0.0,-0.0,0.6810451443755525,14777,14777,-39.21717731425142,0.0,-39.21717731425142,-39.21717731425142,0.0,-39.21717731425142,-38.53295092171722
18.105000000000352,0.0,0,0.0,-0.0,0.6810451443755525,14779,14779,-39.22848047990329,0.0,-39.22848047990329,-39.22848047990329,0.0,-39.22848047990329,-38.53295092171722
18.10527777777813,0.0,0,0.0,-0.0,0.6810451443755525,14779,14779,-39.21600494339927,0.0,-39.21600494339927,-39.21600494339927,0.0,-39.21600494339927,-38.53295092171722
18.10555555555591,0.0,0,0.0,-0.0,0.6810451443755525,14780,14780,-39.22239371993605,0.0,-39.22239371993605,-39.22239371993605,0.0,-39.22239371993605,-38.53295092171722
18.10583333333369,0.0,0,0.0,-0.0,0.6810451443755525,14782,14782,-39.234442916142406,0.0,-39.234442916142406,-39.234442916142406,0.0,-39.234442916142406,-38.53295092171722
18.106111111111467,0.0,0,0.0,-0.0,0.6810451443755525,14785,14785,-39.24582741421736,0.0,-39.24582741421736,-39.24582741421736,0.0,-39.24582741421736,-38.53295092171722
18.106388888889246,0.0,0,0.0,-0.0,0.6810451443755525,14785,14785,-39.239280489575975,0.0,-39.239280489575975,-39.239280489575975,0.0,-39.239280489575975,-38.53295092171722
18.106666666667024,0.0,0,0.0,-0.0,0.6810451443755525,14786,14786,-39.24581960796559,0.0,-39.24581960796559,-39.24581960796559,0.0,-39.24581960796559,-38.53295092171722
18.106944444444803,0.0,0,0.0,-0.0,0.6810451443755525,14786,14786,-39.24581960796559,0.0,-39.24581960796559,-39.24581960796559,0.0,-39.24581960796559,-38.53295092171722
18.107222222222582,0.0,0,0.0,-0.0,0.6810451443755525,14786,14786,-39.2271639830745,0.0,-39.2271639830745,-39.2271639830745,0.0,-39.2271639830745,-38.53295092171722
18.10750000000036,0.0,0,0.0,-0.0,0.6810451443755525,14788,14788,-39.23231952259698,0.0,-39.23231952259698,-39.23231952259698,0.0,-39.23231952259698,-38.53295092171722
18.10777777777814,0.0,0,0.0,-0.0,0.6810451443755525,14788,14788,-39.23231952259698,0.0,-39.23231952259698,-39.23231952259698,0.0,-39.23231952259698,-38.53295092171722
18.108055555555918,0.0,0,0.0,-0.0,0.6810451443755525,14790,14790,-39.242687368592925,0.0,-39.242687368592925,-39.242687368592925,0.0,-39.242687368592925,-38.53295092171722
18.108333333333697,0.0,0,0.0,-0.0,0.6810451443755525,14790,14790,-39.2363880592258,0.0,-39.2363880592258,-39.2363880592258,0.0,-39.2363880592258,-38.53295092171722
18.108611111111475,0.0,0,0.0,-0.0,0.6810451443755525,14791,14791,-39.22908120309109,0.0,-39.22908120309109,-39.22908120309109,0.0,-39.22908120309109,-38.53295092171722
18.108888888889254,0.0,0,0.0,-0.0,0.6810451443755525,14791,14791,-39.23546555304667,0.0,-39.23546555304667,-39.23546555304667,0.0,-39.23546555304667,-38.53295092171722
18.109166666667033,0.0,0,0.0,-0.0,0.6810451443755525,14791,14791,-39.22872119802703,0.0,-39.22872119802703,-39.22872119802703,0.0,-39.22872119802703,-38.53295092171722
18.10944444444481,0.0,0,0.0,-0.0,0.6810451443755525,14791,14791,-39.23450069131538,0.0,-39.23450069131538,-39.23450069131538,0.0,-39.23450069131538,-38.53295092171722
18.10972222222259,0.0,0,0.0,-0.0,0.6810451443755525,14792,14792,-39.24084581190307,0.0,-39.24084581190307,-39.24084581190307,0.0,-39.24084581190307,-38.53295092171722
18.11000000000037,0.0,0,0.0,-0.0,0.6810451443755525,14792,14792,-39.234483834755956,0.0,-39.234483834755956,-39.234483834755956,0.0,-39.234483834755956,-38.53295092171722
18.110277777778148,0.0,0,0.0,-0.0,0.6810451443755525,14793,14793,-39.239630415082885,0.0,-39.239630415082885,-39.239630415082885,0.0,-39.239630415082885,-38.53295092171722
18.110555555555926,0.0,0,0.0,-0.0,0.6810451443755525,14793,14793,-39.239630415082885,0.0,-39.239630415082885,-39.239630415082885,0.0,-39.239630415082885,-38.53295092171722
18.110833333333705,0.0,0,0.0,-0.0,0.6810451443755525,14793,14793,-39.239630415082885,0.0,-39.239630415082885,-39.239630415082885,0.0,-39.239630415082885,-38.53295092171722
18.111111111111484,0.0,0,0.0,0.0,0.7066794933656624,14793,14793,-39.239630415082885,0.0,-39.239630415082885,-39.239630415082885,0.0,-39.239630415082885,-38.53295092171722
18.111388888889262,0.0,0,0.0,0.0,0.7066794933656624,14795,14795,-39.25161505790464,0.0,-39.25161505790464,-39.25161505790464,0.0,-39.25161505790464,-38.53295092171722
18.11166666666704,0.0,0,0.0,0.0,0.7066794933656624,14796,14796,-39.24724195604051,0.0,-39.24724195604051,-39.24724195604051,0.0,-39.24724195604051,-38.53295092171722
18.11194444444482,0.0,0,0.0,0.0,0.7066794933656624,14796,14796,-39.24724195604051,0.0,-39.24724195604051,-39.24724195604051,0.0,-39.24724195604051,-38.53295092171722
18.1122222222226,0.0,0,0.0,0.0,0.7066794933656624,14797,14797,-39.25273229277126,0.0,-39.25273229277126,-39.25273229277126,0.0,-39.25273229277126,-38.53295092171722
18.112500000000377,0.0,0,0.0,0.0,0.7066794933656624,14798,14798,-39.2587475626617,0.0,-39.2587475626617,-39.2587475626617,0.0,-39.2587475626617,-38.53295092171722
18.112777777778156,0.0,0,0.0,0.0,0.7066794933656624,14799,14799,-39.265405675204704,0.0,-39.265405675204704,-39.265405675204704,0.0,-39.265405675204704,-38.53295092171722
18.113055555555935,0.0,0,0.0,0.0,0.7066794933656624,14800,14800,-39.265195255432914,0.0,-39.265195255432914,-39.265195255432914,0.0,-39.265195255432914,-38.53295092171722
18.113333333333713,0.0,0,0.0,0.0,0.7066794933656624,14800,14800,-39.258622367942834,0.0,-39.258622367942834,-39.258622367942834,0.0,-39.258622367942834,-38.53295092171722
18.113611111111492,0.0,0,0.0,0.0,0.7066794933656624,14801,14801,-39.26462372343299,0.0,-39.26462372343299,-39.26462372343299,0.0,-39.26462372343299,-38.53295092171722
18.11388888888927,0.0,0,0.0,0.0,0.7066794933656624,14801,14801,-39.26462372343299,0.0,-39.26462372343299,-39.26462372343299,0.0,-39.26462372343299,-38.53295092171722
18.11416666666705,0.0,0,0.0,0.0,0.7066794933656624,14801,14801,-39.26462372343299,0.0,-39.26462372343299,-39.26462372343299,0.0,-39.26462372343299,-38.53295092171722
18.11444444444483,0.0,0,0.0,0.0,0.7066794933656624,14802,14802,-39.26375710033883,0.0,-39.26375710033883,-39.26375710033883,0.0,-39.26375710033883,-38.53295092171722
18.114722222222607,0.0,0,0.0,0.0,0.7066794933656624,14803,14803,-39.269836938434004,0.0,-39.269836938434004,-39.269836938434004,0.0,-39.269836938434004,-38.53295092171722
18.115000000000386,0.0,0,0.0,0.0,0.7066794933656624,14803,14803,-39.26359103729729,0.0,-39.26359103729729,-39.26359103729729,0.0,-39.26359103729729,-38.53295092171722
18.115277777778164,0.0,0,0.0,0.0,0.7066794933656624,14804,14804,-39.269210852846136,0.0,-39.269210852846136,-39.269210852846136,0.0,-39.269210852846136,-38.53295092171722
18.115555555555943,0.0,0,0.0,0.0,0.7066794933656624,14805,14805,-39.26957279090013,0.0,-39.26957279090013,-39.26957279090013,0.0,-39.26957279090013,-38.53295092171722
18.115833333333722,0.0,0,0.0,0.0,0.7066794933656624,14805,14805,-39.26348368404145,0.0,-39.26348368404145,-39.26348368404145,0.0,-39.26348368404145,-38.53295092171722
18.1161111111115,0.0,0,0.0,0.0,0.7066794933656624,14805,14805,-39.256983650650305,0.0,-39.256983650650305,-39.256983650650305,0.0,-39.256983650650305,-38.53295092171722
18.11638888888928,0.0,0,0.0,0.0,0.7066794933656624,14806,14806,-39.25637205727813,0.0,-39.25637205727813,-39.25637205727813,0.0,-39.25637205727813,-38.53295092171722
18.116666666667058,-0.0,0,0.0,0.0,0.7066794933656624,14808,14808,-39.26246285874741,0.0,-39.26246285874741,-39.26246285874741,0.0,-39.26246285874741,-38.53295092171722
18.116944444444837,-0.0,0,0.0,0.0,0.7066794933656624,14808,14808,-39.250325463567506,0.0,-39.250325463567506,-39.250325463567506,0.0,-39.250325463567506,-38.53295092171722
18.117222222222615,-0.0,0,0.0,0.0,0.7066794933656624,14808,14808,-39.24413752557182,0.0,-39.24413752557182,-39.24413752557182,0.0,-39.24413752557182,-38.53295092171722
18.117500000000394,-0.0,0,0.0,0.0,0.7066794933656624,14810,14810,-39.23718575561514,0.0,-39.23718575561514,-39.23718575561514,0.0,-39.23718575561514,-38.53295092171722
18.117777777778173,-0.0,0,0.0,0.0,0.7066794933656624,14812,14812,-39.24319126170916,0.0,-39.24319126170916,-39.24319126170916,0.0,-39.24319126170916,-38.53295092171722
18.11805555555595,-0.0,0,0.0,0.0,0.7066794933656624,14815,14815,-39.25521264779435,0.0,-39.25521264779435,-39.25521264779435,0.0,-39.25521264779435,-38.53295092171722
18.11833333333373,-0.0,0,0.0,0.0,0.7066794933656624,14815,14815,-39.25521264779435,0.0,-39.25521264779435,-39.25521264779435,0.0,-39.25521264779435,-38.53295092171722
18.11861111111151,-0.0,0,0.0,0.0,0.7066794933656624,14814,14814,-39.25521264779435,0.0,-39.25521264779435,-39.25521264779435,0.0,-39.25521264779435,-38.53295092171722
18.118888888889288,0.0,0,0.0,0.0,0.7066794933656624,14816,14816,-39.24939726385235,0.0,-39.24939726385235,-39.24939726385235,0.0,-39.24939726385235,-38.53295092171722
18.119166666667066,0.0,0,0.0,0.0,0.7066794933656624,14817,14817,-39.24887352434175,0.0,-39.24887352434175,-39.24887352434175,0.0,-39.24887352434175,-38.53295092171722
18.119444444444845,0.0,0,0.0,0.0,0.7066794933656624,14817,14817,-39.24887352434175,0.0,-39.24887352434175,-39.24887352434175,0.0,-39.24887352434175,-38.53295092171722
18.119722222222624,0.0,0,0.0,0.0,0.7066794933656624,14818,14818,-39.25564916938949,0.0,-39.25564916938949,-39.25564916938949,0.0,-39.25564916938949,-38.53295092171722
18.120000000000402,0.0,0,0.0,0.0,0.7066794933656624,14818,14818,-39.25564916938949,0.0,-39.25564916938949,-39.25564916938949,0.0,-39.25564916938949,-38.53295092171722
18.12027777777818,0.0,0,0.0,0.0,0.7066794933656624,14821,14821,-39.27280368295731,0.0,-39.27280368295731,-39.27280368295731,0.0,-39.27280368295731,-38.53295092171722
18.12055555555596,0.0,0,0.0,0.0,0.7066794933656624,14822,14822,-39.27377326711016,0.0,-39.27377326711016,-39.27377326711016,0.0,-39.27377326711016,-38.53295092171722
18.12083333333374,0.0,0,0.0,0.0,0.7066794933656624,14823,14823,-39.27943330828766,0.0,-39.27943330828766,-39.27943330828766,0.0,-39.27943330828766,-38.53295092171722
18.121111111111517,0.0,0,0.0,0.0,0.7066794933656624,14824,14824,-39.27917972893764,0.0,-39.27917972893764,-39.27917972893764,0.0,-39.27917972893764,-38.53295092171722
18.121388888889296,0.0,0,0.0,0.0,0.7066794933656624,14823,14823,-39.27917972893764,0.0,-39.27917972893764,-39.27917972893764,0.0,-39.27917972893764,-38.53295092171722
18.121666666667075,0.0,0,0.0,0.0,0.7066794933656624,14823,14823,-39.272271000882,0.0,-39.272271000882,-39.272271000882,0.0,-39.272271000882,-38.53295092171722
18.121944444444853,0.0,0,0.0,0.0,0.7066794933656624,14824,14824,-39.27846797135516,0.0,-39.27846797135516,-39.27846797135516,0.0,-39.27846797135516,-38.53295092171722
18.122222222222632,0.0,0,0.0,0.0,0.7455170496379395,14824,14824,-39.27846797135516,0.0,-39.27846797135516,-39.27846797135516,0.0,-39.27846797135516,-38.53295092171722
18.12250000000041,0.0,0,0.0,0.0,0.7455170496379395,14825,14825,-39.272630004245656,0.0,-39.272630004245656,-39.272630004245656,0.0,-39.272630004245656,-38.53295092171722
18.12277777777819,0.0,0,0.0,0.0,0.7455170496379395,14825,14825,-39.266511911540455,0.0,-39.266511911540455,-39.266511911540455,0.0,-39.266511911540455,-38.53295092171722
18.12305555555597,0.0,0,0.0,0.0,0.7455170496379395,14828,14828,-39.283072446248376,0.0,-39.283072446248376,-39.283072446248376,0.0,-39.283072446248376,-38.53295092171722
18.123333333333747,0.0,0,0.0,0.0,0.7455170496379395,14829,14829,-39.289330546695915,0.0,-39.289330546695915,-39.289330546695915,0.0,-39.289330546695915,-38.53295092171722
18.123611111111526,0.0,0,0.0,0.0,0.7455170496379395,14829,14829,-39.283258517073264,0.0,-39.283258517073264,-39.283258517073264,0.0,-39.283258517073264,-38.53295092171722
18.123888888889304,0.0,0,0.0,0.0,0.7455170496379395,14829,14829,-39.27736193197212,0.0,-39.27736193197212,-39.27736193197212,0.0,-39.27736193197212,-38.53295092171722
18.124166666667083,0.0,0,0.0,0.0,0.7455170496379395,14829,14829,-39.27736193197212,0.0,-39.27736193197212,-39.27736193197212,0.0,-39.27736193197212,-38.53295092171722
18.124444444444862,0.0,0,0.0,0.0,0.7455170496379395,14830,14830,-39.282599218722076,0.0,-39.282599218722076,-39.282599218722076,0.0,-39.282599218722076,-38.53295092171722
18.12472222222264,0.0,0,0.0,0.0,0.7455170496379395,14832,14832,-39.29413560406808,0.0,-39.29413560406808,-39.29413560406808,0.0,-39.29413560406808,-38.53295092171722
18.12500000000042,0.0,0,0.0,0.0,0.7455170496379395,14834,14834,-39.29843099824265,0.0,-39.29843099824265,-39.29843099824265,0.0,-39.29843099824265,-38.53295092171722
18.125277777778198,0.0,0,0.0,0.0,0.7455170496379395,14835,14835,-39.30017295138336,0.0,-39.30017295138336,-39.30017295138336,0.0,-39.30017295138336,-38.53295092171722
18.125555555555977,0.0,0,0.0,0.0,0.7455170496379395,14836,14836,-39.304209209550976,0.0,-39.304209209550976,-39.304209209550976,0.0,-39.304209209550976,-38.53295092171722
18.125833333333755,0.0,0,0.0,0.0,0.7455170496379395,14836,14836,-39.304209209550976,0.0,-39.304209209550976,-39.304209209550976,0.0,-39.304209209550976,-38.53295092171722
18.126111111111534,0.0,0,0.0,0.0,0.7455170496379395,14837,14837,-39.31051903509678,0.0,-39.31051903509678,-39.31051903509678,0.0,-39.31051903509678,-38.53295092171722
18.126388888889313,0.0,0,0.0,0.0,0.7455170496379395,14837,14837,-39.31051903509678,0.0,-39.31051903509678,-39.31051903509678,0.0,-39.31051903509678,-38.53295092171722
18.12666666666709,0.0,0,0.0,0.0,0.7455170496379395,14839,14839,-39.320982769828994,0.0,-39.320982769828994,-39.320982769828994,0.0,-39.320982769828994,-38.53295092171722
18.12694444444487,0.0,0,0.0,0.0,0.7455170496379395,14839,14839,-39.31521828667258,0.0,-39.31521828667258,-39.31521828667258,0.0,-39.31521828667258,-38.53295092171722
18.12722222222265,0.0,0,0.0,0.0,0.7455170496379395,14840,14840,-39.32189935762045,0.0,-39.32189935762045,-39.32189935762045,0.0,-39.32189935762045,-38.53295092171722
18.127500000000428,0.0,0,0.0,0.0,0.7455170496379395,14841,14841,-39.32727681577104,0.0,-39.32727681577104,-39.32727681577104,0.0,-39.32727681577104,-38.53295092171722
18.127777777778206,0.0,0,0.0,0.0,0.7455170496379395,14843,14843,-39.34007060024649,0.0,-39.34007060024649,-39.34007060024649,0.0,-39.34007060024649,-38.53295092171722
18.128055555555985,0.0,0,0.0,0.0,0.7455170496379395,14844,14844,-39.339088255968875,0.0,-39.339088255968875,-39.339088255968875,0.0,-39.339088255968875,-38.53295092171722
18.128333333333764,0.0,0,0.0,0.0,0.7455170496379395,14846,14846,-39.350771924274106,0.0,-39.350771924274106,-39.350771924274106,0.0,-39.350771924274106,-38.53295092171722
18.128611111111542,0.0,0,0.0,0.0,0.7455170496379395,14846,14846,-39.33937471486781,0.0,-39.33937471486781,-39.33937471486781,0.0,-39.33937471486781,-38.53295092171722
18.12888888888932,0.0,0,0.0,0.0,0.7455170496379395,14847,14847,-39.34576329062981,0.0,-39.34576329062981,-39.34576329062981,0.0,-39.34576329062981,-38.53295092171722
18.1291666666671,0.0,0,0.0,0.0,0.7455170496379395,14847,14847,-39.34013466777665,0.0,-39.34013466777665,-39.34013466777665,0.0,-39.34013466777665,-38.53295092171722
18.12944444444488,0.0,0,0.0,0.0,0.7455170496379395,14847,14847,-39.32950754490815,0.0,-39.32950754490815,-39.32950754490815,0.0,-39.32950754490815,-38.53295092171722
18.129722222222657,0.0,0,0.0,0.0,0.7455170496379395,14848,14848,-39.3196327534158,0.0,-39.3196327534158,-39.3196327534158,0.0,-39.3196327534158,-38.53295092171722
18.130000000000436,0.0,0,0.0,0.0,0.7455170496379395,14850,14850,-39.3251988419738,0.0,-39.3251988419738,-39.3251988419738,0.0,-39.3251988419738,-38.53295092171722
18.130277777778215,0.0,0,0.0,0.0,0.7455170496379395,14850,14850,-39.3251988419738,0.0,-39.3251988419738,-39.3251988419738,0.0,-39.3251988419738,-38.53295092171722
18.130555555555993,0.0,0,0.0,0.0,0.7455170496379395,14850,14850,-39.31966320411105,0.0,-39.31966320411105,-39.31966320411105,0.0,-39.31966320411105,-38.53295092171722
18.130833333333772,0.0,0,0.0,0.0,0.7455170496379395,14851,14851,-39.311924165686996,0.0,-39.311924165686996,-39.311924165686996,0.0,-39.311924165686996,-38.53295092171722
18.13111111111155,0.0,0,0.0,0.0,0.7455170496379395,14852,14852,-39.31818513689638,0.0,-39.31818513689638,-39.31818513689638,0.0,-39.31818513689638,-38.53295092171722
18.13138888888933,0.0,0,0.0,0.0,0.7455170496379395,14852,14852,-39.311933848813915,0.0,-39.311933848813915,-39.311933848813915,0.0,-39.311933848813915,-38.53295092171722
18.13166666666711,0.0,0,0.0,0.0,0.7455170496379395,14853,14853,-39.30537389665225,0.0,-39.30537389665225,-39.30537389665225,0.0,-39.30537389665225,-38.53295092171722
18.131944444444887,0.0,0,0.0,0.0,0.7455170496379395,14854,14854,-39.306045308456724,0.0,-39.306045308456724,-39.306045308456724,0.0,-39.306045308456724,-38.53295092171722
18.132222222222666,0.0,0,0.0,0.0,0.7455170496379395,14854,14854,-39.306045308456724,0.0,-39.306045308456724,-39.306045308456724,0.0,-39.306045308456724,-38.53295092171722
18.132500000000444,0.0,0,0.0,0.0,0.7455170496379395,14854,14854,-39.306045308456724,0.0,-39.306045308456724,-39.306045308456724,0.0,-39.306045308456724,-38.53295092171722
18.132777777778223,0.0,0,0.0,0.0,0.7455170496379395,14854,14854,-39.306045308456724,0.0,-39.306045308456724,-39.306045308456724,0.0,-39.306045308456724,-38.53295092171722
18.133055555556002,0.0,0,0.0,0.0,0.7455170496379395,14854,14854,-39.306045308456724,0.0,-39.306045308456724,-39.306045308456724,0.0,-39.306045308456724,-38.53295092171722
18.13333333333378,0.0,0,0.0,0.0,0.7730943867395013,14855,14855,-39.31150910105754,0.0,-39.31150910105754,-39.31150910105754,0.0,-39.31150910105754,-38.53295092171722
18.13361111111156,0.0,0,0.0,0.0,0.7730943867395013,14856,14856,-39.30514227083782,0.0,-39.30514227083782,-39.30514227083782,0.0,-39.30514227083782,-38.53295092171722
18.133888888889338,0.0,0,0.0,0.0,0.7730943867395013,14857,14857,-39.3053185026656,0.0,-39.3053185026656,-39.3053185026656,0.0,-39.3053185026656,-38.53295092171722
18.134166666667117,0.0,0,0.0,0.0,0.7730943867395013,14858,14858,-39.31119512369135,0.0,-39.31119512369135,-39.31119512369135,0.0,-39.31119512369135,-38.53295092171722
18.134444444444895,0.0,0,0.0,0.0,0.7730943867395013,14862,14862,-39.32892739750632,0.0,-39.32892739750632,-39.32892739750632,0.0,-39.32892739750632,-38.53295092171722
18.134722222222674,0.0,0,0.0,0.0,0.7730943867395013,14862,14862,-39.315748896518954,0.0,-39.315748896518954,-39.315748896518954,0.0,-39.315748896518954,-38.53295092171722
18.135000000000453,0.0,0,0.0,0.0,0.7730943867395013,14863,14863,-39.320753444782284,0.0,-39.320753444782284,-39.320753444782284,0.0,-39.320753444782284,-38.53295092171722
18.13527777777823,0.0,0,0.0,0.0,0.7730943867395013,14863,14863,-39.320753444782284,0.0,-39.320753444782284,-39.320753444782284,0.0,-39.320753444782284,-38.53295092171722
18.13555555555601,0.0,0,0.0,0.0,0.7730943867395013,14864,14864,-39.3132510085046,0.0,-39.3132510085046,-39.3132510085046,0.0,-39.3132510085046,-38.53295092171722
18.13583333333379,0.0,0,0.0,0.0,0.7730943867395013,14865,14865,-39.31382366411937,0.0,-39.31382366411937,-39.31382366411937,0.0,-39.31382366411937,-38.53295092171722
18.136111111111568,0.0,0,0.0,0.0,0.7730943867395013,14865,14865,-39.307293129420586,0.0,-39.307293129420586,-39.307293129420586,0.0,-39.307293129420586,-38.53295092171722
18.136388888889346,0.0,0,0.0,0.0,0.7730943867395013,14865,14865,-39.30125658646386,0.0,-39.30125658646386,-39.30125658646386,0.0,-39.30125658646386,-38.53295092171722
18.136666666667125,-0.0,0,0.0,0.0,0.7730943867395013,14866,14866,-39.30115715141871,0.0,-39.30115715141871,-39.30115715141871,0.0,-39.30115715141871,-38.53295092171722
18.136944444444904,-0.0,0,0.0,0.0,0.7730943867395013,14866,14866,-39.28938083726906,0.0,-39.28938083726906,-39.28938083726906,0.0,-39.28938083726906,-38.53295092171722
18.137222222222682,-0.0,0,0.0,0.0,0.7730943867395013,14868,14868,-39.301173058008736,0.0,-39.301173058008736,-39.301173058008736,0.0,-39.301173058008736,-38.53295092171722
18.13750000000046,-0.0,0,0.0,0.0,0.7730943867395013,14868,14868,-39.301173058008736,0.0,-39.301173058008736,-39.301173058008736,0.0,-39.301173058008736,-38.53295092171722
18.13777777777824,-0.0,0,0.0,0.0,0.7730943867395013,14869,14869,-39.30170971424347,0.0,-39.30170971424347,-39.30170971424347,0.0,-39.30170971424347,-38.53295092171722
18.13805555555602,-0.0,0,0.0,0.0,0.7730943867395013,14871,14871,-39.308911433584214,0.0,-39.308911433584214,-39.308911433584214,0.0,-39.308911433584214,-38.53295092171722
18.138333333333797,-0.0,0,0.0,0.0,0.7730943867395013,14872,14872,-39.3151166920533,0.0,-39.3151166920533,-39.3151166920533,0.0,-39.3151166920533,-38.53295092171722
18.138611111111576,-0.0,0,0.0,0.0,0.7730943867395013,14872,14872,-39.3097139959542,0.0,-39.3097139959542,-39.3097139959542,0.0,-39.3097139959542,-38.53295092171722
18.138888888889355,-0.0,0,0.0,0.0,0.7730943867395013,14871,14871,-39.3097139959542,0.0,-39.3097139959542,-39.3097139959542,0.0,-39.3097139959542,-38.53295092171722
18.139166666667133,-0.0,0,0.0,0.0,0.7730943867395013,14875,14875,-39.32078161627789,0.0,-39.32078161627789,-39.32078161627789,0.0,-39.32078161627789,-38.53295092171722
18.139444444444912,-0.0,0,0.0,0.0,0.7730943867395013,14876,14876,-39.31390718434637,0.0,-39.31390718434637,-39.31390718434637,0.0,-39.31390718434637,-38.53295092171722
18.13972222222269,-0.0,0,0.0,0.0,0.7730943867395013,14878,14878,-39.30129555951628,0.0,-39.30129555951628,-39.30129555951628,0.0,-39.30129555951628,-38.53295092171722
18.14000000000047,-0.0,0,0.0,0.0,0.7730943867395013,14878,14878,-39.30129555951628,0.0,-39.30129555951628,-39.30129555951628,0.0,-39.30129555951628,-38.53295092171722
18.14027777777825,-0.0,0,0.0,0.0,0.7730943867395013,14879,14879,-39.30744435536053,0.0,-39.30744435536053,-39.30744435536053,0.0,-39.30744435536053,-38.53295092171722
18.140555555556027,-0.0,0,0.0,0.0,0.7730943867395013,14880,14880,-39.31402883265341,0.0,-39.31402883265341,-39.31402883265341,0.0,-39.31402883265341,-38.53295092171722
18.140833333333806,-0.0,0,0.0,0.0,0.7730943867395013,14881,14881,-39.30399785668585,0.0,-39.30399785668585,-39.30399785668585,0.0,-39.30399785668585,-38.53295092171722
18.141111111111584,-0.0,0,0.0,0.0,0.7730943867395013,14884,14884,-39.3224503738194,0.0,-39.3224503738194,-39.3224503738194,0.0,-39.3224503738194,-38.53295092171722
18.141388888889363,-0.0,0,0.0,0.0,0.7730943867395013,14886,14886,-39.32774833840511,0.0,-39.32774833840511,-39.32774833840511,0.0,-39.32774833840511,-38.53295092171722
18.141666666667142,-0.0,0,0.0,0.0,0.7730943867395013,14886,14886,-39.32100326573748,0.0,-39.32100326573748,-39.32100326573748,0.0,-39.32100326573748,-38.53295092171722
18.14194444444492,-0.0,0,0.0,0.0,0.7730943867395013,14887,14887,-39.30903533674043,0.0,-39.30903533674043,-39.30903533674043,0.0,-39.30903533674043,-38.53295092171722
18.1422222222227,-0.0,0,0.0,0.0,0.7730943867395013,14888,14888,-39.3092325010443,0.0,-39.3092325010443,-39.3092325010443,0.0,-39.3092325010443,-38.53295092171722
18.142500000000478,-0.0,0,0.0,0.0,0.7730943867395013,14889,14889,-39.308627851897384,0.0,-39.308627851897384,-39.308627851897384,0.0,-39.308627851897384,-38.53295092171722
18.142777777778257,-0.0,0,0.0,0.0,0.7730943867395013,14890,14890,-39.314770015041766,0.0,-39.314770015041766,-39.314770015041766,0.0,-39.314770015041766,-38.53295092171722
18.143055555556035,-0.0,0,0.0,0.0,0.7730943867395013,14893,14893,-39.33085336812437,0.0,-39.33085336812437,-39.33085336812437,0.0,-39.33085336812437,-38.53295092171722
18.143333333333814,-0.0,0,0.0,0.0,0.7730943867395013,14893,14893,-39.32501180921754,0.0,-39.32501180921754,-39.32501180921754,0.0,-39.32501180921754,-38.53295092171722
18.143611111111593,-0.0,0,0.0,0.0,0.7730943867395013,14893,14893,-39.3191530857498,0.0,-39.3191530857498,-39.3191530857498,0.0,-39.3191530857498,-38.53295092171722
18.14388888888937,-0.0,0,0.0,0.0,0.7730943867395013,14893,14893,-39.3191530857498,0.0,-39.3191530857498,-39.3191530857498,0.0,-39.3191530857498,-38.53295092171722
18.14416666666715,-0.0,0,0.0,0.0,0.7730943867395013,14893,14893,-39.30655269552745,0.0,-39.30655269552745,-39.30655269552745,0.0,-39.30655269552745,-38.53295092171722
18.14444444444493,-0.0,0,0.0,-0.0,0.7736017738102277,14895,14895,-39.30545678937598,0.0,-39.30545678937598,-39.30545678937598,0.0,-39.30545678937598,-38.53295092171722
18.144722222222708,-0.0,0,0.0,-0.0,0.7736017738102277,14895,14895,-39.29977016673958,0.0,-39.29977016673958,-39.29977016673958,0.0,-39.29977016673958,-38.53295092171722
18.145000000000486,-0.0,0,0.0,-0.0,0.7736017738102277,14895,14895,-39.29977016673958,0.0,-39.29977016673958,-39.29977016673958,0.0,-39.29977016673958,-38.53295092171722
18.145277777778265,-0.0,0,0.0,-0.0,0.7736017738102277,14895,14895,-39.29977016673958,0.0,-39.29977016673958,-39.29977016673958,0.0,-39.29977016673958,-38.53295092171722
18.145555555556044,-0.0,0,0.0,-0.0,0.7736017738102277,14896,14896,-39.30484016937383,0.0,-39.30484016937383,-39.30484016937383,0.0,-39.30484016937383,-38.53295092171722
18.145833333333822,-0.0,0,0.0,-0.0,0.7736017738102277,14896,14896,-39.30484016937383,0.0,-39.30484016937383,-39.30484016937383,0.0,-39.30484016937383,-38.53295092171722
18.1461111111116,-0.0,0,0.0,-0.0,0.7736017738102277,14897,14897,-39.30584030891232,0.0,-39.30584030891232,-39.30584030891232,0.0,-39.30584030891232,-38.53295092171722
18.14638888888938,-0.0,0,0.0,-0.0,0.7736017738102277,14899,14899,-39.318557012390954,0.0,-39.318557012390954,-39.318557012390954,0.0,-39.318557012390954,-38.53295092171722
18.14666666666716,-0.0,0,0.0,-0.0,0.7736017738102277,14899,14899,-39.318557012390954,0.0,-39.318557012390954,-39.318557012390954,0.0,-39.318557012390954,-38.53295092171722
18.146944444444937,-0.0,0,0.0,-0.0,0.7736017738102277,14901,14901,-39.32355043091394,0.0,-39.32355043091394,-39.32355043091394,0.0,-39.32355043091394,-38.53295092171722
18.147222222222716,-0.0,0,0.0,-0.0,0.7736017738102277,14902,14902,-39.32338951635488,0.0,-39.32338951635488,-39.32338951635488,0.0,-39.32338951635488,-38.53295092171722
18.147500000000495,-0.0,0,0.0,-0.0,0.7736017738102277,14904,14904,-39.328040255066675,0.0,-39.328040255066675,-39.328040255066675,0.0,-39.328040255066675,-38.53295092171722
18.147777777778273,-0.0,0,0.0,-0.0,0.7736017738102277,14905,14905,-39.333813680501656,0.0,-39.333813680501656,-39.333813680501656,0.0,-39.333813680501656,-38.53295092171722
18.148055555556052,-0.0,0,0.0,-0.0,0.7736017738102277,14905,14905,-39.327296831189905,0.0,-39.327296831189905,-39.327296831189905,0.0,-39.327296831189905,-38.53295092171722
18.14833333333383,-0.0,0,0.0,-0.0,0.7736017738102277,14906,14906,-39.33380338120794,0.0,-39.33380338120794,-39.33380338120794,0.0,-39.33380338120794,-38.53295092171722
18.14861111111161,-0.0,0,0.0,-0.0,0.7736017738102277,14906,14906,-39.328100478558,0.0,-39.328100478558,-39.328100478558,0.0,-39.328100478558,-38.53295092171722
18.14888888888939,-0.0,0,0.0,-0.0,0.7736017738102277,14906,14906,-39.32111640289696,0.0,-39.32111640289696,-39.32111640289696,0.0,-39.32111640289696,-38.53295092171722
18.149166666667167,-0.0,0,0.0,-0.0,0.7736017738102277,14906,14906,-39.30262337514597,0.0,-39.30262337514597,-39.30262337514597,0.0,-39.30262337514597,-38.53295092171722
18.149444444444946,-0.0,0,0.0,-0.0,0.7736017738102277,14909,14909,-39.3214184376983,0.0,-39.3214184376983,-39.3214184376983,0.0,-39.3214184376983,-38.53295092171722
18.149722222222724,-0.0,0,0.0,-0.0,0.7736017738102277,14910,14910,-39.30764290779853,0.0,-39.30764290779853,-39.30764290779853,0.0,-39.30764290779853,-38.53295092171722
18.150000000000503,-0.0,0,0.0,-0.0,0.7736017738102277,14910,14910,-39.30764290779853,0.0,-39.30764290779853,-39.30764290779853,0.0,-39.30764290779853,-38.53295092171722
18.15027777777828,-0.0,0,0.0,-0.0,0.7736017738102277,14912,14912,-39.319619125675416,0.0,-39.319619125675416,-39.319619125675416,0.0,-39.319619125675416,-38.53295092171722
18.15055555555606,-0.0,0,0.0,-0.0,0.7736017738102277,14912,14912,-39.31412663388494,0.0,-39.31412663388494,-39.31412663388494,0.0,-39.31412663388494,-38.53295092171722
18.15083333333384,-0.0,0,0.0,-0.0,0.7736017738102277,14913,14913,-39.31930043858467,0.0,-39.31930043858467,-39.31930043858467,0.0,-39.31930043858467,-38.53295092171722
18.151111111111618,-0.0,0,0.0,-0.0,0.7736017738102277,14913,14913,-39.313194020999525,0.0,-39.313194020999525,-39.313194020999525,0.0,-39.313194020999525,-38.53295092171722
18.151388888889397,-0.0,0,0.0,-0.0,0.7736017738102277,14914,14914,-39.313623323284844,0.0,-39.313623323284844,-39.313623323284844,0.0,-39.313623323284844,-38.53295092171722
18.151666666667175,-0.0,0,0.0,-0.0,0.7736017738102277,14914,14914,-39.308421703985836,0.0,-39.308421703985836,-39.308421703985836,0.0,-39.308421703985836,-38.53295092171722
18.151944444444954,-0.0,0,0.0,-0.0,0.7736017738102277,14915,14915,-39.300774048872555,0.0,-39.300774048872555,-39.300774048872555,0.0,-39.300774048872555,-38.53295092171722
18.152222222222733,-0.0,0,0.0,-0.0,0.7736017738102277,14916,14916,-39.30758402516724,0.0,-39.30758402516724,-39.30758402516724,0.0,-39.30758402516724,-38.53295092171722
18.15250000000051,-0.0,0,0.0,-0.0,0.7736017738102277,14916,14916,-39.30758402516724,0.0,-39.30758402516724,-39.30758402516724,0.0,-39.30758402516724,-38.53295092171722
18.15277777777829,-0.0,0,0.0,-0.0,0.7736017738102277,14918,14918,-39.29996707949475,0.0,-39.29996707949475,-39.29996707949475,0.0,-39.29996707949475,-38.53295092171722
18.15305555555607,-0.0,0,0.0,-0.0,0.7736017738102277,14918,14918,-39.29996707949475,0.0,-39.29996707949475,-39.29996707949475,0.0,-39.29996707949475,-38.53295092171722
18.153333333333848,-0.0,0,0.0,-0.0,0.7736017738102277,14919,14919,-39.29983257078277,0.0,-39.29983257078277,-39.29983257078277,0.0,-39.29983257078277,-38.53295092171722
18.153611111111626,-0.0,0,0.0,-0.0,0.7736017738102277,14919,14919,-39.293968875043824,0.0,-39.293968875043824,-39.293968875043824,0.0,-39.293968875043824,-38.53295092171722
18.153888888889405,-0.0,0,0.0,-0.0,0.7736017738102277,14921,14921,-39.300012201427215,0.0,-39.300012201427215,-39.300012201427215,0.0,-39.300012201427215,-38.53295092171722
18.154166666667184,-0.0,0,0.0,-0.0,0.7736017738102277,14923,14923,-39.30211924495754,0.0,-39.30211924495754,-39.30211924495754,0.0,-39.30211924495754,-38.53295092171722
18.154444444444962,-0.0,0,0.0,-0.0,0.7736017738102277,14924,14924,-39.3081447016559,0.0,-39.3081447016559,-39.3081447016559,0.0,-39.3081447016559,-38.53295092171722
18.15472222222274,-0.0,0,0.0,-0.0,0.7736017738102277,14925,14925,-39.314345727505085,0.0,-39.314345727505085,-39.314345727505085,0.0,-39.314345727505085,-38.53295092171722
18.15500000000052,-0.0,0,0.0,-0.0,0.7736017738102277,14925,14925,-39.303278029680285,0.0,-39.303278029680285,-39.303278029680285,0.0,-39.303278029680285,-38.53295092171722
18.1552777777783,-0.0,0,0.0,-0.0,0.7736017738102277,14925,14925,-39.290112370650135,0.0,-39.290112370650135,-39.290112370650135,0.0,-39.290112370650135,-38.53295092171722
18.155555555556077,-0.0,0,0.0,-0.0,0.7571614489329122,14927,14927,-39.30193376462904,0.0,-39.30193376462904,-39.30193376462904,0.0,-39.30193376462904,-38.53295092171722
18.155833333333856,-0.0,0,0.0,-0.0,0.7571614489329122,14929,14929,-39.31426935642744,0.0,-39.31426935642744,-39.31426935642744,0.0,-39.31426935642744,-38.53295092171722
18.156111111111635,-0.0,0,0.0,-0.0,0.7571614489329122,14930,14930,-39.31606498721093,0.0,-39.31606498721093,-39.31606498721093,0.0,-39.31606498721093,-38.53295092171722
18.156388888889413,-0.0,0,0.0,-0.0,0.7571614489329122,14932,14932,-39.3227716399736,0.0,-39.3227716399736,-39.3227716399736,0.0,-39.3227716399736,-38.53295092171722
18.156666666667192,-0.0,0,0.0,-0.0,0.7571614489329122,14932,14932,-39.3227716399736,0.0,-39.3227716399736,-39.3227716399736,0.0,-39.3227716399736,-38.53295092171722
18.15694444444497,-0.0,0,0.0,-0.0,0.7571614489329122,14933,14933,-39.32792330923443,0.0,-39.32792330923443,-39.32792330923443,0.0,-39.32792330923443,-38.53295092171722
18.15722222222275,-0.0,0,0.0,-0.0,0.7571614489329122,14935,14935,-39.3331780101178,0.0,-39.3331780101178,-39.3331780101178,0.0,-39.3331780101178,-38.53295092171722
18.157500000000528,-0.0,0,0.0,-0.0,0.7571614489329122,14936,14936,-39.33408880973854,0.0,-39.33408880973854,-39.33408880973854,0.0,-39.33408880973854,-38.53295092171722
18.157777777778307,-0.0,0,0.0,-0.0,0.7571614489329122,14936,14936,-39.32782211836683,0.0,-39.32782211836683,-39.32782211836683,0.0,-39.32782211836683,-38.53295092171722
18.158055555556086,-0.0,0,0.0,-0.0,0.7571614489329122,14939,14939,-39.34483167512248,0.0,-39.34483167512248,-39.34483167512248,0.0,-39.34483167512248,-38.53295092171722
18.158333333333864,-0.0,0,0.0,-0.0,0.7571614489329122,14939,14939,-39.34483167512248,0.0,-39.34483167512248,-39.34483167512248,0.0,-39.34483167512248,-38.53295092171722
