time,ne
0.016666666666666666,0.0124
0.03333333333333333,0.0244
0.05,0.0349
0.06666666666666667,0.0446
0.08333333333333333,0.0559
0.09999999999999999,0.0659
0.11666666666666667,0.0765
0.13333333333333333,0.0855
0.15,0.0967
0.16666666666666666,0.1056
0.18333333333333332,0.1171
0.19999999999999998,0.1278
0.21666666666666667,0.1378
0.23333333333333334,0.151
0.25,0.161
0.26666666666666666,0.1704
0.2833333333333333,0.1786
0.3,0.1879
0.31666666666666665,0.1968
0.3333333333333333,0.2062
0.35,0.2164
0.36666666666666664,0.2248
0.3833333333333333,0.2336
0.39999999999999997,0.2426
0.4166666666666667,0.2519
0.43333333333333335,0.2615
0.45,0.2694
0.4666666666666667,0.2767
0.48333333333333334,0.2867
0.5,0.2952
0.5166666666666667,0.302
0.5333333333333333,0.3111
0.55,0.3194
0.5666666666666668,0.3267
0.5833333333333334,0.3334
0.6000000000000001,0.3405
0.6166666666666667,0.3485
0.6333333333333334,0.3567
0.65,0.3634
0.6666666666666667,0.3702
0.6833333333333333,0.3787
0.7000000000000001,0.3866
0.7166666666666667,0.394
0.7333333333333334,0.4011
0.75,0.4084
0.7666666666666667,0.4158
0.7833333333333333,0.422
0.8,0.4295
0.8166666666666668,0.4365
0.8333333333333334,0.4431
0.8500000000000001,0.4498
0.8666666666666667,0.4566
0.8833333333333334,0.4622
0.9,0.4698
0.9166666666666667,0.4759
0.9333333333333333,0.4825
0.9500000000000001,0.4889
0.9666666666666667,0.4953
0.9833333333333334,0.502
1.0,0.5094
1.0166666666666666,0.5147
1.0333333333333332,0.5215
1.0499999999999998,0.5269
1.0666666666666667,0.532
1.0833333333333333,0.5372
1.0999999999999999,0.5419
1.1166666666666667,0.5475
1.1333333333333333,0.5527
1.15,0.558
1.1666666666666665,0.5621
1.1833333333333333,0.5672
1.2,0.5722
1.2166666666666666,0.5788
1.2333333333333332,0.5836
1.25,0.5878
1.2666666666666666,0.5935
1.2833333333333332,0.598
1.2999999999999998,0.6039
1.3166666666666667,0.611
1.3333333333333333,0.6159
1.3499999999999999,0.621
1.3666666666666667,0.625
1.3833333333333333,0.6292
1.4,0.6336
1.4166666666666665,0.6388
1.4333333333333333,0.6429
1.45,0.6476
1.4666666666666666,0.6513
1.4833333333333332,0.6567
1.5,0.6611
1.5166666666666666,0.6642
1.5333333333333332,0.6689
1.5499999999999998,0.6723
1.5666666666666667,0.677
1.5833333333333333,0.6813
1.5999999999999999,0.6863
1.6166666666666667,0.692
1.6333333333333333,0.6968
1.65,0.7011
1.6666666666666665,0.7043
1.6833333333333333,0.7093
1.7,0.7132
1.7166666666666666,0.7172
1.7333333333333332,0.7204
1.75,0.7231
1.7666666666666666,0.7269
1.7833333333333332,0.7301
1.7999999999999998,0.7334
1.8166666666666667,0.7359
1.8333333333333333,0.7394
1.8499999999999999,0.7418
1.8666666666666665,0.7448
1.8833333333333333,0.7479
1.9,0.7512
1.9166666666666665,0.7548
1.9333333333333333,0.7584
1.95,0.7623
1.9666666666666666,0.7657
1.9833333333333332,0.7684
2.0,0.7719
2.0166666666666666,0.775
2.033333333333333,0.778
2.05,0.7805
2.0666666666666664,0.7829
2.083333333333333,0.7862
2.1,0.7881
2.1166666666666667,0.7903
2.1333333333333333,0.7927
2.15,0.7959
2.1666666666666665,0.7989
2.183333333333333,0.802
2.1999999999999997,0.8049
2.216666666666667,0.8074
2.2333333333333334,0.8104
2.25,0.813
2.2666666666666666,0.8151
2.283333333333333,0.8178
2.3,0.8204
2.3166666666666664,0.822
2.333333333333333,0.8234
2.35,0.8256
2.3666666666666667,0.8271
2.3833333333333333,0.8287
2.4,0.8316
2.4166666666666665,0.8336
2.433333333333333,0.8352
2.4499999999999997,0.8359
2.466666666666667,0.8372
2.4833333333333334,0.8388
2.5,0.8412
2.5166666666666666,0.8437
2.533333333333333,0.8457
2.55,0.8471
2.5666666666666664,0.8493
2.583333333333333,0.8505
2.6,0.8522
2.6166666666666667,0.8533
2.6333333333333333,0.8553
2.65,0.857
2.6666666666666665,0.8584
2.683333333333333,0.8597
2.6999999999999997,0.8615
2.716666666666667,0.8626
2.7333333333333334,0.8635
2.75,0.8643
2.7666666666666666,0.8659
2.783333333333333,0.8668
2.8,0.8688
2.8166666666666664,0.8696
2.833333333333333,0.8701
2.85,0.8715
2.8666666666666667,0.8728
2.8833333333333333,0.8742
2.9,0.8748
2.9166666666666665,0.8749
2.933333333333333,0.8761
2.9499999999999997,0.8779
2.966666666666667,0.8791
2.9833333333333334,0.8799
3.0,0.8806
3.0166666666666666,0.8819
3.033333333333333,0.8832
3.05,0.8839
3.0666666666666664,0.8857
3.083333333333333,0.8855
3.1,0.8859
3.1166666666666667,0.8863
3.1333333333333333,0.8864
3.15,0.8878
3.1666666666666665,0.8886
3.183333333333333,0.8892
3.1999999999999997,0.8907
3.216666666666667,0.8917
3.2333333333333334,0.8925
3.25,0.8933
3.2666666666666666,0.8943
3.283333333333333,0.8946
3.3,0.8952
3.3166666666666664,0.8959
3.333333333333333,0.8969
3.35,0.8977
3.3666666666666667,0.8979
3.3833333333333333,0.8981
3.4,0.899
3.4166666666666665,0.8993
3.433333333333333,0.8994
3.4499999999999997,0.9
3.4666666666666663,0.9
3.4833333333333334,0.9003
3.5,0.901
3.5166666666666666,0.9016
3.533333333333333,0.9025
3.55,0.9029
3.5666666666666664,0.9032
3.583333333333333,0.9036
3.6,0.9042
3.6166666666666667,0.9048
3.6333333333333333,0.9047
3.65,0.9047
3.6666666666666665,0.9048
3.683333333333333,0.9055
3.6999999999999997,0.905
3.7166666666666663,0.9052
3.7333333333333334,0.9048
3.75,0.9057
3.7666666666666666,0.9061
3.783333333333333,0.9068
3.8,0.9071
3.8166666666666664,0.907
3.833333333333333,0.9069
3.85,0.9074
3.8666666666666667,0.907
3.8833333333333333,0.907
3.9,0.9069
3.9166666666666665,0.9064
3.933333333333333,0.9065
3.9499999999999997,0.9066
3.9666666666666663,0.9062
3.9833333333333334,0.9063
4.0,0.907
4.016666666666667,0.9071
4.033333333333333,0.9076
4.05,0.9076
4.066666666666666,0.9075
4.083333333333333,0.907
4.1,0.9072
4.116666666666666,0.9069
4.133333333333333,0.9064
4.1499999999999995,0.9067
4.166666666666667,0.9065
4.183333333333334,0.9063
4.2,0.9055
4.216666666666667,0.9053
4.233333333333333,0.9054
4.25,0.9059
4.266666666666667,0.9059
4.283333333333333,0.9059
4.3,0.9055
4.316666666666666,0.9049
4.333333333333333,0.905
4.35,0.905
4.366666666666666,0.9046
4.383333333333333,0.9045
4.3999999999999995,0.9038
4.416666666666667,0.9043
4.433333333333334,0.9037
4.45,0.9033
4.466666666666667,0.9028
4.483333333333333,0.9023
4.5,0.9015
4.516666666666667,0.9013
4.533333333333333,0.9002
4.55,0.9001
4.566666666666666,0.8994
4.583333333333333,0.8986
4.6,0.8982
4.616666666666666,0.8973
4.633333333333333,0.8973
4.6499999999999995,0.897
4.666666666666667,0.8966
4.683333333333334,0.8959
4.7,0.8953
4.716666666666667,0.8949
4.733333333333333,0.8938
4.75,0.8933
4.766666666666667,0.8922
4.783333333333333,0.8922
4.8,0.8921
4.816666666666666,0.8915
4.833333333333333,0.8899
4.85,0.8892
4.866666666666666,0.889
4.883333333333333,0.888
4.8999999999999995,0.8861
4.916666666666667,0.8851
4.933333333333334,0.8842
4.95,0.8834
4.966666666666667,0.8826
4.983333333333333,0.8821
5.0,0.8806
5.016666666666667,0.88
5.033333333333333,0.8792
5.05,0.8783
5.066666666666666,0.8777
5.083333333333333,0.8769
5.1,0.8759
5.116666666666666,0.8757
5.133333333333333,0.875
5.1499999999999995,0.8748
5.166666666666667,0.8734
5.183333333333334,0.8725
5.2,0.8716
5.216666666666667,0.87
5.233333333333333,0.8689
5.25,0.8687
5.266666666666667,0.8677
5.283333333333333,0.8669
5.3,0.8657
5.316666666666666,0.865
5.333333333333333,0.8642
5.35,0.8628
5.366666666666666,0.8615
5.383333333333333,0.8601
5.3999999999999995,0.8595
5.416666666666667,0.858
5.433333333333334,0.8573
5.45,0.856
5.466666666666667,0.8544
5.483333333333333,0.8533
5.5,0.8515
5.516666666666667,0.8508
5.533333333333333,0.8497
5.55,0.8484
5.566666666666666,0.8473
5.583333333333333,0.8467
5.6,0.8455
5.616666666666666,0.844
5.633333333333333,0.8427
5.6499999999999995,0.8413
5.666666666666667,0.8405
5.683333333333334,0.8396
5.7,0.8381
5.716666666666667,0.8361
5.733333333333333,0.8348
5.75,0.8336
5.766666666666667,0.8322
5.783333333333333,0.8313
5.8,0.83
5.816666666666666,0.8282
5.833333333333333,0.8262
5.85,0.8245
5.866666666666666,0.823
5.883333333333333,0.8216
5.8999999999999995,0.8201
5.916666666666667,0.8184
5.933333333333334,0.8174
5.95,0.8167
5.966666666666667,0.8151
5.983333333333333,0.8138
6.0,0.8128
6.016666666666667,0.8116
6.033333333333333,0.8103
6.05,0.8089
6.066666666666666,0.8072
6.083333333333333,0.8061
6.1,0.8042
6.116666666666666,0.8034
6.133333333333333,0.802
6.1499999999999995,0.7995
6.166666666666667,0.7983
6.183333333333334,0.7974
6.2,0.7955
6.216666666666667,0.7944
6.233333333333333,0.7929
6.25,0.7916
6.266666666666667,0.7908
6.283333333333333,0.7892
6.3,0.7878
6.316666666666666,0.7865
6.333333333333333,0.7843
6.35,0.7832
6.366666666666666,0.7816
6.383333333333333,0.7798
6.3999999999999995,0.7774
6.416666666666667,0.7756
6.433333333333334,0.7738
6.45,0.7718
6.466666666666667,0.7697
6.483333333333333,0.7682
6.5,0.7669
6.516666666666667,0.7657
6.533333333333333,0.7633
6.55,0.7616
6.566666666666666,0.7599
6.583333333333333,0.7583
6.6,0.7569
6.616666666666666,0.7551
6.633333333333333,0.7535
6.6499999999999995,0.7508
6.666666666666666,0.7494
6.683333333333334,0.7483
6.7,0.7461
6.716666666666667,0.7445
6.733333333333333,0.7437
6.75,0.7418
6.766666666666667,0.7406
6.783333333333333,0.7388
6.8,0.7373
6.816666666666666,0.7356
6.833333333333333,0.7347
6.85,0.7332
6.866666666666666,0.7316
6.883333333333333,0.7299
6.8999999999999995,0.7287
6.916666666666666,0.7267
6.933333333333334,0.7247
6.95,0.722
6.966666666666667,0.7205
6.983333333333333,0.7178
7.0,0.7161
7.016666666666667,0.7136
7.033333333333333,0.7118
7.05,0.7107
7.066666666666666,0.7084
7.083333333333333,0.7067
7.1,0.7051
7.116666666666666,0.7027
7.133333333333333,0.7017
7.1499999999999995,0.6996
7.166666666666666,0.6977
7.183333333333334,0.6959
7.2,0.6942
7.216666666666667,0.6927
7.233333333333333,0.69
7.25,0.6878
7.266666666666667,0.6859
7.283333333333333,0.6841
7.3,0.6819
7.316666666666666,0.6792
7.333333333333333,0.6775
7.35,0.6756
7.366666666666666,0.6736
7.383333333333333,0.672
7.3999999999999995,0.67
7.416666666666666,0.6684
7.433333333333334,0.6672
7.45,0.6653
7.466666666666667,0.6636
7.483333333333333,0.6616
7.5,0.6592
7.516666666666667,0.6572
7.533333333333333,0.6559
7.55,0.6547
7.566666666666666,0.6519
7.583333333333333,0.6507
7.6,0.649
7.616666666666666,0.6468
7.633333333333333,0.6443
7.6499999999999995,0.6423
7.666666666666666,0.6406
7.683333333333334,0.6393
7.7,0.6375
7.716666666666667,0.6352
7.733333333333333,0.6339
7.75,0.6319
7.766666666666667,0.6304
7.783333333333333,0.6275
7.8,0.6252
7.816666666666666,0.6239
7.833333333333333,0.6221
7.85,0.6209
7.866666666666666,0.6189
7.883333333333333,0.6165
7.8999999999999995,0.6155
7.916666666666666,0.6144
7.933333333333334,0.6133
7.95,0.6116
7.966666666666667,0.6095
7.983333333333333,0.6078
8.0,0.6052
8.016666666666667,0.603
8.033333333333333,0.6007
8.05,0.5999
8.066666666666668,0.5988
8.083333333333334,0.5972
8.100000000000001,0.5953
8.116666666666667,0.5928
8.133333333333335,0.5902
8.15,0.5878
8.166666666666668,0.5858
8.183333333333334,0.5842
8.200000000000001,0.5821
8.216666666666667,0.5798
8.233333333333334,0.578
8.25,0.5755
8.266666666666667,0.5731
8.283333333333333,0.5715
8.3,0.5701
8.316666666666668,0.568
8.333333333333334,0.5667
8.350000000000001,0.5655
8.366666666666667,0.5638
8.383333333333335,0.562
8.4,0.5603
8.416666666666668,0.5585
8.433333333333334,0.5562
8.450000000000001,0.5544
8.466666666666667,0.5522
8.483333333333334,0.5504
8.5,0.5491
8.516666666666667,0.5474
8.533333333333333,0.5447
8.55,0.5431
8.566666666666668,0.5417
8.583333333333334,0.54
8.600000000000001,0.5379
8.616666666666667,0.5359
8.633333333333335,0.5339
8.65,0.5318
8.666666666666668,0.5298
8.683333333333334,0.5281
8.700000000000001,0.5261
8.716666666666667,0.5242
8.733333333333334,0.5223
8.75,0.5201
8.766666666666667,0.5183
8.783333333333333,0.5166
8.8,0.5144
8.816666666666668,0.512
8.833333333333334,0.5102
8.850000000000001,0.5082
8.866666666666667,0.5063
8.883333333333335,0.5047
8.9,0.503
8.916666666666668,0.501
8.933333333333334,0.4994
8.950000000000001,0.4982
8.966666666666667,0.4958
8.983333333333334,0.4943
9.0,0.4924
9.016666666666667,0.4906
9.033333333333333,0.4887
9.05,0.4868
9.066666666666668,0.4841
9.083333333333334,0.4806
9.100000000000001,0.479
9.116666666666667,0.477
9.133333333333335,0.4753
9.15,0.4732
9.166666666666668,0.47
9.183333333333334,0.4682
9.200000000000001,0.4661
9.216666666666667,0.4639
9.233333333333334,0.4611
9.25,0.4586
9.266666666666667,0.4566
9.283333333333333,0.4549
9.3,0.4535
9.316666666666668,0.4524
9.333333333333334,0.4508
9.350000000000001,0.4491
9.366666666666667,0.4473
9.383333333333335,0.4458
9.4,0.4442
9.416666666666668,0.4423
9.433333333333334,0.4405
9.450000000000001,0.4392
9.466666666666667,0.4371
9.483333333333334,0.4355
9.5,0.434
9.516666666666667,0.4325
9.533333333333333,0.4311
9.55,0.43
9.566666666666668,0.4283
9.583333333333334,0.427
9.600000000000001,0.425
9.616666666666667,0.4231
9.633333333333335,0.4208
9.65,0.4188
9.666666666666668,0.4171
9.683333333333334,0.4153
9.700000000000001,0.4135
9.716666666666667,0.4111
9.733333333333334,0.4087
9.75,0.4064
9.766666666666667,0.4043
9.783333333333333,0.4016
9.8,0.4004
9.816666666666668,0.3982
9.833333333333334,0.3965
9.850000000000001,0.395
9.866666666666667,0.3934
9.883333333333335,0.3919
9.9,0.3898
9.916666666666668,0.3885
9.933333333333334,0.3865
9.950000000000001,0.384
9.966666666666667,0.3821
9.983333333333334,0.3805
10.0,0.3786
10.016666666666667,0.3767
10.033333333333333,0.3745
10.05,0.3718
10.066666666666668,0.3706
10.083333333333334,0.3693
10.100000000000001,0.3675
10.116666666666667,0.3664
10.133333333333335,0.3643
10.15,0.3628
10.166666666666668,0.3613
10.183333333333334,0.3597
10.200000000000001,0.3586
10.216666666666667,0.3575
10.233333333333334,0.3558
10.25,0.3547
10.266666666666667,0.3536
10.283333333333333,0.3514
10.3,0.3502
10.316666666666668,0.3491
10.333333333333334,0.3476
10.350000000000001,0.3466
10.366666666666667,0.3459
10.383333333333335,0.3446
10.4,0.3433
10.416666666666668,0.3422
10.433333333333334,0.3409
10.450000000000001,0.3394
10.466666666666667,0.3379
10.483333333333334,0.3371
10.5,0.3359
10.516666666666667,0.3345
10.533333333333333,0.333
10.55,0.3318
10.566666666666668,0.331
10.583333333333334,0.329
10.600000000000001,0.3282
10.616666666666667,0.3263
10.633333333333335,0.325
10.65,0.3239
10.666666666666668,0.3222
10.683333333333334,0.3209
10.700000000000001,0.3201
10.716666666666667,0.3187
10.733333333333334,0.3162
10.75,0.3144
10.766666666666667,0.3126
10.783333333333333,0.3114
10.8,0.3101
10.816666666666668,0.3085
10.833333333333334,0.3066
10.850000000000001,0.3049
10.866666666666667,0.3031
10.883333333333335,0.3015
10.9,0.3004
10.916666666666668,0.2984
10.933333333333334,0.297
10.950000000000001,0.2957
10.966666666666667,0.2944
10.983333333333334,0.2934
11.0,0.2923
11.016666666666667,0.2904
11.033333333333333,0.2892
11.05,0.288
11.066666666666668,0.2877
11.083333333333334,0.2865
11.100000000000001,0.2859
11.116666666666667,0.2853
11.133333333333335,0.2837
11.15,0.2823
11.166666666666668,0.2813
11.183333333333334,0.2797
11.200000000000001,0.2793
11.216666666666667,0.2784
11.233333333333334,0.2778
11.25,0.2756
11.266666666666667,0.2743
11.283333333333333,0.2729
11.3,0.2714
11.316666666666668,0.2698
11.333333333333334,0.2685
11.350000000000001,0.267
11.366666666666667,0.2657
11.383333333333335,0.2649
11.4,0.2644
11.416666666666668,0.2636
11.433333333333334,0.2632
11.450000000000001,0.2627
11.466666666666667,0.2616
11.483333333333334,0.26
11.5,0.2592
11.516666666666667,0.2583
11.533333333333333,0.2573
11.55,0.2556
11.566666666666668,0.2542
11.583333333333334,0.2534
11.600000000000001,0.2521
11.616666666666667,0.2507
11.633333333333335,0.2502
11.65,0.2488
11.666666666666668,0.2473
11.683333333333334,0.2468
11.700000000000001,0.2462
11.716666666666667,0.2453
11.733333333333334,0.2443
11.75,0.2426
11.766666666666667,0.242
11.783333333333333,0.2414
11.8,0.2407
11.816666666666668,0.2398
11.833333333333334,0.2384
11.850000000000001,0.2381
11.866666666666667,0.2369
11.883333333333335,0.2361
11.9,0.2353
11.916666666666668,0.2347
11.933333333333334,0.2339
11.950000000000001,0.2337
11.966666666666667,0.2323
11.983333333333334,0.2323
12.0,0.2315
12.016666666666667,0.2308
12.033333333333333,0.2297
12.05,0.2294
12.066666666666668,0.2289
12.083333333333334,0.2278
12.100000000000001,0.2271
12.116666666666667,0.227
12.133333333333335,0.2272
12.15,0.227
12.166666666666668,0.2262
12.183333333333334,0.2262
12.200000000000001,0.2256
12.216666666666667,0.2238
12.233333333333334,0.2234
12.25,0.2225
12.266666666666667,0.2204
12.283333333333333,0.2194
12.3,0.2191
12.316666666666668,0.2175
12.333333333333334,0.2166
12.350000000000001,0.2159
12.366666666666667,0.2158
12.383333333333335,0.2154
12.4,0.2157
12.416666666666668,0.2151
12.433333333333334,0.2145
12.450000000000001,0.2145
12.466666666666667,0.2141
12.483333333333334,0.2137
12.5,0.2131
12.516666666666667,0.2123
12.533333333333333,0.2118
12.55,0.2117
12.566666666666668,0.2118
12.583333333333334,0.2108
12.600000000000001,0.2104
12.616666666666667,0.2099
12.633333333333335,0.2095
12.65,0.2095
12.666666666666668,0.2094
12.683333333333334,0.2092
12.700000000000001,0.2097
12.716666666666667,0.2099
12.733333333333334,0.209
12.75,0.2099
12.766666666666667,0.2089
12.783333333333333,0.2094
12.8,0.2092
12.816666666666668,0.2087
12.833333333333334,0.2084
12.850000000000001,0.208
12.866666666666667,0.2087
12.883333333333335,0.2079
12.9,0.2082
12.916666666666668,0.2083
12.933333333333334,0.2079
12.950000000000001,0.2075
12.966666666666667,0.2082
12.983333333333334,0.2079
13.0,0.2076
13.016666666666667,0.2073
13.033333333333333,0.2072
13.05,0.2067
13.066666666666666,0.2068
13.083333333333334,0.2068
13.100000000000001,0.2066
13.116666666666667,0.2065
13.133333333333335,0.2069
13.15,0.2073
13.166666666666668,0.2064
13.183333333333334,0.2062
13.200000000000001,0.207
13.216666666666667,0.2072
13.233333333333334,0.2077
13.25,0.2081
13.266666666666667,0.2082
13.283333333333333,0.2086
13.3,0.2088
13.316666666666666,0.2088
13.333333333333334,0.2085
13.350000000000001,0.2092
13.366666666666667,0.2096
13.383333333333335,0.2097
13.4,0.21
13.416666666666668,0.2104
13.433333333333334,0.2102
13.450000000000001,0.2102
13.466666666666667,0.2108
13.483333333333334,0.2113
13.5,0.2116
13.516666666666667,0.2119
13.533333333333333,0.2127
13.55,0.2127
13.566666666666666,0.2132
13.583333333333334,0.2144
13.600000000000001,0.2142
13.616666666666667,0.2143
13.633333333333335,0.2145
13.65,0.2149
13.666666666666668,0.2152
13.683333333333334,0.2152
13.700000000000001,0.2159
13.716666666666667,0.2167
13.733333333333334,0.2169
13.75,0.2182
13.766666666666667,0.219
13.783333333333333,0.2205
13.8,0.2205
13.816666666666666,0.2209
13.833333333333334,0.2206
13.850000000000001,0.2201
13.866666666666667,0.2205
13.883333333333335,0.2214
13.9,0.222
13.916666666666668,0.2228
13.933333333333334,0.2237
13.950000000000001,0.2241
13.966666666666667,0.2246
13.983333333333334,0.2243
14.0,0.2254
14.016666666666667,0.2255
14.033333333333333,0.2269
14.05,0.2282
14.066666666666666,0.2294
14.083333333333334,0.2286
14.100000000000001,0.2289
14.116666666666667,0.2294
14.133333333333335,0.2301
14.15,0.2302
14.166666666666668,0.2313
14.183333333333334,0.2319
14.200000000000001,0.2317
14.216666666666667,0.2322
14.233333333333334,0.2329
14.25,0.2334
14.266666666666667,0.2338
14.283333333333333,0.2347
14.3,0.2357
14.316666666666666,0.236
14.333333333333334,0.2371
14.350000000000001,0.2386
14.366666666666667,0.2395
14.383333333333335,0.2396
14.4,0.2406
14.416666666666668,0.2416
14.433333333333334,0.2424
14.450000000000001,0.2429
14.466666666666667,0.2436
14.483333333333334,0.2437
14.5,0.2445
14.516666666666667,0.2462
14.533333333333333,0.2478
14.55,0.2484
14.566666666666666,0.2501
14.583333333333334,0.2511
14.600000000000001,0.2528
14.616666666666667,0.2537
14.633333333333335,0.2539
14.65,0.2556
14.666666666666668,0.2566
14.683333333333334,0.257
14.700000000000001,0.258
14.716666666666667,0.2588
14.733333333333334,0.2605
14.75,0.2613
14.766666666666667,0.2624
14.783333333333333,0.2633
14.8,0.2642
14.816666666666666,0.2655
14.833333333333334,0.266
14.850000000000001,0.2671
14.866666666666667,0.2687
14.883333333333335,0.2708
14.9,0.2713
14.916666666666668,0.2724
14.933333333333334,0.2728
14.950000000000001,0.2749
14.966666666666667,0.2758
14.983333333333334,0.2772
15.0,0.2777
15.016666666666667,0.2787
15.033333333333333,0.2797
15.05,0.2805
15.066666666666666,0.2815
15.083333333333334,0.2832
15.100000000000001,0.2837
15.116666666666667,0.2852
15.133333333333335,0.2871
15.15,0.2887
15.166666666666668,0.2897
15.183333333333334,0.2901
15.200000000000001,0.2913
15.216666666666667,0.2931
15.233333333333334,0.2943
15.25,0.2957
15.266666666666667,0.2967
15.283333333333333,0.2979
15.3,0.2993
15.316666666666666,0.3002
15.333333333333334,0.3018
15.350000000000001,0.3038
15.366666666666667,0.3046
15.383333333333335,0.3057
15.4,0.3069
15.416666666666668,0.3081
15.433333333333334,0.3088
15.450000000000001,0.3108
15.466666666666667,0.3119
15.483333333333334,0.313
15.5,0.3146
15.516666666666667,0.3164
15.533333333333333,0.3184
15.55,0.3199
15.566666666666666,0.3218
15.583333333333334,0.3233
15.600000000000001,0.3246
15.616666666666667,0.3257
15.633333333333335,0.3262
15.65,0.3277
15.666666666666668,0.3296
15.683333333333334,0.3313
15.700000000000001,0.3334
15.716666666666667,0.3358
15.733333333333334,0.3377
15.75,0.3388
15.766666666666667,0.3413
15.783333333333333,0.3421
15.8,0.3431
15.816666666666666,0.3444
15.833333333333334,0.3458
15.850000000000001,0.348
15.866666666666667,0.3493
15.883333333333335,0.3501
15.9,0.3519
15.916666666666668,0.3542
15.933333333333334,0.3554
15.950000000000001,0.3564
15.966666666666667,0.3576
15.983333333333334,0.3592
16.0,0.3605
16.016666666666666,0.3625
16.03333333333333,0.3639
16.049999999999997,0.3662
16.066666666666666,0.3675
16.083333333333332,0.37
16.099999999999998,0.3711
16.116666666666667,0.3738
16.133333333333333,0.3761
16.15,0.3777
16.166666666666664,0.3794
16.183333333333334,0.3808
16.2,0.383
16.216666666666665,0.3846
16.23333333333333,0.3859
16.25,0.3875
16.266666666666666,0.3891
16.28333333333333,0.3916
16.299999999999997,0.3932
16.316666666666666,0.3947
16.333333333333332,0.3968
16.349999999999998,0.398
16.366666666666667,0.3999
16.383333333333333,0.4023
16.4,0.4034
16.416666666666664,0.405
16.433333333333334,0.407
16.45,0.4081
16.466666666666665,0.4099
16.48333333333333,0.4118
16.5,0.4135
16.516666666666666,0.4146
16.53333333333333,0.4161
16.549999999999997,0.4178
16.566666666666666,0.4197
16.583333333333332,0.4217
16.599999999999998,0.4242
16.616666666666667,0.4261
16.633333333333333,0.4278
16.65,0.4303
16.666666666666664,0.4318
16.683333333333334,0.434
16.7,0.4353
16.716666666666665,0.4363
16.73333333333333,0.4374
16.75,0.4388
16.766666666666666,0.4413
16.78333333333333,0.4426
16.799999999999997,0.4441
16.816666666666666,0.4457
16.833333333333332,0.448
16.849999999999998,0.4507
16.866666666666667,0.452
16.883333333333333,0.4536
16.9,0.4554
16.916666666666664,0.4573
16.933333333333334,0.4581
16.95,0.4596
16.966666666666665,0.4617
16.98333333333333,0.4637
17.0,0.4653
17.016666666666666,0.467
17.03333333333333,0.469
17.049999999999997,0.4708
17.066666666666666,0.4723
17.083333333333332,0.4739
17.099999999999998,0.4756
17.116666666666667,0.4771
17.133333333333333,0.4788
17.15,0.4807
17.166666666666664,0.483
17.183333333333334,0.4845
17.2,0.4869
17.216666666666665,0.4884
17.23333333333333,0.4899
17.25,0.4923
17.266666666666666,0.4951
17.28333333333333,0.4961
17.299999999999997,0.4987
17.316666666666666,0.5003
17.333333333333332,0.5019
17.349999999999998,0.5044
17.366666666666667,0.507
17.383333333333333,0.5084
17.4,0.5102
17.416666666666664,0.5117
17.433333333333334,0.5131
17.45,0.5156
17.466666666666665,0.5169
17.48333333333333,0.519
17.5,0.5212
17.516666666666666,0.5228
17.53333333333333,0.5243
17.549999999999997,0.5259
17.566666666666666,0.5281
17.583333333333332,0.5303
17.599999999999998,0.5326
17.616666666666667,0.5348
17.633333333333333,0.5365
17.65,0.538
17.666666666666664,0.5397
17.683333333333334,0.5418
17.7,0.5443
17.716666666666665,0.5467
17.73333333333333,0.549
17.75,0.5514
17.766666666666666,0.5532
17.78333333333333,0.5554
17.799999999999997,0.5578
17.816666666666666,0.5592
17.833333333333332,0.5607
17.849999999999998,0.5628
17.866666666666667,0.5648
17.883333333333333,0.5667
17.9,0.5693
17.916666666666664,0.5707
17.933333333333334,0.5722
17.95,0.5746
17.966666666666665,0.5765
17.98333333333333,0.5785
18.0,0.5807
18.016666666666666,0.5816
18.03333333333333,0.5832
18.049999999999997,0.5846
18.066666666666666,0.5874
18.083333333333332,0.5901
18.099999999999998,0.5927
18.116666666666667,0.5943
18.133333333333333,0.5961
18.15,0.598
18.166666666666664,0.5998
18.183333333333334,0.6014
18.2,0.6031
18.216666666666665,0.6048
18.23333333333333,0.6066
18.25,0.6086
18.266666666666666,0.611
18.28333333333333,0.612
18.299999999999997,0.6145
18.316666666666666,0.6165
18.333333333333332,0.6186
18.349999999999998,0.6207
18.366666666666667,0.6232
18.383333333333333,0.6256
18.4,0.627
18.416666666666664,0.6289
18.433333333333334,0.631
18.45,0.6325
18.466666666666665,0.6334
18.48333333333333,0.6356
18.5,0.6373
18.516666666666666,0.6396
18.53333333333333,0.6418
18.549999999999997,0.6437
18.566666666666666,0.6455
18.583333333333332,0.6464
18.599999999999998,0.6483
18.616666666666667,0.6512
18.633333333333333,0.6523
18.65,0.6536
18.666666666666664,0.6554
18.683333333333334,0.6573
18.7,0.6592
18.716666666666665,0.6612
18.73333333333333,0.6626
18.75,0.6643
18.766666666666666,0.6663
18.78333333333333,0.6677
18.799999999999997,0.6691
18.816666666666666,0.6706
18.833333333333332,0.672
18.849999999999998,0.6743
18.866666666666667,0.6761
18.883333333333333,0.6773
18.9,0.6791
18.916666666666664,0.6811
18.933333333333334,0.6824
18.95,0.6834
18.966666666666665,0.6855
18.98333333333333,0.6873
19.0,0.6888
19.016666666666666,0.6914
19.03333333333333,0.6935
19.049999999999997,0.6955
19.066666666666666,0.6972
19.083333333333332,0.699
19.099999999999998,0.7002
19.116666666666667,0.7018
19.133333333333333,0.7027
19.15,0.7055
19.166666666666664,0.7068
19.183333333333334,0.7086
19.2,0.7107
19.216666666666665,0.7126
19.23333333333333,0.7142
19.25,0.7155
19.266666666666666,0.7171
19.28333333333333,0.7187
19.299999999999997,0.7208
19.316666666666666,0.7227
19.333333333333332,0.726
19.349999999999998,0.7288
19.366666666666667,0.7318
19.383333333333333,0.7335
19.4,0.735
19.416666666666664,0.737
19.433333333333334,0.7389
19.45,0.7402
19.466666666666665,0.7419
19.48333333333333,0.7433
19.5,0.7444
19.516666666666666,0.7464
19.53333333333333,0.7486
19.549999999999997,0.7503
19.566666666666666,0.7521
19.583333333333332,0.754
19.599999999999998,0.7557
19.616666666666667,0.7574
19.633333333333333,0.7595
19.65,0.7613
19.666666666666664,0.7633
19.683333333333334,0.7652
19.7,0.7659
19.716666666666665,0.7674
19.73333333333333,0.7693
19.75,0.7708
19.766666666666666,0.7716
19.78333333333333,0.7738
19.799999999999997,0.7755
19.816666666666666,0.7774
19.833333333333332,0.7784
19.849999999999998,0.7803
19.866666666666667,0.7817
19.883333333333333,0.7833
19.9,0.7844
19.916666666666664,0.7857
19.933333333333334,0.7875
19.95,0.7895
19.966666666666665,0.7906
19.98333333333333,0.7922
20.0,0.7938
20.016666666666666,0.7958
20.03333333333333,0.7972
20.049999999999997,0.7988
20.066666666666666,0.7999
20.083333333333332,0.8017
20.099999999999998,0.8029
20.116666666666667,0.8042
20.133333333333333,0.8061
20.15,0.808
20.166666666666664,0.8095
20.183333333333334,0.8109
20.2,0.8124
20.216666666666665,0.8134
20.23333333333333,0.8143
20.25,0.8153
20.266666666666666,0.8164
20.28333333333333,0.8169
20.299999999999997,0.8186
20.316666666666666,0.82
20.333333333333332,0.8221
20.349999999999998,0.8235
20.366666666666667,0.8251
20.383333333333333,0.8261
20.4,0.8273
20.416666666666664,0.829
20.433333333333334,0.8303
20.45,0.8323
20.466666666666665,0.8341
20.48333333333333,0.8355
20.5,0.8368
20.516666666666666,0.8379
20.53333333333333,0.8392
20.549999999999997,0.8413
20.566666666666666,0.8423
20.583333333333332,0.8436
20.599999999999998,0.8445
20.616666666666667,0.8461
20.633333333333333,0.847
20.65,0.8479
20.666666666666664,0.8491
20.683333333333334,0.8514
20.7,0.8529
20.716666666666665,0.8538
20.73333333333333,0.8553
20.75,0.8563
20.766666666666666,0.8575
20.78333333333333,0.8581
20.799999999999997,0.8589
20.816666666666666,0.8607
20.833333333333332,0.8628
20.849999999999998,0.8642
20.866666666666667,0.8653
20.883333333333333,0.8661
20.9,0.8675
20.916666666666664,0.8676
20.933333333333334,0.8682
20.95,0.8686
20.966666666666665,0.8693
20.98333333333333,0.8702
21.0,0.8706
21.016666666666666,0.8705
21.03333333333333,0.8708
21.049999999999997,0.8714
21.066666666666666,0.8719
21.083333333333332,0.8731
21.099999999999998,0.8733
21.116666666666667,0.8737
21.133333333333333,0.8749
21.15,0.8749
21.166666666666664,0.8751
21.183333333333334,0.8752
21.2,0.8749
21.216666666666665,0.8746
21.23333333333333,0.8747
21.25,0.8754
21.266666666666666,0.8755
21.28333333333333,0.8753
21.299999999999997,0.8752
21.316666666666666,0.8753
21.333333333333332,0.8756
21.349999999999998,0.8755
21.366666666666667,0.8752
21.383333333333333,0.8757
21.4,0.8754
21.416666666666664,0.8756
21.433333333333334,0.8754
21.45,0.8759
21.466666666666665,0.8752
21.48333333333333,0.8734
21.5,0.8736
21.516666666666666,0.8727
21.53333333333333,0.8727
21.549999999999997,0.872
21.566666666666666,0.8722
21.583333333333332,0.871
21.599999999999998,0.8705
21.616666666666667,0.8699
21.633333333333333,0.869
21.65,0.868
21.666666666666664,0.8667
21.683333333333334,0.8661
21.7,0.8649
21.716666666666665,0.8635
21.73333333333333,0.8628
21.75,0.8618
21.766666666666666,0.8603
21.78333333333333,0.8599
21.799999999999997,0.8589
21.816666666666666,0.8581
21.833333333333332,0.8561
21.849999999999998,0.8555
21.866666666666667,0.854
21.883333333333333,0.8535
21.9,0.8513
21.916666666666664,0.8494
21.933333333333334,0.8482
21.95,0.8462
21.966666666666665,0.8444
21.98333333333333,0.8429
22.0,0.8417
22.016666666666666,0.8401
22.03333333333333,0.8384
22.049999999999997,0.8377
22.066666666666666,0.836
22.083333333333332,0.835
22.099999999999998,0.8333
22.116666666666667,0.8301
22.133333333333333,0.8268
22.15,0.8252
22.166666666666664,0.823
22.183333333333334,0.82
22.2,0.8172
22.216666666666665,0.8154
22.23333333333333,0.8142
22.25,0.812
22.266666666666666,0.8103
22.28333333333333,0.8083
22.299999999999997,0.8054
22.316666666666666,0.803
22.333333333333332,0.8008
22.349999999999998,0.7976
22.366666666666667,0.7945
22.383333333333333,0.792
22.4,0.7899
22.416666666666664,0.7866
22.433333333333334,0.7828
22.45,0.7799
22.466666666666665,0.7761
22.48333333333333,0.7734
22.5,0.7694
22.516666666666666,0.7656
22.53333333333333,0.7617
22.549999999999997,0.7582
22.566666666666666,0.754
22.583333333333332,0.7498
22.599999999999998,0.7461
22.616666666666667,0.742
22.633333333333333,0.7367
22.65,0.7317
22.666666666666664,0.7267
22.683333333333334,0.7225
22.7,0.7184
22.716666666666665,0.7141
22.73333333333333,0.7093
22.75,0.7045
22.766666666666666,0.6993
22.78333333333333,0.6945
22.799999999999997,0.6903
22.816666666666666,0.6862
22.833333333333332,0.681
22.849999999999998,0.6752
22.866666666666667,0.6708
22.883333333333333,0.6656
22.9,0.6595
22.916666666666664,0.6557
22.933333333333334,0.6493
22.95,0.6417
22.966666666666665,0.6356
22.98333333333333,0.6307
23.0,0.6245
23.016666666666666,0.6177
23.03333333333333,0.6111
23.049999999999997,0.6039
23.066666666666666,0.5963
23.083333333333332,0.5892
23.099999999999998,0.5818
23.116666666666667,0.5749
23.133333333333333,0.5673
23.15,0.5616
23.166666666666664,0.5561
23.183333333333334,0.5502
23.2,0.5421
23.216666666666665,0.5335
23.23333333333333,0.5257
23.25,0.5181
23.266666666666666,0.5107
23.28333333333333,0.5031
23.299999999999997,0.494
23.316666666666666,0.486
23.333333333333332,0.4773
23.349999999999998,0.4684
23.366666666666667,0.4593
23.383333333333333,0.4503
23.4,0.4415
23.416666666666664,0.4322
23.433333333333334,0.4236
23.45,0.4133
23.466666666666665,0.4038
23.48333333333333,0.3945
23.5,0.3826
23.516666666666666,0.3721
23.53333333333333,0.3608
23.549999999999997,0.3506
23.566666666666666,0.3393
23.583333333333332,0.3291
23.599999999999998,0.3167
23.616666666666667,0.3069
23.633333333333333,0.2931
23.65,0.2826
23.666666666666664,0.2707
23.683333333333334,0.2582
23.7,0.2465
23.716666666666665,0.2342
23.73333333333333,0.2208
23.75,0.2085
23.766666666666666,0.1958
23.78333333333333,0.1829
23.799999999999997,0.1703
23.816666666666666,0.159
23.833333333333332,0.1451
23.849999999999998,0.1317
23.866666666666667,0.1178
23.883333333333333,0.1022
23.9,0.0886
23.916666666666664,0.0726
23.933333333333334,0.0596
23.95,0.0451
23.966666666666665,0.0286
23.98333333333333,0.016
