datetime_beginning_utc,datetime_beginning_ept,requirement,regd_ssmw,rega_ssmw,regd_procure,rega_procure,total_mw,deficiency,rto_perfscore,rega_mileage,regd_mileage,rega_hourly,regd_hourly,is_approved,modified_datetime_utc
6/1/2022 4:00:00 AM,6/1/2022 12:00:00 AM,525,190.3,95.5,60.3,179.0,525.0,0.0,0.77,5.9,34.3,6.6,15.8,1,7/1/2022 10:06:07 AM
6/1/2022 5:00:00 AM,6/1/2022 1:00:00 AM,525,190.3,103.9,59.8,171.1,525.0,0.0,0.86,5.9,34.3,5.4,23.5,1,7/1/2022 10:06:07 AM
6/1/2022 6:00:00 AM,6/1/2022 2:00:00 AM,525,188.0,128.8,59.6,148.7,525.0,0.0,0.88,5.9,34.3,2.2,24.0,1,7/1/2022 10:06:07 AM
6/1/2022 7:00:00 AM,6/1/2022 3:00:00 AM,525,188.0,128.8,59.4,148.8,525.0,0.0,0.91,5.9,34.3,5.6,36.3,1,7/1/2022 10:06:07 AM
6/1/2022 8:00:00 AM,6/1/2022 4:00:00 AM,525,185.9,128.8,68.5,142.0,525.0,0.0,0.91,5.9,34.3,6.3,32.3,1,7/1/2022 10:06:07 AM
6/1/2022 9:00:00 AM,6/1/2022 5:00:00 AM,800,211.9,97.4,96.0,395.0,800.0,0.0,0.89,5.9,34.3,2.8,26.1,1,7/1/2022 10:06:07 AM
6/1/2022 10:00:00 AM,6/1/2022 6:00:00 AM,800,211.6,97.4,136.6,354.7,800.0,0.0,0.86,5.9,34.3,3.1,23.9,1,7/1/2022 10:06:07 AM
6/1/2022 11:00:00 AM,6/1/2022 7:00:00 AM,800,214.3,97.4,98.8,389.3,800.0,0.0,0.85,5.9,34.3,6.9,28.6,1,7/1/2022 10:06:07 AM
6/1/2022 12:00:00 PM,6/1/2022 8:00:00 AM,800,213.8,2.0,104.8,479.5,800.0,0.0,0.88,5.9,34.3,5.1,29.0,1,7/1/2022 10:06:07 AM
6/1/2022 1:00:00 PM,6/1/2022 9:00:00 AM,800,213.8,80.0,137.9,368.4,800.0,0.0,0.87,5.9,34.3,4.2,22.9,1,7/1/2022 10:06:07 AM
6/1/2022 2:00:00 PM,6/1/2022 10:00:00 AM,800,213.8,90.7,130.5,365.1,800.0,0.0,0.89,5.9,34.3,5.1,32.5,1,7/1/2022 10:06:07 AM
6/1/2022 3:00:00 PM,6/1/2022 11:00:00 AM,800,213.7,90.7,143.1,352.3,800.0,0.0,0.87,5.9,34.3,7.0,23.5,1,7/1/2022 10:06:07 AM
6/1/2022 4:00:00 PM,6/1/2022 12:00:00 PM,800,180.6,125.3,105.4,388.9,800.0,0.0,0.89,5.9,34.3,3.5,32.2,1,7/1/2022 10:06:07 AM
6/1/2022 5:00:00 PM,6/1/2022 1:00:00 PM,800,214.9,125.3,89.7,370.3,800.0,0.0,0.84,5.9,34.3,5.5,26.5,1,7/1/2022 10:06:07 AM
6/1/2022 6:00:00 PM,6/1/2022 2:00:00 PM,525,189.4,114.6,54.1,167.3,525.4,0.0,0.95,5.9,34.3,6.2,37.6,1,7/1/2022 10:06:07 AM
6/1/2022 7:00:00 PM,6/1/2022 3:00:00 PM,525,189.4,114.6,54.1,167.3,525.4,0.0,0.94,5.9,34.3,5.5,35.7,1,7/1/2022 10:06:07 AM
6/1/2022 8:00:00 PM,6/1/2022 4:00:00 PM,525,189.4,114.6,54.1,191.2,549.3,0.0,0.91,5.9,34.3,5.5,29.0,1,7/1/2022 10:06:07 AM
6/1/2022 9:00:00 PM,6/1/2022 5:00:00 PM,525,189.4,114.6,54.7,191.2,549.9,0.0,0.93,5.9,34.3,4.2,28.8,1,7/1/2022 10:06:07 AM
6/1/2022 10:00:00 PM,6/1/2022 6:00:00 PM,800,215.2,47.3,77.3,460.5,800.0,0.0,0.88,5.9,34.3,4.8,32.0,1,7/1/2022 10:06:07 AM
6/1/2022 11:00:00 PM,6/1/2022 7:00:00 PM,800,215.6,47.3,76.3,461.1,800.0,0.0,0.94,5.9,34.3,2.1,35.5,1,7/1/2022 10:06:07 AM
6/2/2022 12:00:00 AM,6/1/2022 8:00:00 PM,800,216.3,47.3,78.5,458.1,800.0,0.0,0.88,5.9,34.3,3.4,24.0,1,7/1/2022 10:06:06 AM
6/2/2022 1:00:00 AM,6/1/2022 9:00:00 PM,800,216.4,69.6,82.3,432.1,800.0,0.0,0.86,5.9,34.3,6.3,36.8,1,7/1/2022 10:06:06 AM
6/2/2022 2:00:00 AM,6/1/2022 10:00:00 PM,800,217.9,66.0,107.7,408.5,800.0,0.0,0.84,5.9,34.3,1.7,21.5,1,7/1/2022 10:06:06 AM
6/2/2022 3:00:00 AM,6/1/2022 11:00:00 PM,800,217.9,132.8,106.2,343.4,800.0,0.0,0.86,5.9,34.3,5.8,28.1,1,7/1/2022 10:06:06 AM
6/2/2022 4:00:00 AM,6/2/2022 12:00:00 AM,525,191.0,134.5,68.3,131.3,525.0,0.0,0.90,5.9,34.3,3.9,36.1,1,7/1/2022 10:06:07 AM
6/2/2022 5:00:00 AM,6/2/2022 1:00:00 AM,525,191.0,111.6,68.7,153.9,525.0,0.0,0.85,5.9,34.3,9.7,26.4,1,7/1/2022 10:06:07 AM
6/2/2022 6:00:00 AM,6/2/2022 2:00:00 AM,525,190.2,134.5,68.2,132.0,525.0,0.0,0.84,5.9,34.3,4.5,21.6,1,7/1/2022 10:06:07 AM
6/2/2022 7:00:00 AM,6/2/2022 3:00:00 AM,525,190.2,134.5,67.4,133.0,525.0,0.0,0.86,5.9,34.3,6.5,23.8,1,7/1/2022 10:06:07 AM
6/2/2022 8:00:00 AM,6/2/2022 4:00:00 AM,525,190.2,134.5,68.1,132.3,525.0,0.0,0.90,5.9,34.3,8.3,31.6,1,7/1/2022 10:06:07 AM
6/2/2022 9:00:00 AM,6/2/2022 5:00:00 AM,800,216.2,112.8,119.1,351.7,800.0,0.0,0.86,5.9,34.3,6.1,28.6,1,7/1/2022 10:06:07 AM
6/2/2022 10:00:00 AM,6/2/2022 6:00:00 AM,800,216.2,112.8,116.6,354.2,800.0,0.0,0.85,5.9,34.3,4.3,26.3,1,7/1/2022 10:06:07 AM
6/2/2022 11:00:00 AM,6/2/2022 7:00:00 AM,800,217.0,112.8,120.2,349.9,800.0,0.0,0.86,5.9,34.3,6.9,25.0,1,7/1/2022 10:06:07 AM
6/2/2022 12:00:00 PM,6/2/2022 8:00:00 AM,800,210.8,34.7,139.4,415.1,800.0,0.0,0.88,5.9,34.3,6.5,28.1,1,7/1/2022 10:06:07 AM
6/2/2022 1:00:00 PM,6/2/2022 9:00:00 AM,800,210.8,53.3,139.5,396.4,800.0,0.0,0.88,5.9,34.3,6.3,28.3,1,7/1/2022 10:06:07 AM
6/2/2022 2:00:00 PM,6/2/2022 10:00:00 AM,800,218.8,94.7,135.6,351.3,800.0,0.0,0.88,5.9,34.3,5.3,28.5,1,7/1/2022 10:06:07 AM
6/2/2022 3:00:00 PM,6/2/2022 11:00:00 AM,800,220.6,94.7,128.5,356.2,800.0,0.0,0.86,5.9,34.3,6.3,31.1,1,7/1/2022 10:06:07 AM
6/2/2022 4:00:00 PM,6/2/2022 12:00:00 PM,800,220.4,94.7,87.3,398.0,800.0,0.0,0.87,5.9,34.3,6.5,32.4,1,7/1/2022 10:06:07 AM
6/2/2022 5:00:00 PM,6/2/2022 1:00:00 PM,800,224.7,94.7,85.7,395.1,800.0,0.0,0.90,5.9,34.3,3.7,35.7,1,7/1/2022 10:06:07 AM
6/2/2022 6:00:00 PM,6/2/2022 2:00:00 PM,525,196.2,94.7,54.8,179.5,525.0,0.0,0.92,5.9,34.3,6.0,35.8,1,7/1/2022 10:06:07 AM
6/2/2022 7:00:00 PM,6/2/2022 3:00:00 PM,525,196.4,93.8,68.1,166.8,525.0,0.0,0.89,5.9,34.3,4.3,32.8,1,7/1/2022 10:06:07 AM
6/2/2022 8:00:00 PM,6/2/2022 4:00:00 PM,525,197.6,93.8,67.7,166.2,525.0,0.0,0.84,5.9,34.3,7.0,29.0,1,7/1/2022 10:06:07 AM
6/2/2022 9:00:00 PM,6/2/2022 5:00:00 PM,525,197.6,93.8,71.0,163.1,525.0,0.0,0.87,5.9,34.3,8.9,26.4,1,7/1/2022 10:06:07 AM
6/2/2022 10:00:00 PM,6/2/2022 6:00:00 PM,800,226.6,83.8,120.6,369.3,800.0,0.0,0.90,5.9,34.3,5.9,34.0,1,7/1/2022 10:06:07 AM
6/2/2022 11:00:00 PM,6/2/2022 7:00:00 PM,800,222.6,84.8,129.6,363.4,800.0,0.0,0.91,5.9,34.3,2.4,28.5,1,7/1/2022 10:06:07 AM
6/3/2022 12:00:00 AM,6/2/2022 8:00:00 PM,800,222.6,84.8,106.8,386.0,800.0,0.0,0.91,5.9,34.3,4.5,35.1,1,7/1/2022 10:06:07 AM
6/3/2022 1:00:00 AM,6/2/2022 9:00:00 PM,800,222.7,64.2,135.7,377.4,800.0,0.0,0.89,5.9,34.3,4.9,22.9,1,7/1/2022 10:06:07 AM
6/3/2022 2:00:00 AM,6/2/2022 10:00:00 PM,800,222.7,123.7,139.3,314.5,800.0,0.0,0.85,5.9,34.3,6.1,20.6,1,7/1/2022 10:06:07 AM
6/3/2022 3:00:00 AM,6/2/2022 11:00:00 PM,800,222.8,123.7,137.8,315.7,800.0,0.0,0.87,5.9,34.3,6.8,32.8,1,7/1/2022 10:06:07 AM
6/3/2022 4:00:00 AM,6/3/2022 12:00:00 AM,525,194.7,88.6,67.5,174.6,525.0,0.0,0.88,5.9,34.3,1.8,33.4,1,7/1/2022 10:06:07 AM
6/3/2022 5:00:00 AM,6/3/2022 1:00:00 AM,525,194.7,66.8,69.5,194.1,525.0,0.0,0.85,5.9,34.3,10.3,26.2,1,7/1/2022 10:06:07 AM
6/3/2022 6:00:00 AM,6/3/2022 2:00:00 AM,525,194.7,66.8,68.7,195.2,525.0,0.0,0.90,5.9,34.3,6.1,34.2,1,7/1/2022 10:06:06 AM
6/3/2022 7:00:00 AM,6/3/2022 3:00:00 AM,525,194.8,68.8,66.8,194.9,525.0,0.0,0.89,5.9,34.3,8.2,31.0,1,7/1/2022 10:06:06 AM
6/3/2022 8:00:00 AM,6/3/2022 4:00:00 AM,525,194.8,68.8,67.0,194.5,525.0,0.0,0.90,5.9,34.3,8.6,23.1,1,7/1/2022 10:06:06 AM
6/3/2022 9:00:00 AM,6/3/2022 5:00:00 AM,800,222.0,68.8,97.7,411.5,800.0,0.0,0.88,5.9,34.3,5.3,28.5,1,7/1/2022 10:06:06 AM
6/3/2022 10:00:00 AM,6/3/2022 6:00:00 AM,800,222.0,79.7,138.6,359.6,800.0,0.0,0.87,5.9,34.3,2.8,23.2,1,7/1/2022 10:06:07 AM
6/3/2022 11:00:00 AM,6/3/2022 7:00:00 AM,800,221.9,35.7,98.5,443.9,800.0,0.0,0.86,5.9,34.3,5.5,31.1,1,7/1/2022 10:06:07 AM
6/3/2022 12:00:00 PM,6/3/2022 8:00:00 AM,800,212.7,35.7,107.2,444.2,800.0,0.0,0.88,5.9,34.3,5.2,34.8,1,7/1/2022 10:06:07 AM
6/3/2022 1:00:00 PM,6/3/2022 9:00:00 AM,800,193.6,35.7,147.0,423.6,800.0,0.0,0.86,5.9,34.3,6.3,29.5,1,7/1/2022 10:06:07 AM
6/3/2022 2:00:00 PM,6/3/2022 10:00:00 AM,800,212.5,35.7,99.6,452.4,800.0,0.0,0.85,5.9,34.3,5.5,37.3,1,7/1/2022 10:06:07 AM
6/3/2022 3:00:00 PM,6/3/2022 11:00:00 AM,800,183.9,76.7,104.3,435.4,800.0,0.0,0.90,5.9,34.3,4.0,36.1,1,7/1/2022 10:06:07 AM
6/3/2022 4:00:00 PM,6/3/2022 12:00:00 PM,800,183.3,117.7,135.8,363.2,800.0,0.0,0.86,5.9,34.3,4.4,37.0,1,7/1/2022 10:06:07 AM
6/3/2022 5:00:00 PM,6/3/2022 1:00:00 PM,800,216.0,94.9,95.4,393.7,800.0,0.0,0.89,5.9,34.3,5.2,39.8,1,7/1/2022 10:06:07 AM
6/3/2022 6:00:00 PM,6/3/2022 2:00:00 PM,525,190.4,103.9,57.4,173.4,525.0,0.0,0.93,5.9,34.3,7.8,34.3,1,7/1/2022 10:06:07 AM
6/3/2022 7:00:00 PM,6/3/2022 3:00:00 PM,525,187.2,103.0,58.5,176.4,525.0,0.0,0.91,5.9,34.3,6.7,31.6,1,7/1/2022 10:06:07 AM
6/3/2022 8:00:00 PM,6/3/2022 4:00:00 PM,525,186.6,93.1,59.6,185.7,525.0,0.0,0.91,5.9,34.3,6.5,37.0,1,7/1/2022 10:06:07 AM
6/3/2022 9:00:00 PM,6/3/2022 5:00:00 PM,525,197.6,93.1,70.1,164.3,525.0,0.0,0.90,5.9,34.3,7.4,36.2,1,7/1/2022 10:06:07 AM
6/3/2022 10:00:00 PM,6/3/2022 6:00:00 PM,800,226.5,94.0,122.6,356.8,800.0,0.0,0.86,5.9,34.3,5.9,26.0,1,7/1/2022 10:06:07 AM
6/3/2022 11:00:00 PM,6/3/2022 7:00:00 PM,800,225.2,94.9,108.7,371.2,800.0,0.0,0.89,5.9,34.3,4.3,36.7,1,7/1/2022 10:06:07 AM
6/4/2022 12:00:00 AM,6/3/2022 8:00:00 PM,800,226.5,115.7,104.2,353.6,800.0,0.0,0.88,5.9,34.3,5.0,30.8,1,7/1/2022 10:06:07 AM
6/4/2022 1:00:00 AM,6/3/2022 9:00:00 PM,800,225.7,63.8,90.8,419.5,800.0,0.0,0.90,5.9,34.3,6.6,31.7,1,7/1/2022 10:06:07 AM
6/4/2022 2:00:00 AM,6/3/2022 10:00:00 PM,800,226.2,56.4,106.3,411.2,800.0,0.0,0.88,5.9,34.3,6.9,32.5,1,7/1/2022 10:06:07 AM
6/4/2022 3:00:00 AM,6/3/2022 11:00:00 PM,800,225.8,45.5,103.0,425.6,800.0,0.0,0.87,5.9,34.3,5.9,26.3,1,7/1/2022 10:06:07 AM
6/4/2022 4:00:00 AM,6/4/2022 12:00:00 AM,525,196.0,78.5,66.8,183.7,525.0,0.0,0.90,5.9,34.5,4.5,29.5,1,7/1/2022 10:06:07 AM
6/4/2022 5:00:00 AM,6/4/2022 1:00:00 AM,525,196.0,68.3,66.9,194.1,525.0,0.0,0.88,5.9,34.5,5.5,18.4,1,7/1/2022 10:06:07 AM
6/4/2022 6:00:00 AM,6/4/2022 2:00:00 AM,525,196.0,68.7,66.3,194.2,525.0,0.0,0.91,5.9,34.5,2.2,36.9,1,7/1/2022 10:06:07 AM
6/4/2022 7:00:00 AM,6/4/2022 3:00:00 AM,525,196.0,69.1,66.0,194.2,525.0,0.0,0.89,5.9,34.5,4.9,14.0,1,7/1/2022 10:06:07 AM
6/4/2022 8:00:00 AM,6/4/2022 4:00:00 AM,525,193.7,69.1,73.0,189.1,525.0,0.0,0.91,5.9,34.5,3.0,31.1,1,7/1/2022 10:06:07 AM
6/4/2022 9:00:00 AM,6/4/2022 5:00:00 AM,800,223.0,69.6,102.7,404.6,800.0,0.0,0.91,5.9,34.5,3.8,36.8,1,7/1/2022 10:06:07 AM
6/4/2022 10:00:00 AM,6/4/2022 6:00:00 AM,800,223.0,87.6,131.6,357.6,800.0,0.0,0.91,5.9,34.5,2.4,24.9,1,7/1/2022 10:06:07 AM
6/4/2022 11:00:00 AM,6/4/2022 7:00:00 AM,800,224.7,87.6,132.6,354.8,800.0,0.0,0.90,5.9,34.5,3.8,35.8,1,7/1/2022 10:06:07 AM
6/4/2022 12:00:00 PM,6/4/2022 8:00:00 AM,800,223.2,87.6,142.3,346.5,800.0,0.0,0.89,5.9,34.5,6.4,33.8,1,7/1/2022 10:06:06 AM
6/4/2022 1:00:00 PM,6/4/2022 9:00:00 AM,800,223.1,57.6,146.2,372.8,800.0,0.0,0.87,5.9,34.5,6.6,28.1,1,7/1/2022 10:06:06 AM
6/4/2022 2:00:00 PM,6/4/2022 10:00:00 AM,800,223.1,62.1,146.4,368.3,800.0,0.0,0.89,5.9,34.5,3.9,30.7,1,7/1/2022 10:06:06 AM
6/4/2022 3:00:00 PM,6/4/2022 11:00:00 AM,800,223.1,73.1,145.7,358.0,800.0,0.0,0.87,5.9,34.5,5.5,25.8,1,7/1/2022 10:06:06 AM
6/4/2022 4:00:00 PM,6/4/2022 12:00:00 PM,800,223.1,73.1,104.0,399.7,800.0,0.0,0.90,5.9,34.5,5.7,33.1,1,7/1/2022 10:06:07 AM
6/4/2022 5:00:00 PM,6/4/2022 1:00:00 PM,800,222.8,50.3,94.4,432.3,800.0,0.0,0.91,5.9,34.5,5.4,27.3,1,7/1/2022 10:06:07 AM
6/4/2022 6:00:00 PM,6/4/2022 2:00:00 PM,525,195.7,50.3,58.3,220.9,525.0,0.0,0.92,5.9,34.5,6.8,32.1,1,7/1/2022 10:06:07 AM
6/4/2022 7:00:00 PM,6/4/2022 3:00:00 PM,525,195.7,50.3,58.2,220.9,525.0,0.0,0.93,5.9,34.5,6.2,32.7,1,7/1/2022 10:06:07 AM
6/4/2022 8:00:00 PM,6/4/2022 4:00:00 PM,525,195.6,50.3,58.2,221.1,525.0,0.0,0.94,5.9,34.5,3.7,27.0,1,7/1/2022 10:06:07 AM
6/4/2022 9:00:00 PM,6/4/2022 5:00:00 PM,525,195.6,61.3,58.2,210.1,525.0,0.0,0.91,5.9,34.5,5.8,27.2,1,7/1/2022 10:06:07 AM
6/4/2022 10:00:00 PM,6/4/2022 6:00:00 PM,800,224.5,61.3,101.6,412.3,800.0,0.0,0.89,5.9,34.5,5.5,31.8,1,7/1/2022 10:06:07 AM
6/4/2022 11:00:00 PM,6/4/2022 7:00:00 PM,800,220.6,61.3,133.4,384.3,800.0,0.0,0.90,5.9,34.5,2.7,26.0,1,7/1/2022 10:06:07 AM
6/5/2022 12:00:00 AM,6/4/2022 8:00:00 PM,800,220.0,61.3,83.0,435.5,800.0,0.0,0.90,5.9,34.5,4.6,33.8,1,7/1/2022 10:06:07 AM
6/5/2022 1:00:00 AM,6/4/2022 9:00:00 PM,800,220.5,86.7,87.3,405.5,800.0,0.0,0.87,5.9,34.5,5.4,26.8,1,7/1/2022 10:06:07 AM
6/5/2022 2:00:00 AM,6/4/2022 10:00:00 PM,800,220.9,109.5,105.1,364.3,800.0,0.0,0.86,5.9,34.5,6.7,28.8,1,7/1/2022 10:06:07 AM
6/5/2022 3:00:00 AM,6/4/2022 11:00:00 PM,800,220.9,87.6,102.7,388.8,800.0,0.0,0.89,5.9,34.5,4.8,28.0,1,7/1/2022 10:06:07 AM
6/5/2022 4:00:00 AM,6/5/2022 12:00:00 AM,525,193.1,170.6,68.7,92.7,525.0,0.0,0.92,5.9,34.4,6.2,35.0,1,7/1/2022 10:06:07 AM
6/5/2022 5:00:00 AM,6/5/2022 1:00:00 AM,525,192.5,171.4,69.3,92.1,525.0,0.0,0.93,5.9,34.4,7.5,27.4,1,7/1/2022 10:06:07 AM
6/5/2022 6:00:00 AM,6/5/2022 2:00:00 AM,525,192.5,171.8,68.8,92.1,525.0,0.0,0.92,5.9,34.4,7.5,30.5,1,7/1/2022 10:06:07 AM
6/5/2022 7:00:00 AM,6/5/2022 3:00:00 AM,525,192.5,172.3,68.7,91.6,525.0,0.0,0.89,5.9,34.4,5.2,35.7,1,7/1/2022 10:06:07 AM
6/5/2022 8:00:00 AM,6/5/2022 4:00:00 AM,525,190.2,69.1,75.8,189.9,525.0,0.0,0.92,5.9,34.4,7.7,28.6,1,7/1/2022 10:06:07 AM
6/5/2022 9:00:00 AM,6/5/2022 5:00:00 AM,800,218.4,172.7,106.4,301.9,800.0,0.0,0.90,5.9,34.4,3.7,26.0,1,7/1/2022 10:06:07 AM
6/5/2022 10:00:00 AM,6/5/2022 6:00:00 AM,800,218.4,190.7,107.0,283.5,800.0,0.0,0.90,5.9,34.4,4.1,23.3,1,7/1/2022 10:06:07 AM
6/5/2022 11:00:00 AM,6/5/2022 7:00:00 AM,800,220.1,190.7,104.1,285.2,800.0,0.0,0.90,5.9,34.4,4.3,33.7,1,7/1/2022 10:06:07 AM
6/5/2022 12:00:00 PM,6/5/2022 8:00:00 AM,800,218.6,149.4,110.5,321.4,800.0,0.0,0.89,5.9,34.4,4.2,37.6,1,7/1/2022 10:06:07 AM
6/5/2022 1:00:00 PM,6/5/2022 9:00:00 AM,800,218.6,86.6,111.5,383.2,800.0,0.0,0.90,5.9,34.4,5.7,30.2,1,7/1/2022 10:06:07 AM
6/5/2022 2:00:00 PM,6/5/2022 10:00:00 AM,800,218.6,86.6,142.4,352.3,800.0,0.0,0.90,5.9,34.4,6.1,24.9,1,7/1/2022 10:06:07 AM
6/5/2022 3:00:00 PM,6/5/2022 11:00:00 AM,800,218.6,86.6,130.4,364.4,800.0,0.0,0.92,5.9,34.4,4.7,33.5,1,7/1/2022 10:06:07 AM
6/5/2022 4:00:00 PM,6/5/2022 12:00:00 PM,800,218.6,116.4,131.8,332.9,800.0,0.0,0.90,5.9,34.4,4.3,33.3,1,7/1/2022 10:06:07 AM
6/5/2022 5:00:00 PM,6/5/2022 1:00:00 PM,800,218.2,74.8,96.2,410.7,800.0,0.0,0.90,5.9,34.4,4.2,30.9,1,7/1/2022 10:06:07 AM
6/5/2022 6:00:00 PM,6/5/2022 2:00:00 PM,525,189.8,197.1,67.2,71.5,525.7,0.0,0.93,5.9,34.4,7.9,25.9,1,7/1/2022 10:06:07 AM
6/5/2022 7:00:00 PM,6/5/2022 3:00:00 PM,525,189.8,97.6,67.2,170.2,525.0,0.0,0.94,5.9,34.4,6.3,26.9,1,7/1/2022 10:06:06 AM
6/5/2022 8:00:00 PM,6/5/2022 4:00:00 PM,525,192.1,97.6,59.3,176.0,525.0,0.0,0.94,5.9,34.4,8.6,27.7,1,7/1/2022 10:06:06 AM
6/5/2022 9:00:00 PM,6/5/2022 5:00:00 PM,525,192.1,97.9,59.3,175.7,525.0,0.0,0.94,5.9,34.4,3.1,36.4,1,7/1/2022 10:06:06 AM
6/5/2022 10:00:00 PM,6/5/2022 6:00:00 PM,800,219.0,98.3,79.5,402.9,800.0,0.0,0.92,5.9,34.4,3.6,43.1,1,7/1/2022 10:06:06 AM
6/5/2022 11:00:00 PM,6/5/2022 7:00:00 PM,800,219.4,98.3,88.9,393.3,800.0,0.0,0.89,5.9,34.4,4.1,36.7,1,7/1/2022 10:06:06 AM
6/6/2022 12:00:00 AM,6/5/2022 8:00:00 PM,800,219.5,98.3,89.9,392.3,800.0,0.0,0.89,5.9,34.4,3.8,39.9,1,7/1/2022 10:06:07 AM
6/6/2022 1:00:00 AM,6/5/2022 9:00:00 PM,800,220.2,98.3,134.6,346.6,800.0,0.0,0.85,5.9,34.4,4.3,16.7,1,7/1/2022 10:06:07 AM
6/6/2022 2:00:00 AM,6/5/2022 10:00:00 PM,800,220.2,98.3,138.3,343.3,800.0,0.0,0.87,5.9,34.4,6.3,24.0,1,7/1/2022 10:06:07 AM
6/6/2022 3:00:00 AM,6/5/2022 11:00:00 PM,800,220.2,69.5,133.1,376.9,800.0,0.0,0.84,5.9,34.4,5.9,25.7,1,7/1/2022 10:06:07 AM
6/6/2022 4:00:00 AM,6/6/2022 12:00:00 AM,525,188.3,191.8,73.3,71.7,525.0,0.0,0.89,5.9,34.2,7.1,37.6,1,7/1/2022 10:06:07 AM
6/6/2022 5:00:00 AM,6/6/2022 1:00:00 AM,525,188.3,191.8,73.7,71.4,525.0,0.0,0.91,5.9,34.2,6.5,30.7,1,7/1/2022 10:06:07 AM
6/6/2022 6:00:00 AM,6/6/2022 2:00:00 AM,525,188.3,88.6,73.5,174.8,525.0,0.0,0.89,5.9,34.2,6.3,32.9,1,7/1/2022 10:06:07 AM
6/6/2022 7:00:00 AM,6/6/2022 3:00:00 AM,525,188.3,162.9,73.1,100.9,525.0,0.0,0.88,5.9,34.2,7.6,25.5,1,7/1/2022 10:06:07 AM
6/6/2022 8:00:00 AM,6/6/2022 4:00:00 AM,525,185.2,88.6,74.9,176.6,525.0,0.0,0.88,5.9,34.2,9.5,36.7,1,7/1/2022 10:06:07 AM
6/6/2022 9:00:00 AM,6/6/2022 5:00:00 AM,800,213.0,132.4,102.7,352.2,800.0,0.0,0.89,5.9,34.2,6.5,37.6,1,7/1/2022 10:06:07 AM
6/6/2022 10:00:00 AM,6/6/2022 6:00:00 AM,800,213.0,132.4,140.3,314.4,800.0,0.0,0.89,5.9,34.2,4.0,41.0,1,7/1/2022 10:06:07 AM
6/6/2022 11:00:00 AM,6/6/2022 7:00:00 AM,800,213.0,161.8,101.3,323.9,800.0,0.0,0.91,5.9,34.2,5.2,40.0,1,7/1/2022 10:06:07 AM
6/6/2022 12:00:00 PM,6/6/2022 8:00:00 AM,800,215.0,98.9,96.0,390.1,800.0,0.0,0.88,5.9,34.2,4.8,36.2,1,7/1/2022 10:06:07 AM
6/6/2022 1:00:00 PM,6/6/2022 9:00:00 AM,800,215.0,68.1,94.4,422.4,800.0,0.0,0.89,5.9,34.2,4.7,40.3,1,7/1/2022 10:06:07 AM
6/6/2022 2:00:00 PM,6/6/2022 10:00:00 AM,800,215.2,79.6,121.9,383.4,800.0,0.0,0.90,5.9,34.2,3.6,38.1,1,7/1/2022 10:06:07 AM
6/6/2022 3:00:00 PM,6/6/2022 11:00:00 AM,800,215.2,79.6,123.3,381.8,800.0,0.0,0.89,5.9,34.2,4.6,35.8,1,7/1/2022 10:06:07 AM
6/6/2022 4:00:00 PM,6/6/2022 12:00:00 PM,800,210.8,79.6,82.8,426.9,800.0,0.0,0.90,5.9,34.2,5.6,30.3,1,7/1/2022 10:06:07 AM
6/6/2022 5:00:00 PM,6/6/2022 1:00:00 PM,800,210.8,79.6,82.6,427.0,800.0,0.0,0.88,5.9,34.2,5.7,28.6,1,7/1/2022 10:06:07 AM
6/6/2022 6:00:00 PM,6/6/2022 2:00:00 PM,525,188.2,79.6,55.6,201.6,525.0,0.0,0.91,5.9,34.2,5.2,28.4,1,7/1/2022 10:06:07 AM
6/6/2022 7:00:00 PM,6/6/2022 3:00:00 PM,525,188.2,78.7,55.6,202.6,525.0,0.0,0.90,5.9,34.2,4.4,29.0,1,7/1/2022 10:06:07 AM
6/6/2022 8:00:00 PM,6/6/2022 4:00:00 PM,525,184.7,78.7,62.6,199.0,525.0,0.0,0.89,5.9,34.2,6.7,33.1,1,7/1/2022 10:06:07 AM
6/6/2022 9:00:00 PM,6/6/2022 5:00:00 PM,525,185.2,13.0,80.7,246.1,525.0,0.0,0.90,5.9,34.2,5.1,27.2,1,7/1/2022 10:06:07 AM
6/6/2022 10:00:00 PM,6/6/2022 6:00:00 PM,800,212.7,13.0,132.8,441.6,800.0,0.0,0.88,5.9,34.2,2.8,30.6,1,7/1/2022 10:06:07 AM
6/6/2022 11:00:00 PM,6/6/2022 7:00:00 PM,800,213.0,13.0,138.9,435.2,800.0,0.0,0.92,5.9,34.2,4.2,28.3,1,7/1/2022 10:06:07 AM
6/7/2022 12:00:00 AM,6/6/2022 8:00:00 PM,800,213.0,13.0,139.2,434.7,800.0,0.0,0.89,5.9,34.2,4.5,33.1,1,7/1/2022 10:06:07 AM
6/7/2022 1:00:00 AM,6/6/2022 9:00:00 PM,800,213.3,79.6,140.1,366.9,800.0,0.0,0.88,5.9,34.2,4.8,24.8,1,7/1/2022 10:06:06 AM
6/7/2022 2:00:00 AM,6/6/2022 10:00:00 PM,800,213.2,132.7,138.6,315.6,800.0,0.0,0.86,5.9,34.2,3.1,20.9,1,7/1/2022 10:06:06 AM
6/7/2022 3:00:00 AM,6/6/2022 11:00:00 PM,800,213.2,55.1,137.7,393.8,800.0,0.0,0.89,5.9,34.2,3.6,30.5,1,7/1/2022 10:06:06 AM
6/7/2022 4:00:00 AM,6/7/2022 12:00:00 AM,525,186.7,61.3,73.3,204.0,525.0,0.0,0.91,5.9,34.1,5.2,35.5,1,7/1/2022 10:06:07 AM
6/7/2022 5:00:00 AM,6/7/2022 1:00:00 AM,525,184.7,24.5,69.0,246.7,525.0,0.0,0.87,5.9,34.1,9.2,39.1,1,7/1/2022 10:06:07 AM
6/7/2022 6:00:00 AM,6/7/2022 2:00:00 AM,525,186.7,58.2,72.5,207.8,525.0,0.0,0.90,5.9,34.1,7.0,28.6,1,7/1/2022 10:06:07 AM
6/7/2022 7:00:00 AM,6/7/2022 3:00:00 AM,525,186.7,58.2,72.1,208.4,525.0,0.0,0.91,5.9,34.1,8.0,38.7,1,7/1/2022 10:06:07 AM
6/7/2022 8:00:00 AM,6/7/2022 4:00:00 AM,525,186.7,58.2,72.3,208.0,525.0,0.0,0.91,5.9,34.1,7.3,35.6,1,7/1/2022 10:06:07 AM
6/7/2022 9:00:00 AM,6/7/2022 5:00:00 AM,800,214.1,58.2,100.0,427.6,800.0,0.0,0.91,5.9,34.1,4.3,38.2,1,7/1/2022 10:06:07 AM
6/7/2022 10:00:00 AM,6/7/2022 6:00:00 AM,800,214.1,58.2,106.4,421.3,800.0,0.0,0.89,5.9,34.1,5.7,28.6,1,7/1/2022 10:06:07 AM
6/7/2022 11:00:00 AM,6/7/2022 7:00:00 AM,800,214.9,24.5,133.7,427.0,800.0,0.0,0.88,5.9,34.1,9.6,27.7,1,7/1/2022 10:06:07 AM
6/7/2022 12:00:00 PM,6/7/2022 8:00:00 AM,800,212.8,24.5,98.3,464.5,800.0,0.0,0.90,5.9,34.1,3.4,27.7,1,7/1/2022 10:06:07 AM
6/7/2022 1:00:00 PM,6/7/2022 9:00:00 AM,800,214.1,2.0,102.5,481.5,800.0,0.0,0.89,5.9,34.1,4.3,35.1,1,7/1/2022 10:06:07 AM
6/7/2022 2:00:00 PM,6/7/2022 10:00:00 AM,800,210.9,67.8,97.9,423.3,800.0,0.0,0.86,5.9,34.1,4.0,38.2,1,7/1/2022 10:06:07 AM
6/7/2022 3:00:00 PM,6/7/2022 11:00:00 AM,800,212.2,66.3,122.2,399.5,800.0,0.0,0.91,5.9,34.1,3.3,30.7,1,7/1/2022 10:06:07 AM
6/7/2022 4:00:00 PM,6/7/2022 12:00:00 PM,800,215.7,99.7,85.6,399.2,800.0,0.0,0.91,5.9,34.1,4.5,33.3,1,7/1/2022 10:06:07 AM
6/7/2022 5:00:00 PM,6/7/2022 1:00:00 PM,800,215.3,66.0,80.7,438.4,800.0,0.0,0.90,5.9,34.1,5.3,26.3,1,7/1/2022 10:06:07 AM
6/7/2022 6:00:00 PM,6/7/2022 2:00:00 PM,525,186.7,82.2,59.5,196.6,525.0,0.0,0.92,5.9,34.1,6.6,33.5,1,7/1/2022 10:06:07 AM
6/7/2022 7:00:00 PM,6/7/2022 3:00:00 PM,525,187.9,81.3,59.3,196.7,525.0,0.0,0.91,5.9,34.1,10.3,28.4,1,7/1/2022 10:06:07 AM
6/7/2022 8:00:00 PM,6/7/2022 4:00:00 PM,525,187.9,81.3,63.2,192.7,525.0,0.0,0.92,5.9,34.1,6.5,26.7,1,7/1/2022 10:06:07 AM
6/7/2022 9:00:00 PM,6/7/2022 5:00:00 PM,525,187.9,81.3,63.2,192.7,525.0,0.0,0.93,5.9,34.1,7.1,41.0,1,7/1/2022 10:06:07 AM
6/7/2022 10:00:00 PM,6/7/2022 6:00:00 PM,800,216.8,82.2,95.7,405.6,800.0,0.0,0.91,5.9,34.1,4.4,33.2,1,7/1/2022 10:06:07 AM
6/7/2022 11:00:00 PM,6/7/2022 7:00:00 PM,800,216.8,83.1,90.2,410.2,800.0,0.0,0.89,5.9,34.1,4.2,34.3,1,7/1/2022 10:06:07 AM
6/8/2022 12:00:00 AM,6/7/2022 8:00:00 PM,800,216.8,83.1,90.6,409.9,800.0,0.0,0.89,5.9,34.1,3.7,26.3,1,7/1/2022 10:06:07 AM
6/8/2022 1:00:00 AM,6/7/2022 9:00:00 PM,800,217.1,33.5,91.2,458.5,800.0,0.0,0.88,5.9,34.1,3.1,29.7,1,7/1/2022 10:06:07 AM
6/8/2022 2:00:00 AM,6/7/2022 10:00:00 PM,800,217.3,2.0,136.8,444.1,800.0,0.0,0.85,5.9,34.1,7.3,28.3,1,7/1/2022 10:06:07 AM
6/8/2022 3:00:00 AM,6/7/2022 11:00:00 PM,800,217.4,2.0,131.1,450.0,800.0,0.0,0.87,5.9,34.1,4.3,36.4,1,7/1/2022 10:06:07 AM
6/8/2022 4:00:00 AM,6/8/2022 12:00:00 AM,525,182.1,57.8,72.8,212.6,525.0,0.0,0.90,5.9,33.7,7.0,31.9,1,7/1/2022 10:06:07 AM
6/8/2022 5:00:00 AM,6/8/2022 1:00:00 AM,525,182.1,57.8,72.4,212.9,525.0,0.0,0.90,5.9,33.7,8.7,29.6,1,7/1/2022 10:06:07 AM
6/8/2022 6:00:00 AM,6/8/2022 2:00:00 AM,525,182.1,57.8,71.5,213.8,525.0,0.0,0.93,5.9,33.7,6.7,34.2,1,7/1/2022 10:06:07 AM
6/8/2022 7:00:00 AM,6/8/2022 3:00:00 AM,525,182.1,57.8,73.2,212.1,525.0,0.0,0.92,5.9,33.7,5.6,29.9,1,7/1/2022 10:06:06 AM
6/8/2022 8:00:00 AM,6/8/2022 4:00:00 AM,525,182.1,57.8,74.1,211.2,525.0,0.0,0.92,5.9,33.7,4.8,40.9,1,7/1/2022 10:06:06 AM
6/8/2022 9:00:00 AM,6/8/2022 5:00:00 AM,800,211.5,57.0,97.9,433.6,800.0,0.0,0.89,5.9,33.7,5.9,30.2,1,7/1/2022 10:06:06 AM
6/8/2022 10:00:00 AM,6/8/2022 6:00:00 AM,800,211.4,121.1,120.4,347.2,800.0,0.0,0.89,5.9,33.7,2.7,31.1,1,7/1/2022 10:06:06 AM
6/8/2022 11:00:00 AM,6/8/2022 7:00:00 AM,800,213.0,98.6,118.0,370.4,800.0,0.0,0.87,5.9,33.7,4.5,37.5,1,7/1/2022 10:06:06 AM
6/8/2022 12:00:00 PM,6/8/2022 8:00:00 AM,800,211.4,2.0,135.5,451.0,800.0,0.0,0.87,5.9,33.7,4.4,24.8,1,7/1/2022 10:06:07 AM
6/8/2022 1:00:00 PM,6/8/2022 9:00:00 AM,800,183.7,67.1,132.7,416.9,800.0,0.0,0.89,5.9,33.7,6.4,39.8,1,7/1/2022 10:06:07 AM
6/8/2022 2:00:00 PM,6/8/2022 10:00:00 AM,800,209.0,98.6,118.5,374.1,800.0,0.0,0.87,5.9,33.7,4.5,35.3,1,7/1/2022 10:06:07 AM
6/8/2022 3:00:00 PM,6/8/2022 11:00:00 AM,800,210.7,97.8,102.4,389.2,800.0,0.0,0.91,5.9,33.7,4.7,35.1,1,7/1/2022 10:06:07 AM
6/8/2022 4:00:00 PM,6/8/2022 12:00:00 PM,800,209.0,146.5,98.8,345.7,800.0,0.0,0.90,5.9,33.7,5.0,28.7,1,7/1/2022 10:06:07 AM
6/8/2022 5:00:00 PM,6/8/2022 1:00:00 PM,800,210.7,64.7,89.4,435.6,800.0,0.0,0.90,5.9,33.7,6.1,28.3,1,7/1/2022 10:06:07 AM
6/8/2022 6:00:00 PM,6/8/2022 2:00:00 PM,525,181.6,64.7,66.7,212.1,525.0,0.0,0.93,5.9,33.7,4.9,28.3,1,7/1/2022 10:06:07 AM
6/8/2022 7:00:00 PM,6/8/2022 3:00:00 PM,525,181.7,2.0,66.7,274.7,525.0,0.0,0.95,5.9,33.7,4.5,30.5,1,7/1/2022 10:06:07 AM
6/8/2022 8:00:00 PM,6/8/2022 4:00:00 PM,525,181.6,2.0,66.7,274.8,525.0,0.0,0.94,5.9,33.7,5.1,40.9,1,7/1/2022 10:06:07 AM
6/8/2022 9:00:00 PM,6/8/2022 5:00:00 PM,525,183.9,2.0,66.1,273.1,525.0,0.0,0.89,5.9,33.7,5.8,18.5,1,7/1/2022 10:06:07 AM
6/8/2022 10:00:00 PM,6/8/2022 6:00:00 PM,800,214.0,2.0,85.6,498.7,800.0,0.0,0.89,5.9,33.7,6.1,18.9,1,7/1/2022 10:06:07 AM
6/8/2022 11:00:00 PM,6/8/2022 7:00:00 PM,800,204.3,2.0,86.6,507.3,800.0,0.0,0.90,5.9,33.7,3.2,40.6,1,7/1/2022 10:06:07 AM
6/9/2022 12:00:00 AM,6/8/2022 8:00:00 PM,800,204.3,2.0,108.2,485.8,800.0,0.0,0.90,5.9,33.7,4.2,37.4,1,7/1/2022 10:06:07 AM
6/9/2022 1:00:00 AM,6/8/2022 9:00:00 PM,800,204.6,2.0,142.0,451.8,800.0,0.0,0.88,5.9,33.7,5.7,24.1,1,7/1/2022 10:06:07 AM
6/9/2022 2:00:00 AM,6/8/2022 10:00:00 PM,800,214.0,24.5,145.7,415.9,800.0,0.0,0.85,5.9,33.7,7.3,26.8,1,7/1/2022 10:06:07 AM
6/9/2022 3:00:00 AM,6/8/2022 11:00:00 PM,800,214.0,24.5,144.1,417.7,800.0,0.0,0.88,5.9,33.7,7.3,24.3,1,7/1/2022 10:06:07 AM
6/9/2022 4:00:00 AM,6/9/2022 12:00:00 AM,525,185.0,24.5,78.0,237.7,525.0,0.0,0.90,5.9,33.5,7.0,19.7,1,7/1/2022 10:06:07 AM
6/9/2022 5:00:00 AM,6/9/2022 1:00:00 AM,525,185.0,153.9,78.2,108.0,525.0,0.0,0.90,5.9,33.5,11.2,29.7,1,7/1/2022 10:06:07 AM
6/9/2022 6:00:00 AM,6/9/2022 2:00:00 AM,525,185.0,49.5,77.6,213.0,525.0,0.0,0.89,5.9,33.5,7.3,30.8,1,7/1/2022 10:06:07 AM
6/9/2022 7:00:00 AM,6/9/2022 3:00:00 AM,525,185.0,50.3,77.2,212.5,525.0,0.0,0.89,5.9,33.5,4.8,33.0,1,7/1/2022 10:06:07 AM
6/9/2022 8:00:00 AM,6/9/2022 4:00:00 AM,525,185.0,50.3,77.5,212.3,525.0,0.0,0.90,5.9,33.5,5.9,24.3,1,7/1/2022 10:06:07 AM
6/9/2022 9:00:00 AM,6/9/2022 5:00:00 AM,800,215.0,50.3,105.8,428.8,800.0,0.0,0.84,5.9,33.5,5.8,32.7,1,7/1/2022 10:06:07 AM
6/9/2022 10:00:00 AM,6/9/2022 6:00:00 AM,800,215.0,89.0,113.2,382.6,800.0,0.0,0.87,5.9,33.5,2.5,29.5,1,7/1/2022 10:06:07 AM
6/9/2022 11:00:00 AM,6/9/2022 7:00:00 AM,800,215.4,89.0,110.9,384.7,800.0,0.0,0.89,5.9,33.5,5.7,33.3,1,7/1/2022 10:06:07 AM
6/9/2022 12:00:00 PM,6/9/2022 8:00:00 AM,800,214.0,49.5,112.5,423.7,800.0,0.0,0.88,5.9,33.5,5.2,39.9,1,7/1/2022 10:06:07 AM
6/9/2022 1:00:00 PM,6/9/2022 9:00:00 AM,800,217.1,24.5,115.7,442.8,800.0,0.0,0.87,5.9,33.5,5.3,29.9,1,7/1/2022 10:06:06 AM
6/9/2022 2:00:00 PM,6/9/2022 10:00:00 AM,800,217.2,15.1,120.6,447.3,800.0,0.0,0.86,5.9,33.5,3.7,32.7,1,7/1/2022 10:06:06 AM
6/9/2022 3:00:00 PM,6/9/2022 11:00:00 AM,800,217.2,1.9,116.2,464.7,800.0,0.0,0.89,5.9,33.5,4.6,36.4,1,7/1/2022 10:06:06 AM
6/9/2022 4:00:00 PM,6/9/2022 12:00:00 PM,800,216.2,1.9,120.7,461.3,800.0,0.0,0.90,5.9,33.5,4.1,32.1,1,7/1/2022 10:06:06 AM
6/9/2022 5:00:00 PM,6/9/2022 1:00:00 PM,800,216.4,15.1,124.3,444.4,800.0,0.0,0.86,5.9,33.5,5.3,35.2,1,7/1/2022 10:06:07 AM
6/9/2022 6:00:00 PM,6/9/2022 2:00:00 PM,525,188.7,1.9,61.4,273.4,525.0,0.0,0.87,5.9,33.5,7.0,45.8,1,7/1/2022 10:06:07 AM
6/9/2022 7:00:00 PM,6/9/2022 3:00:00 PM,525,183.0,15.1,78.3,248.6,525.0,0.0,0.87,5.9,33.5,6.1,31.7,1,7/1/2022 10:06:07 AM
6/9/2022 8:00:00 PM,6/9/2022 4:00:00 PM,525,182.8,1.9,65.2,275.1,525.0,0.0,0.95,5.9,33.5,7.3,32.5,1,7/1/2022 10:06:07 AM
6/9/2022 9:00:00 PM,6/9/2022 5:00:00 PM,525,183.1,15.1,75.0,251.9,525.0,0.0,0.90,5.9,33.5,5.7,43.0,1,7/1/2022 10:06:07 AM
6/9/2022 10:00:00 PM,6/9/2022 6:00:00 PM,800,207.4,15.1,83.9,493.6,800.0,0.0,0.86,5.9,33.5,4.4,26.3,1,7/1/2022 10:06:07 AM
6/9/2022 11:00:00 PM,6/9/2022 7:00:00 PM,800,207.3,15.1,108.2,469.4,800.0,0.0,0.88,5.9,33.5,7.9,30.3,1,7/1/2022 10:06:07 AM
6/10/2022 12:00:00 AM,6/9/2022 8:00:00 PM,800,207.3,15.1,110.4,467.2,800.0,0.0,0.89,5.9,33.5,6.0,33.7,1,7/1/2022 10:06:07 AM
6/10/2022 1:00:00 AM,6/9/2022 9:00:00 PM,800,207.6,30.9,112.4,448.9,800.0,0.0,0.87,5.9,33.5,3.6,27.0,1,7/1/2022 10:06:07 AM
6/10/2022 2:00:00 AM,6/9/2022 10:00:00 PM,800,207.9,24.5,117.4,450.3,800.0,0.0,0.89,5.9,33.5,2.5,32.5,1,7/1/2022 10:06:07 AM
6/10/2022 3:00:00 AM,6/9/2022 11:00:00 PM,800,207.9,24.5,115.6,452.1,800.0,0.0,0.88,5.9,33.5,4.5,32.6,1,7/1/2022 10:06:07 AM
6/10/2022 4:00:00 AM,6/10/2022 12:00:00 AM,525,184.0,80.5,75.2,185.5,525.0,0.0,0.91,5.8,33.3,4.5,26.5,1,7/1/2022 10:06:07 AM
6/10/2022 5:00:00 AM,6/10/2022 1:00:00 AM,525,184.0,79.3,76.3,185.8,525.0,0.0,0.89,5.8,33.3,8.1,36.1,1,7/1/2022 10:06:07 AM
6/10/2022 6:00:00 AM,6/10/2022 2:00:00 AM,525,184.0,79.3,75.4,186.7,525.0,0.0,0.91,5.8,33.3,6.5,44.0,1,7/1/2022 10:06:07 AM
6/10/2022 7:00:00 AM,6/10/2022 3:00:00 AM,525,184.0,79.3,74.7,187.4,525.0,0.0,0.91,5.8,33.3,7.7,35.0,1,7/1/2022 10:06:07 AM
6/10/2022 8:00:00 AM,6/10/2022 4:00:00 AM,525,184.0,79.3,75.1,186.9,525.0,0.0,0.89,5.8,33.3,4.3,37.9,1,7/1/2022 10:06:07 AM
6/10/2022 9:00:00 AM,6/10/2022 5:00:00 AM,800,210.0,79.3,104.5,406.5,800.0,0.0,0.91,5.8,33.3,3.3,31.3,1,7/1/2022 10:06:07 AM
6/10/2022 10:00:00 AM,6/10/2022 6:00:00 AM,800,210.0,118.3,110.5,361.2,800.0,0.0,0.89,5.8,33.3,5.3,33.6,1,7/1/2022 10:06:07 AM
6/10/2022 11:00:00 AM,6/10/2022 7:00:00 AM,800,211.4,118.3,108.6,361.8,800.0,0.0,0.87,5.8,33.3,4.7,35.7,1,7/1/2022 10:06:07 AM
6/10/2022 12:00:00 PM,6/10/2022 8:00:00 AM,800,210.0,112.1,112.2,365.4,800.0,0.0,0.89,5.8,33.3,4.8,42.5,1,7/1/2022 10:06:07 AM
6/10/2022 1:00:00 PM,6/10/2022 9:00:00 AM,800,211.6,81.5,112.9,394.3,800.0,0.0,0.88,5.8,33.3,6.9,32.3,1,7/1/2022 10:06:07 AM
6/10/2022 2:00:00 PM,6/10/2022 10:00:00 AM,800,213.8,80.7,97.2,408.6,800.0,0.0,0.90,5.8,33.3,4.1,41.5,1,7/1/2022 10:06:07 AM
6/10/2022 3:00:00 PM,6/10/2022 11:00:00 AM,800,213.7,79.1,96.1,411.3,800.0,0.0,0.89,5.8,33.3,4.1,32.2,1,7/1/2022 10:06:07 AM
6/10/2022 4:00:00 PM,6/10/2022 12:00:00 PM,800,213.7,78.3,79.5,428.5,800.0,0.0,0.90,5.8,33.3,4.8,28.7,1,7/1/2022 10:06:07 AM
6/10/2022 5:00:00 PM,6/10/2022 1:00:00 PM,800,213.7,54.9,75.2,456.5,800.0,0.0,0.90,5.8,33.3,4.5,34.9,1,7/1/2022 10:06:07 AM
6/10/2022 6:00:00 PM,6/10/2022 2:00:00 PM,525,188.3,2.0,54.9,279.8,525.0,0.0,0.93,5.8,33.3,4.0,29.5,1,7/1/2022 10:06:07 AM
6/10/2022 7:00:00 PM,6/10/2022 3:00:00 PM,525,185.3,2.0,65.2,272.6,525.0,0.0,0.94,5.8,33.3,5.9,40.0,1,7/1/2022 10:06:06 AM
6/10/2022 8:00:00 PM,6/10/2022 4:00:00 PM,525,187.7,2.0,64.5,271.0,525.0,0.0,0.94,5.8,33.3,5.6,30.2,1,7/1/2022 10:06:06 AM
6/10/2022 9:00:00 PM,6/10/2022 5:00:00 PM,525,187.7,28.0,72.2,237.3,525.0,0.0,0.87,5.8,33.3,5.6,31.0,1,7/1/2022 10:06:06 AM
6/10/2022 10:00:00 PM,6/10/2022 6:00:00 PM,800,214.4,2.0,103.2,480.3,800.0,0.0,0.89,5.8,33.3,4.5,36.5,1,7/1/2022 10:06:06 AM
6/10/2022 11:00:00 PM,6/10/2022 7:00:00 PM,800,214.4,2.0,103.3,480.1,800.0,0.0,0.90,5.8,33.3,5.7,37.6,1,7/1/2022 10:06:07 AM
6/11/2022 12:00:00 AM,6/10/2022 8:00:00 PM,800,212.5,2.0,87.3,498.2,800.0,0.0,0.88,5.8,33.3,4.7,38.1,1,7/1/2022 10:06:07 AM
6/11/2022 1:00:00 AM,6/10/2022 9:00:00 PM,800,212.8,2.0,94.8,490.4,800.0,0.0,0.88,5.8,33.3,4.7,32.4,1,7/1/2022 10:06:07 AM
6/11/2022 2:00:00 AM,6/10/2022 10:00:00 PM,800,209.7,24.6,103.2,462.4,800.0,0.0,0.88,5.8,33.3,3.7,34.4,1,7/1/2022 10:06:07 AM
6/11/2022 3:00:00 AM,6/10/2022 11:00:00 PM,800,212.6,89.3,101.8,396.3,800.0,0.0,0.88,5.8,33.3,4.2,25.9,1,7/1/2022 10:06:07 AM
6/11/2022 4:00:00 AM,6/11/2022 12:00:00 AM,525,183.1,78.6,74.3,188.9,525.0,0.0,0.81,5.9,33.2,1.0,11.7,1,7/1/2022 10:06:07 AM
6/11/2022 5:00:00 AM,6/11/2022 1:00:00 AM,525,183.1,79.4,74.5,188.0,525.0,0.0,0.86,5.9,33.2,10.1,35.3,1,7/1/2022 10:06:07 AM
6/11/2022 6:00:00 AM,6/11/2022 2:00:00 AM,525,181.1,79.4,73.4,191.2,525.0,0.0,0.88,5.9,33.2,10.7,30.7,1,7/1/2022 10:06:07 AM
6/11/2022 7:00:00 AM,6/11/2022 3:00:00 AM,525,182.5,79.4,72.0,191.4,525.0,0.0,0.91,5.9,33.2,5.9,42.2,1,7/1/2022 10:06:07 AM
6/11/2022 8:00:00 AM,6/11/2022 4:00:00 AM,525,182.5,80.2,74.5,188.1,525.0,0.0,0.89,5.9,33.2,7.6,33.6,1,7/1/2022 10:06:07 AM
6/11/2022 9:00:00 AM,6/11/2022 5:00:00 AM,800,211.2,80.2,96.6,412.2,800.0,0.0,0.89,5.9,33.2,3.2,38.4,1,7/1/2022 10:06:07 AM
6/11/2022 10:00:00 AM,6/11/2022 6:00:00 AM,800,211.2,80.2,97.7,411.0,800.0,0.0,0.87,5.9,33.2,6.1,44.8,1,7/1/2022 10:06:07 AM
6/11/2022 11:00:00 AM,6/11/2022 7:00:00 AM,800,212.5,80.2,95.9,411.2,800.0,0.0,0.87,5.9,33.2,5.3,41.1,1,7/1/2022 10:06:07 AM
6/11/2022 12:00:00 PM,6/11/2022 8:00:00 AM,800,211.2,80.2,107.5,400.9,800.0,0.0,0.85,5.9,33.2,6.9,32.3,1,7/1/2022 10:06:07 AM
6/11/2022 1:00:00 PM,6/11/2022 9:00:00 AM,800,211.3,119.6,108.2,360.4,800.0,0.0,0.89,5.9,33.2,7.1,29.7,1,7/1/2022 10:06:07 AM
6/11/2022 2:00:00 PM,6/11/2022 10:00:00 AM,800,211.3,119.6,109.4,359.6,800.0,0.0,0.86,5.9,33.2,5.9,33.7,1,7/1/2022 10:06:07 AM
6/11/2022 3:00:00 PM,6/11/2022 11:00:00 AM,800,211.3,2.0,108.3,478.1,800.0,0.0,0.87,5.9,33.2,5.1,33.1,1,7/1/2022 10:06:07 AM
6/11/2022 4:00:00 PM,6/11/2022 12:00:00 PM,800,211.3,58.0,154.9,375.7,800.0,0.0,0.91,5.9,33.2,3.8,30.2,1,7/1/2022 10:06:07 AM
6/11/2022 5:00:00 PM,6/11/2022 1:00:00 PM,800,211.3,79.8,92.1,416.5,800.0,0.0,0.94,5.9,33.2,2.7,33.5,1,7/1/2022 10:06:07 AM
6/11/2022 6:00:00 PM,6/11/2022 2:00:00 PM,525,182.7,65.2,66.4,212.0,526.2,0.0,0.93,5.9,33.2,3.8,37.6,1,7/1/2022 10:06:07 AM
6/11/2022 7:00:00 PM,6/11/2022 3:00:00 PM,525,182.7,79.0,68.8,194.6,525.0,0.0,0.90,5.9,33.2,5.5,32.4,1,7/1/2022 10:06:07 AM
6/11/2022 8:00:00 PM,6/11/2022 4:00:00 PM,525,182.7,79.0,68.8,194.6,525.0,0.0,0.92,5.9,33.2,6.1,31.7,1,7/1/2022 10:06:07 AM
6/11/2022 9:00:00 PM,6/11/2022 5:00:00 PM,525,182.7,57.0,68.8,216.6,525.0,0.0,0.93,5.9,33.2,8.3,37.1,1,7/1/2022 10:06:07 AM
6/11/2022 10:00:00 PM,6/11/2022 6:00:00 PM,800,211.2,57.0,93.2,438.5,800.0,0.0,0.90,5.9,33.2,7.7,30.8,1,7/1/2022 10:06:07 AM
6/11/2022 11:00:00 PM,6/11/2022 7:00:00 PM,800,211.2,53.0,93.1,442.6,800.0,0.0,0.90,5.9,33.2,4.3,38.9,1,7/1/2022 10:06:07 AM
6/12/2022 12:00:00 AM,6/11/2022 8:00:00 PM,800,211.2,50.5,92.0,446.2,800.0,0.0,0.89,5.9,33.2,5.3,35.3,1,7/1/2022 10:06:07 AM
6/12/2022 1:00:00 AM,6/11/2022 9:00:00 PM,800,211.5,50.5,101.4,436.5,800.0,0.0,0.88,5.9,33.2,5.5,34.8,1,7/1/2022 10:06:06 AM
6/12/2022 2:00:00 AM,6/11/2022 10:00:00 PM,800,211.3,119.6,101.4,367.3,800.0,0.0,0.90,5.9,33.2,3.1,35.9,1,7/1/2022 10:06:06 AM
6/12/2022 3:00:00 AM,6/11/2022 11:00:00 PM,800,211.3,119.6,102.1,366.9,800.0,0.0,0.90,5.9,33.2,4.3,39.4,1,7/1/2022 10:06:07 AM
6/12/2022 4:00:00 AM,6/12/2022 12:00:00 AM,525,188.0,98.7,68.5,169.6,525.0,0.0,0.89,5.9,33.0,5.7,22.7,1,7/1/2022 10:06:07 AM
6/12/2022 5:00:00 AM,6/12/2022 1:00:00 AM,525,186.3,136.8,68.3,133.5,525.0,0.0,0.93,5.9,33.0,11.2,29.2,1,7/1/2022 10:06:07 AM
6/12/2022 6:00:00 AM,6/12/2022 2:00:00 AM,525,186.3,137.2,68.8,132.7,525.0,0.0,0.90,5.9,33.0,7.9,30.3,1,7/1/2022 10:06:06 AM
6/12/2022 7:00:00 AM,6/12/2022 3:00:00 AM,525,185.7,137.2,68.8,133.1,525.0,0.0,0.90,5.9,33.0,6.9,40.0,1,7/1/2022 10:06:06 AM
6/12/2022 8:00:00 AM,6/12/2022 4:00:00 AM,525,183.1,137.7,69.0,135.1,525.0,0.0,0.92,5.9,33.0,9.2,31.9,1,7/1/2022 10:06:07 AM
6/12/2022 9:00:00 AM,6/12/2022 5:00:00 AM,800,207.7,137.7,93.7,361.0,800.0,0.0,0.89,5.9,33.0,4.2,31.7,1,7/1/2022 10:06:07 AM
6/12/2022 10:00:00 AM,6/12/2022 6:00:00 AM,800,207.7,137.2,94.1,361.2,800.0,0.0,0.90,5.9,33.0,5.3,29.5,1,7/1/2022 10:06:07 AM
6/12/2022 11:00:00 AM,6/12/2022 7:00:00 AM,800,209.0,156.6,89.8,344.8,800.0,0.0,0.89,5.9,33.0,5.3,35.5,1,7/1/2022 10:06:07 AM
6/12/2022 12:00:00 PM,6/12/2022 8:00:00 AM,800,207.7,156.6,97.8,337.9,800.0,0.0,0.89,5.9,33.0,5.1,38.5,1,7/1/2022 10:06:06 AM
6/12/2022 1:00:00 PM,6/12/2022 9:00:00 AM,800,207.9,90.5,130.0,371.7,800.0,0.0,0.89,5.9,33.0,6.4,28.7,1,7/1/2022 10:06:06 AM
6/12/2022 2:00:00 PM,6/12/2022 10:00:00 AM,800,207.9,90.5,126.1,375.6,800.0,0.0,0.89,5.9,33.0,4.7,28.0,1,7/1/2022 10:06:06 AM
6/12/2022 3:00:00 PM,6/12/2022 11:00:00 AM,800,207.9,148.7,121.8,321.9,800.0,0.0,0.88,5.9,33.0,7.3,29.4,1,7/1/2022 10:06:06 AM
6/12/2022 4:00:00 PM,6/12/2022 12:00:00 PM,800,207.9,126.0,129.5,337.0,800.0,0.0,0.89,5.9,33.0,5.0,32.6,1,7/1/2022 10:06:06 AM
6/12/2022 5:00:00 PM,6/12/2022 1:00:00 PM,800,207.9,125.1,89.8,377.4,800.0,0.0,0.89,5.9,33.0,4.5,23.2,1,7/1/2022 10:06:06 AM
6/12/2022 6:00:00 PM,6/12/2022 2:00:00 PM,525,181.8,101.8,64.9,176.5,525.0,0.0,0.90,5.9,33.0,10.0,31.7,1,7/1/2022 10:06:06 AM
6/12/2022 7:00:00 PM,6/12/2022 3:00:00 PM,525,181.3,101.8,65.2,176.9,525.0,0.0,0.94,5.9,33.0,3.3,39.8,1,7/1/2022 10:06:06 AM
6/12/2022 8:00:00 PM,6/12/2022 4:00:00 PM,525,181.3,167.9,65.2,110.6,525.0,0.0,0.93,5.9,33.0,5.9,23.9,1,7/1/2022 10:06:06 AM
6/12/2022 9:00:00 PM,6/12/2022 5:00:00 PM,525,181.3,168.7,65.2,109.8,525.0,0.0,0.89,5.9,33.0,4.5,31.4,1,7/1/2022 10:06:06 AM
6/12/2022 10:00:00 PM,6/12/2022 6:00:00 PM,800,205.1,169.6,92.9,332.5,800.0,0.0,0.91,5.9,33.0,4.4,40.4,1,7/1/2022 10:06:06 AM
6/12/2022 11:00:00 PM,6/12/2022 7:00:00 PM,800,205.1,169.6,92.0,333.2,800.0,0.0,0.92,5.9,33.0,3.2,42.5,1,7/1/2022 10:06:06 AM
6/13/2022 12:00:00 AM,6/12/2022 8:00:00 PM,800,205.1,170.4,91.0,333.5,800.0,0.0,0.89,5.9,33.0,3.4,42.4,1,7/1/2022 10:06:06 AM
6/13/2022 1:00:00 AM,6/12/2022 9:00:00 PM,800,205.4,106.0,123.1,365.8,800.0,0.0,0.87,5.9,33.0,4.7,26.0,1,7/1/2022 10:06:06 AM
6/13/2022 2:00:00 AM,6/12/2022 10:00:00 PM,800,205.2,106.0,121.2,367.2,800.0,0.0,0.90,5.9,33.0,4.0,31.8,1,7/1/2022 10:06:06 AM
6/13/2022 3:00:00 AM,6/12/2022 11:00:00 PM,800,205.2,164.3,130.9,299.6,800.0,0.0,0.86,5.9,33.0,2.5,27.0,1,7/1/2022 10:06:06 AM
6/13/2022 4:00:00 AM,6/13/2022 12:00:00 AM,525,181.0,277.9,66.1,0.1,525.0,0.0,0.91,5.8,32.7,4.2,45.3,1,7/1/2022 10:06:06 AM
6/13/2022 5:00:00 AM,6/13/2022 1:00:00 AM,525,179.3,120.0,72.3,153.6,525.0,0.0,0.89,5.8,32.7,10.1,34.2,1,7/1/2022 10:06:06 AM
6/13/2022 6:00:00 AM,6/13/2022 2:00:00 AM,525,179.7,278.4,66.9,0.2,525.0,0.0,0.92,5.8,32.7,10.3,35.6,1,7/1/2022 10:06:06 AM
6/13/2022 7:00:00 AM,6/13/2022 3:00:00 AM,525,179.7,278.4,66.9,0.1,525.0,0.0,0.91,5.8,32.7,7.7,43.3,1,7/1/2022 10:06:06 AM
6/13/2022 8:00:00 AM,6/13/2022 4:00:00 AM,525,179.7,186.6,69.9,89.1,525.0,0.0,0.89,5.8,32.7,8.1,28.2,1,7/1/2022 10:06:06 AM
6/13/2022 9:00:00 AM,6/13/2022 5:00:00 AM,800,204.1,120.9,92.0,382.9,800.0,0.0,0.86,5.8,32.7,6.9,37.3,1,7/1/2022 10:06:06 AM
6/13/2022 10:00:00 AM,6/13/2022 6:00:00 AM,800,204.1,70.6,99.3,426.0,800.0,0.0,0.90,5.8,32.7,6.1,33.1,1,7/1/2022 10:06:06 AM
6/13/2022 11:00:00 AM,6/13/2022 7:00:00 AM,800,205.2,112.0,96.6,386.5,800.0,0.0,0.88,5.8,32.7,5.7,34.2,1,7/1/2022 10:06:06 AM
6/13/2022 12:00:00 PM,6/13/2022 8:00:00 AM,800,204.1,123.0,97.1,375.9,800.0,0.0,0.88,5.8,32.7,4.8,44.7,1,7/1/2022 10:06:06 AM
6/13/2022 1:00:00 PM,6/13/2022 9:00:00 AM,800,204.1,150.4,129.6,316.1,800.0,0.0,0.87,5.8,32.7,6.4,31.4,1,7/1/2022 10:06:06 AM
6/13/2022 2:00:00 PM,6/13/2022 10:00:00 AM,800,202.2,176.3,131.1,290.6,800.0,0.0,0.89,5.8,32.7,2.4,31.9,1,7/1/2022 10:06:06 AM
6/13/2022 3:00:00 PM,6/13/2022 11:00:00 AM,800,202.3,123.0,132.8,342.0,800.0,0.0,0.87,5.8,32.7,5.8,35.4,1,7/1/2022 10:06:06 AM
6/13/2022 4:00:00 PM,6/13/2022 12:00:00 PM,800,202.3,57.1,123.9,416.8,800.0,0.0,0.88,5.8,32.7,6.0,34.0,1,7/1/2022 10:06:06 AM
6/13/2022 5:00:00 PM,6/13/2022 1:00:00 PM,800,202.3,55.1,82.5,460.2,800.0,0.0,0.89,5.8,32.7,6.7,33.7,1,7/1/2022 10:06:06 AM
6/13/2022 6:00:00 PM,6/13/2022 2:00:00 PM,525,178.3,55.1,64.6,227.1,525.0,0.0,0.90,5.8,32.7,5.0,20.5,1,7/1/2022 10:06:06 AM
6/13/2022 7:00:00 PM,6/13/2022 3:00:00 PM,525,180.8,55.1,63.9,225.3,525.0,0.0,0.86,5.8,32.7,4.4,20.2,1,7/1/2022 10:06:06 AM
6/13/2022 8:00:00 PM,6/13/2022 4:00:00 PM,525,180.8,55.1,63.9,225.3,525.0,0.0,0.89,5.8,32.7,5.6,24.1,1,7/1/2022 10:06:06 AM
6/13/2022 9:00:00 PM,6/13/2022 5:00:00 PM,525,180.8,55.1,63.9,225.3,525.0,0.0,0.90,5.8,32.7,6.2,20.4,1,7/1/2022 10:06:06 AM
6/13/2022 10:00:00 PM,6/13/2022 6:00:00 PM,800,205.5,55.1,97.1,442.5,800.0,0.0,0.89,5.8,32.7,3.9,30.7,1,7/1/2022 10:06:06 AM
6/13/2022 11:00:00 PM,6/13/2022 7:00:00 PM,800,209.1,55.1,96.3,439.8,800.0,0.0,0.89,5.8,32.7,4.8,33.9,1,7/1/2022 10:06:06 AM
6/14/2022 12:00:00 AM,6/13/2022 8:00:00 PM,800,194.3,55.1,154.8,396.0,800.0,0.0,0.86,5.8,32.7,4.3,23.9,1,7/1/2022 10:06:06 AM
6/14/2022 1:00:00 AM,6/13/2022 9:00:00 PM,800,203.6,108.4,99.5,388.4,800.0,0.0,0.86,5.8,32.7,3.5,27.6,1,7/1/2022 10:06:06 AM
6/14/2022 2:00:00 AM,6/13/2022 10:00:00 PM,800,203.4,131.5,129.0,336.2,800.0,0.0,0.84,5.8,32.7,7.1,24.4,1,7/1/2022 10:06:06 AM
6/14/2022 3:00:00 AM,6/13/2022 11:00:00 PM,800,203.4,77.5,128.9,390.0,800.0,0.0,0.88,5.8,32.7,4.4,29.3,1,7/1/2022 10:06:06 AM
6/14/2022 4:00:00 AM,6/14/2022 12:00:00 AM,525,177.4,78.8,69.3,199.7,525.0,0.0,0.84,5.8,32.5,8.7,29.5,1,7/1/2022 10:06:06 AM
6/14/2022 5:00:00 AM,6/14/2022 1:00:00 AM,525,177.4,89.7,69.5,188.5,525.0,0.0,0.83,5.8,32.5,11.1,22.5,1,7/1/2022 10:06:06 AM
6/14/2022 6:00:00 AM,6/14/2022 2:00:00 AM,525,177.4,79.1,69.0,199.6,525.0,0.0,0.80,5.8,32.5,8.2,26.6,1,7/1/2022 10:06:06 AM
6/14/2022 7:00:00 AM,6/14/2022 3:00:00 AM,525,175.1,79.1,68.6,202.4,525.0,0.0,0.84,5.8,32.5,7.9,40.7,1,7/1/2022 10:06:06 AM
6/14/2022 8:00:00 AM,6/14/2022 4:00:00 AM,525,175.1,79.6,69.1,201.3,525.0,0.0,0.86,5.8,32.5,7.9,33.0,1,7/1/2022 10:06:06 AM
6/14/2022 9:00:00 AM,6/14/2022 5:00:00 AM,800,199.7,57.4,91.0,452.1,800.0,0.0,0.84,5.8,32.5,5.8,26.9,1,7/1/2022 10:06:06 AM
6/14/2022 10:00:00 AM,6/14/2022 6:00:00 AM,800,199.7,56.9,96.9,446.2,800.0,0.0,0.86,5.8,32.5,3.9,34.4,1,7/1/2022 10:06:06 AM
6/14/2022 11:00:00 AM,6/14/2022 7:00:00 AM,800,201.2,10.0,95.7,492.9,800.0,0.0,0.82,5.8,32.5,6.2,32.3,1,7/1/2022 10:06:06 AM
6/14/2022 12:00:00 PM,6/14/2022 8:00:00 AM,800,199.7,0.0,100.1,499.9,800.0,0.0,0.87,5.8,32.5,5.1,33.8,1,7/1/2022 10:06:06 AM
6/14/2022 1:00:00 PM,6/14/2022 9:00:00 AM,800,199.7,21.0,148.5,430.9,800.0,0.0,0.86,5.8,32.5,1.5,27.8,1,7/1/2022 10:06:06 AM
6/14/2022 2:00:00 PM,6/14/2022 10:00:00 AM,800,207.5,21.0,131.4,440.3,800.0,0.0,0.87,5.8,32.5,4.8,25.3,1,7/1/2022 10:06:06 AM
6/14/2022 3:00:00 PM,6/14/2022 11:00:00 AM,800,207.7,21.0,131.6,439.5,800.0,0.0,0.86,5.8,32.5,6.6,23.7,1,7/1/2022 10:06:06 AM
6/14/2022 4:00:00 PM,6/14/2022 12:00:00 PM,800,207.7,73.5,94.3,424.6,800.0,0.0,0.90,5.8,32.5,5.2,32.6,1,7/1/2022 10:06:06 AM
6/14/2022 5:00:00 PM,6/14/2022 1:00:00 PM,800,208.5,72.7,90.5,428.2,800.0,0.0,0.90,5.8,32.5,4.6,27.8,1,7/1/2022 10:06:06 AM
6/14/2022 6:00:00 PM,6/14/2022 2:00:00 PM,525,182.7,71.9,66.7,203.6,525.0,0.0,0.87,5.8,32.5,4.3,35.1,1,7/1/2022 10:06:06 AM
6/14/2022 7:00:00 PM,6/14/2022 3:00:00 PM,525,182.7,71.1,66.7,204.4,525.0,0.0,0.85,5.8,32.5,4.1,25.6,1,7/1/2022 10:06:06 AM
6/14/2022 8:00:00 PM,6/14/2022 4:00:00 PM,525,182.1,71.1,67.1,204.7,525.0,0.0,0.83,5.8,32.5,7.2,30.5,1,7/1/2022 10:06:06 AM
6/14/2022 9:00:00 PM,6/14/2022 5:00:00 PM,525,181.9,82.3,71.3,189.5,525.0,0.0,0.86,5.8,32.5,5.5,35.8,1,7/1/2022 10:06:06 AM
6/14/2022 10:00:00 PM,6/14/2022 6:00:00 PM,800,206.9,83.1,96.1,414.0,800.0,0.0,0.87,5.8,32.5,4.7,36.7,1,7/1/2022 10:06:06 AM
6/14/2022 11:00:00 PM,6/14/2022 7:00:00 PM,800,207.6,83.9,96.3,412.4,800.0,0.0,0.89,5.8,32.5,3.0,33.5,1,7/1/2022 10:06:06 AM
6/15/2022 12:00:00 AM,6/14/2022 8:00:00 PM,800,211.9,83.9,95.5,408.5,800.0,0.0,0.87,5.8,32.5,5.8,27.9,1,7/1/2022 10:06:06 AM
6/15/2022 1:00:00 AM,6/14/2022 9:00:00 PM,800,211.2,32.1,99.6,457.2,800.0,0.0,0.86,5.8,32.5,4.8,33.8,1,7/1/2022 10:06:06 AM
6/15/2022 2:00:00 AM,6/14/2022 10:00:00 PM,800,211.2,32.1,135.2,421.5,800.0,0.0,0.85,5.8,32.5,6.0,21.5,1,7/1/2022 10:06:06 AM
6/15/2022 3:00:00 AM,6/14/2022 11:00:00 PM,800,211.2,21.0,129.6,438.6,800.0,0.0,0.86,5.8,32.5,7.2,28.2,1,7/1/2022 10:06:06 AM
6/15/2022 4:00:00 AM,6/15/2022 12:00:00 AM,525,179.3,77.5,70.7,197.7,525.0,0.0,0.85,5.8,32.3,6.3,21.9,1,7/1/2022 10:06:06 AM
6/15/2022 5:00:00 AM,6/15/2022 1:00:00 AM,525,179.1,104.4,70.6,171.1,525.0,0.0,0.86,5.8,32.3,9.9,30.5,1,7/1/2022 10:06:06 AM
6/15/2022 6:00:00 AM,6/15/2022 2:00:00 AM,525,177.9,94.1,71.9,181.0,525.0,0.0,0.89,5.8,32.3,8.6,25.4,1,7/1/2022 10:06:06 AM
6/15/2022 7:00:00 AM,6/15/2022 3:00:00 AM,525,176.8,94.1,71.5,182.7,525.0,0.0,0.91,5.8,32.3,7.2,31.1,1,7/1/2022 10:06:06 AM
6/15/2022 8:00:00 AM,6/15/2022 4:00:00 AM,525,176.8,94.1,72.6,181.6,525.0,0.0,0.89,5.8,32.3,3.5,28.2,1,7/1/2022 10:06:06 AM
6/15/2022 9:00:00 AM,6/15/2022 5:00:00 AM,800,135.5,95.0,100.0,469.6,800.0,0.0,0.86,5.8,32.3,3.9,33.6,1,7/1/2022 10:06:06 AM
6/15/2022 10:00:00 AM,6/15/2022 6:00:00 AM,800,135.5,66.3,104.8,493.4,800.0,0.0,0.84,5.8,32.3,4.7,33.2,1,7/1/2022 10:06:06 AM
6/15/2022 11:00:00 AM,6/15/2022 7:00:00 AM,800,136.2,98.6,106.1,459.2,800.0,0.0,0.81,5.8,32.3,6.3,31.4,1,7/1/2022 10:06:06 AM
6/15/2022 12:00:00 PM,6/15/2022 8:00:00 AM,800,205.3,130.6,101.8,362.4,800.0,0.0,0.85,5.8,32.3,3.8,31.0,1,7/1/2022 10:06:06 AM
6/15/2022 1:00:00 PM,6/15/2022 9:00:00 AM,800,202.5,84.9,96.3,416.2,800.0,0.0,0.84,5.8,32.3,3.4,26.0,1,7/1/2022 10:06:06 AM
6/15/2022 2:00:00 PM,6/15/2022 10:00:00 AM,800,204.0,32.3,171.5,392.3,800.0,0.0,0.84,5.8,32.3,3.6,28.6,1,7/1/2022 10:06:06 AM
6/15/2022 3:00:00 PM,6/15/2022 11:00:00 AM,800,203.8,32.3,175.2,388.5,800.0,0.0,0.86,5.8,32.3,4.1,22.2,1,7/1/2022 10:06:06 AM
6/15/2022 4:00:00 PM,6/15/2022 12:00:00 PM,800,204.5,32.3,173.0,390.3,800.0,0.0,0.88,5.8,32.3,5.4,26.4,1,7/1/2022 10:06:06 AM
6/15/2022 5:00:00 PM,6/15/2022 1:00:00 PM,800,205.4,32.3,119.0,443.3,800.0,0.0,0.89,5.8,32.3,3.5,34.4,1,7/1/2022 10:06:06 AM
6/15/2022 6:00:00 PM,6/15/2022 2:00:00 PM,525,191.6,150.3,44.9,138.4,525.0,0.0,0.85,5.8,32.3,3.7,22.4,1,7/1/2022 10:06:06 AM
6/15/2022 7:00:00 PM,6/15/2022 3:00:00 PM,525,191.6,199.1,38.5,95.9,525.0,0.0,0.87,5.8,32.3,6.9,30.4,1,7/1/2022 10:06:06 AM
6/15/2022 8:00:00 PM,6/15/2022 4:00:00 PM,525,192.3,150.3,39.4,143.1,525.0,0.0,0.91,5.8,32.3,2.9,33.9,1,7/1/2022 10:06:06 AM
6/15/2022 9:00:00 PM,6/15/2022 5:00:00 PM,525,192.3,150.3,44.7,137.9,525.0,0.0,0.87,5.8,32.3,8.4,19.0,1,7/1/2022 10:06:06 AM
6/15/2022 10:00:00 PM,6/15/2022 6:00:00 PM,800,206.3,150.3,96.0,347.4,800.0,0.0,0.87,5.8,32.3,4.8,27.9,1,7/1/2022 10:06:06 AM
6/15/2022 11:00:00 PM,6/15/2022 7:00:00 PM,800,208.0,32.3,96.8,463.1,800.0,0.0,0.88,5.8,32.3,4.2,21.7,1,7/1/2022 10:06:06 AM
6/16/2022 12:00:00 AM,6/15/2022 8:00:00 PM,800,207.0,95.8,114.1,383.3,800.0,0.0,0.89,5.8,32.3,3.5,28.8,1,7/1/2022 10:06:06 AM
6/16/2022 1:00:00 AM,6/15/2022 9:00:00 PM,800,207.2,32.3,135.6,425.2,800.0,0.0,0.88,5.8,32.3,5.8,27.5,1,7/1/2022 10:06:06 AM
6/16/2022 2:00:00 AM,6/15/2022 10:00:00 PM,800,207.5,32.3,127.9,432.5,800.0,0.0,0.86,5.8,32.3,4.4,24.8,1,7/1/2022 10:06:06 AM
6/16/2022 3:00:00 AM,6/15/2022 11:00:00 PM,800,173.5,32.3,102.8,491.6,800.0,0.0,0.85,5.8,32.3,5.0,28.6,1,7/1/2022 10:06:06 AM
6/16/2022 4:00:00 AM,6/16/2022 12:00:00 AM,525,159.7,128.5,72.7,164.1,525.0,0.0,0.84,5.8,32.1,5.3,16.2,1,7/1/2022 10:06:06 AM
6/16/2022 5:00:00 AM,6/16/2022 1:00:00 AM,525,161.8,160.1,63.7,139.2,525.0,0.0,0.87,5.8,32.1,8.5,30.5,1,7/1/2022 10:06:06 AM
6/16/2022 6:00:00 AM,6/16/2022 2:00:00 AM,525,159.7,94.6,70.8,199.8,525.0,0.0,0.89,5.8,32.1,3.8,31.1,1,7/1/2022 10:06:06 AM
6/16/2022 7:00:00 AM,6/16/2022 3:00:00 AM,525,159.7,94.6,70.5,200.1,525.0,0.0,0.89,5.8,32.1,5.9,25.2,1,7/1/2022 10:06:06 AM
6/16/2022 8:00:00 AM,6/16/2022 4:00:00 AM,525,161.8,94.6,62.2,206.1,525.0,0.0,0.90,5.8,32.1,7.4,30.6,1,7/1/2022 10:06:06 AM
6/16/2022 9:00:00 AM,6/16/2022 5:00:00 AM,800,179.0,116.9,79.1,425.2,800.0,0.0,0.88,5.8,32.1,4.5,24.5,1,7/1/2022 10:06:06 AM
6/16/2022 10:00:00 AM,6/16/2022 6:00:00 AM,800,179.0,151.6,86.0,383.7,800.0,0.0,0.86,5.8,32.1,3.7,35.6,1,7/1/2022 10:06:06 AM
6/16/2022 11:00:00 AM,6/16/2022 7:00:00 AM,800,180.0,139.4,85.3,395.6,800.0,0.0,0.84,5.8,32.1,3.9,32.2,1,7/1/2022 10:06:06 AM
6/16/2022 12:00:00 PM,6/16/2022 8:00:00 AM,800,179.0,0.0,89.9,531.3,800.0,0.0,0.84,5.8,32.1,6.5,23.5,1,7/1/2022 10:06:06 AM
6/16/2022 1:00:00 PM,6/16/2022 9:00:00 AM,800,179.0,63.3,179.8,378.2,800.0,0.0,0.87,5.8,32.1,4.5,34.0,1,7/1/2022 10:06:06 AM
6/16/2022 2:00:00 PM,6/16/2022 10:00:00 AM,800,179.2,62.5,139.4,419.0,800.0,0.0,0.90,5.8,32.1,3.1,43.1,1,7/1/2022 10:06:06 AM
6/16/2022 3:00:00 PM,6/16/2022 11:00:00 AM,800,179.2,60.7,167.4,392.6,800.0,0.0,0.89,5.8,32.1,3.0,24.1,1,7/1/2022 10:06:06 AM
6/16/2022 4:00:00 PM,6/16/2022 12:00:00 PM,800,177.1,84.4,167.5,371.1,800.0,0.0,0.85,5.8,32.1,7.7,28.5,1,7/1/2022 10:06:06 AM
6/16/2022 5:00:00 PM,6/16/2022 1:00:00 PM,800,176.4,32.6,126.6,464.9,800.0,0.0,0.89,5.8,32.1,3.5,35.0,1,7/1/2022 10:06:06 AM
6/16/2022 6:00:00 PM,6/16/2022 2:00:00 PM,525,166.3,32.6,61.8,264.1,525.0,0.0,0.91,5.8,32.1,4.7,26.6,1,7/1/2022 10:06:06 AM
6/16/2022 7:00:00 PM,6/16/2022 3:00:00 PM,525,187.3,140.9,65.4,131.5,525.0,0.0,0.90,5.8,32.1,4.3,27.5,1,7/1/2022 10:06:06 AM
6/16/2022 8:00:00 PM,6/16/2022 4:00:00 PM,525,189.7,140.9,63.9,130.5,525.0,0.0,0.88,5.8,32.1,6.9,24.5,1,7/1/2022 10:06:06 AM
6/16/2022 9:00:00 PM,6/16/2022 5:00:00 PM,525,189.7,140.9,65.7,128.7,525.0,0.0,0.87,5.8,32.1,7.2,35.5,1,7/1/2022 10:06:06 AM
6/16/2022 10:00:00 PM,6/16/2022 6:00:00 PM,800,217.1,90.6,83.9,408.7,800.0,0.0,0.86,5.8,32.1,6.0,31.5,1,7/1/2022 10:06:06 AM
6/16/2022 11:00:00 PM,6/16/2022 7:00:00 PM,800,215.0,90.6,83.6,411.2,800.0,0.0,0.88,5.8,32.1,3.9,33.4,1,7/1/2022 10:06:06 AM
6/17/2022 12:00:00 AM,6/16/2022 8:00:00 PM,800,215.2,141.8,89.0,354.4,800.0,0.0,0.89,5.8,32.1,3.8,33.8,1,7/1/2022 10:06:06 AM
6/17/2022 1:00:00 AM,6/16/2022 9:00:00 PM,800,214.2,144.2,105.0,336.8,800.0,0.0,0.86,5.8,32.1,6.2,32.0,1,7/1/2022 10:06:06 AM
6/17/2022 2:00:00 AM,6/16/2022 10:00:00 PM,800,216.5,0.0,93.3,490.1,800.0,0.0,0.88,5.8,32.1,6.0,29.0,1,7/1/2022 10:06:06 AM
6/17/2022 3:00:00 AM,6/16/2022 11:00:00 PM,800,216.5,0.0,92.6,490.9,800.0,0.0,0.86,5.8,32.1,7.4,27.4,1,7/1/2022 10:06:06 AM
6/17/2022 4:00:00 AM,6/17/2022 12:00:00 AM,525,197.6,121.5,55.6,150.2,525.0,0.0,0.85,5.8,32.0,7.0,23.0,1,7/1/2022 10:06:06 AM
6/17/2022 5:00:00 AM,6/17/2022 1:00:00 AM,525,197.6,122.2,55.4,149.7,525.0,0.0,0.85,5.8,32.0,10.7,23.6,1,7/1/2022 10:06:06 AM
6/17/2022 6:00:00 AM,6/17/2022 2:00:00 AM,525,197.6,121.5,55.2,150.6,525.0,0.0,0.85,5.8,32.0,5.4,28.0,1,7/1/2022 10:06:06 AM
6/17/2022 7:00:00 AM,6/17/2022 3:00:00 AM,525,197.6,121.5,54.9,151.0,525.0,0.0,0.84,5.8,32.0,7.7,28.4,1,7/1/2022 10:06:06 AM
6/17/2022 8:00:00 AM,6/17/2022 4:00:00 AM,525,197.6,121.5,54.9,150.9,525.0,0.0,0.84,5.8,32.0,8.3,18.5,1,7/1/2022 10:06:06 AM
6/17/2022 9:00:00 AM,6/17/2022 5:00:00 AM,800,222.3,97.9,80.0,399.5,800.0,0.0,0.86,5.8,32.0,5.3,26.9,1,7/1/2022 10:06:06 AM
6/17/2022 10:00:00 AM,6/17/2022 6:00:00 AM,800,222.3,97.9,82.6,396.7,800.0,0.0,0.83,5.8,32.0,6.7,34.1,1,7/1/2022 10:06:06 AM
6/17/2022 11:00:00 AM,6/17/2022 7:00:00 AM,800,223.6,97.9,81.3,397.3,800.0,0.0,0.85,5.8,32.0,6.7,29.0,1,7/1/2022 10:06:06 AM
6/17/2022 12:00:00 PM,6/17/2022 8:00:00 AM,800,222.8,97.9,82.8,396.4,800.0,0.0,0.83,5.8,32.0,8.5,26.7,1,7/1/2022 10:06:06 AM
6/17/2022 1:00:00 PM,6/17/2022 9:00:00 AM,800,222.8,32.7,108.9,435.5,800.0,0.0,0.84,5.8,32.0,4.2,31.8,1,7/1/2022 10:06:06 AM
6/17/2022 2:00:00 PM,6/17/2022 10:00:00 AM,800,222.8,32.7,115.5,428.7,800.0,0.0,0.88,5.8,32.0,6.1,24.6,1,7/1/2022 10:06:06 AM
6/17/2022 3:00:00 PM,6/17/2022 11:00:00 AM,800,223.0,0.0,82.8,494.3,800.0,0.0,0.86,5.8,32.0,4.8,31.1,1,7/1/2022 10:06:06 AM
6/17/2022 4:00:00 PM,6/17/2022 12:00:00 PM,800,223.4,0.0,77.9,498.6,800.0,0.0,0.90,5.8,32.0,4.8,28.8,1,7/1/2022 10:06:06 AM
6/17/2022 5:00:00 PM,6/17/2022 1:00:00 PM,800,223.4,0.0,75.6,500.7,800.0,0.0,0.92,5.8,32.0,4.3,34.3,1,7/1/2022 10:06:06 AM
6/17/2022 6:00:00 PM,6/17/2022 2:00:00 PM,525,198.0,0.0,51.7,275.6,525.0,0.0,0.93,5.8,32.0,4.1,41.1,1,7/1/2022 10:06:06 AM
6/17/2022 7:00:00 PM,6/17/2022 3:00:00 PM,525,198.0,0.0,52.9,274.3,525.0,0.0,0.89,5.8,32.0,3.3,29.6,1,7/1/2022 10:06:06 AM
6/17/2022 8:00:00 PM,6/17/2022 4:00:00 PM,525,198.0,0.0,53.6,273.6,525.0,0.0,0.89,5.8,32.0,3.6,17.4,1,7/1/2022 10:06:06 AM
6/17/2022 9:00:00 PM,6/17/2022 5:00:00 PM,525,197.2,0.0,57.0,271.1,525.0,0.0,0.91,5.8,32.0,6.6,35.0,1,7/1/2022 10:06:06 AM
6/17/2022 10:00:00 PM,6/17/2022 6:00:00 PM,800,220.4,0.0,82.5,496.8,800.0,0.0,0.91,5.8,32.0,5.8,27.5,1,7/1/2022 10:06:06 AM
6/17/2022 11:00:00 PM,6/17/2022 7:00:00 PM,800,220.4,0.0,84.7,494.7,800.0,0.0,0.90,5.8,32.0,4.6,29.3,1,7/1/2022 10:06:06 AM
6/18/2022 12:00:00 AM,6/17/2022 8:00:00 PM,800,219.5,0.0,84.2,496.1,800.0,0.0,0.91,5.8,32.0,4.5,28.0,1,7/1/2022 10:06:06 AM
6/18/2022 1:00:00 AM,6/17/2022 9:00:00 PM,800,219.8,11.3,87.0,481.6,800.0,0.0,0.90,5.8,32.0,4.5,31.3,1,7/1/2022 10:06:06 AM
6/18/2022 2:00:00 AM,6/17/2022 10:00:00 PM,800,219.7,11.3,125.4,443.5,800.0,0.0,0.87,5.8,32.0,2.5,20.4,1,7/1/2022 10:06:06 AM
6/18/2022 3:00:00 AM,6/17/2022 11:00:00 PM,800,219.7,40.1,83.3,456.7,800.0,0.0,0.86,5.8,32.0,3.4,22.9,1,7/1/2022 10:06:06 AM
6/18/2022 4:00:00 AM,6/18/2022 12:00:00 AM,525,196.7,92.5,62.0,174.0,525.0,0.0,0.82,5.7,32.1,6.1,23.8,1,7/1/2022 10:06:06 AM
6/18/2022 5:00:00 AM,6/18/2022 1:00:00 AM,525,196.7,92.5,61.6,174.2,525.0,0.0,0.89,5.7,32.1,8.0,32.8,1,7/1/2022 10:06:06 AM
6/18/2022 6:00:00 AM,6/18/2022 2:00:00 AM,525,196.7,93.3,62.1,173.2,525.0,0.0,0.92,5.7,32.1,4.4,32.1,1,7/1/2022 10:06:06 AM
6/18/2022 7:00:00 AM,6/18/2022 3:00:00 AM,525,196.7,94.2,62.1,172.2,525.0,0.0,0.90,5.7,32.1,8.8,28.9,1,7/1/2022 10:06:06 AM
6/18/2022 8:00:00 AM,6/18/2022 4:00:00 AM,525,196.7,95.1,62.2,171.2,525.0,0.0,0.92,5.7,32.1,7.8,31.3,1,7/1/2022 10:06:06 AM
6/18/2022 9:00:00 AM,6/18/2022 5:00:00 AM,800,220.5,95.1,90.4,393.7,800.0,0.0,0.91,5.7,32.1,4.8,39.9,1,7/1/2022 10:06:06 AM
6/18/2022 10:00:00 AM,6/18/2022 6:00:00 AM,800,220.5,95.1,91.5,392.6,800.0,0.0,0.92,5.7,32.1,3.6,35.3,1,7/1/2022 10:06:06 AM
6/18/2022 11:00:00 AM,6/18/2022 7:00:00 AM,800,221.2,95.1,89.9,393.8,800.0,0.0,0.90,5.7,32.1,4.5,35.7,1,7/1/2022 10:06:06 AM
6/18/2022 12:00:00 PM,6/18/2022 8:00:00 AM,800,220.5,94.2,97.9,387.3,800.0,0.0,0.87,5.7,32.1,8.7,28.4,1,7/1/2022 10:06:06 AM
6/18/2022 1:00:00 PM,6/18/2022 9:00:00 AM,800,220.6,94.2,107.9,377.2,800.0,0.0,0.87,5.7,32.1,4.9,37.5,1,7/1/2022 10:06:06 AM
6/18/2022 2:00:00 PM,6/18/2022 10:00:00 AM,800,218.8,129.2,156.3,295.9,800.0,0.0,0.91,5.7,32.1,4.5,32.7,1,7/1/2022 10:06:06 AM
6/18/2022 3:00:00 PM,6/18/2022 11:00:00 AM,800,218.8,129.2,156.8,295.1,800.0,0.0,0.90,5.7,32.1,5.9,32.9,1,7/1/2022 10:06:06 AM
6/18/2022 4:00:00 PM,6/18/2022 12:00:00 PM,800,218.8,129.0,154.8,297.5,800.0,0.0,0.91,5.7,32.1,5.4,33.2,1,7/1/2022 10:06:06 AM
6/18/2022 5:00:00 PM,6/18/2022 1:00:00 PM,800,218.6,247.2,76.6,257.8,800.0,0.0,0.92,5.7,32.1,5.2,32.8,1,7/1/2022 10:06:06 AM
6/18/2022 6:00:00 PM,6/18/2022 2:00:00 PM,525,193.9,247.2,40.6,94.0,575.6,0.0,0.92,5.7,32.1,6.4,35.4,1,7/1/2022 10:06:06 AM
6/18/2022 7:00:00 PM,6/18/2022 3:00:00 PM,525,193.9,143.4,46.6,141.0,525.0,0.0,0.94,5.7,32.1,3.3,27.3,1,7/1/2022 10:06:06 AM
6/18/2022 8:00:00 PM,6/18/2022 4:00:00 PM,525,193.9,143.8,46.3,140.9,525.0,0.0,0.95,5.7,32.1,6.4,39.0,1,7/1/2022 10:06:06 AM
6/18/2022 9:00:00 PM,6/18/2022 5:00:00 PM,525,193.9,143.8,46.3,140.9,525.0,0.0,0.95,5.7,32.1,4.3,35.9,1,7/1/2022 10:06:06 AM
6/18/2022 10:00:00 PM,6/18/2022 6:00:00 PM,800,218.4,247.2,72.7,261.7,800.0,0.0,0.91,5.7,32.1,3.9,36.1,1,7/1/2022 10:06:06 AM
6/18/2022 11:00:00 PM,6/18/2022 7:00:00 PM,800,218.4,247.2,69.3,265.0,800.0,0.0,0.93,5.7,32.1,4.9,36.5,1,7/1/2022 10:06:06 AM
6/19/2022 12:00:00 AM,6/18/2022 8:00:00 PM,800,218.4,247.2,69.1,265.4,800.0,0.0,0.92,5.7,32.1,3.3,31.2,1,7/1/2022 10:06:06 AM
6/19/2022 1:00:00 AM,6/18/2022 9:00:00 PM,800,218.6,247.2,77.7,256.6,800.0,0.0,0.92,5.7,32.1,3.2,42.7,1,7/1/2022 10:06:06 AM
6/19/2022 2:00:00 AM,6/18/2022 10:00:00 PM,800,218.8,129.0,104.4,347.8,800.0,0.0,0.90,5.7,32.1,5.0,32.0,1,7/1/2022 10:06:06 AM
6/19/2022 3:00:00 AM,6/18/2022 11:00:00 PM,800,218.8,129.0,103.9,348.2,800.0,0.0,0.85,5.7,32.1,7.2,26.4,1,7/1/2022 10:06:06 AM
6/19/2022 4:00:00 AM,6/19/2022 12:00:00 AM,525,198.5,128.7,61.0,136.8,525.0,0.0,0.90,5.7,32.1,10.6,20.7,1,7/1/2022 10:06:06 AM
6/19/2022 5:00:00 AM,6/19/2022 1:00:00 AM,525,198.5,128.7,60.4,137.3,525.0,0.0,0.90,5.7,32.1,9.3,29.6,1,7/1/2022 10:06:06 AM
6/19/2022 6:00:00 AM,6/19/2022 2:00:00 AM,525,197.9,128.7,61.3,137.1,525.0,0.0,0.90,5.7,32.1,9.4,31.2,1,7/1/2022 10:06:06 AM
6/19/2022 7:00:00 AM,6/19/2022 3:00:00 AM,525,197.9,128.7,61.3,137.1,525.0,0.0,0.91,5.7,32.1,9.7,26.5,1,7/1/2022 10:06:06 AM
6/19/2022 8:00:00 AM,6/19/2022 4:00:00 AM,525,196.6,128.7,66.2,133.8,525.0,0.0,0.94,5.7,32.1,6.9,28.8,1,7/1/2022 10:06:06 AM
6/19/2022 9:00:00 AM,6/19/2022 5:00:00 AM,800,221.0,128.7,97.2,352.9,800.0,0.0,0.88,5.7,32.1,4.4,28.5,1,7/1/2022 10:06:06 AM
6/19/2022 10:00:00 AM,6/19/2022 6:00:00 AM,800,221.0,128.7,97.5,352.7,800.0,0.0,0.93,5.7,32.1,2.2,31.7,1,7/1/2022 10:06:06 AM
6/19/2022 11:00:00 AM,6/19/2022 7:00:00 AM,800,222.1,128.7,94.0,355.2,800.0,0.0,0.93,5.7,32.1,2.4,35.3,1,7/1/2022 10:06:06 AM
6/19/2022 12:00:00 PM,6/19/2022 8:00:00 AM,800,221.0,128.7,100.1,350.4,800.0,0.0,0.90,5.7,32.1,3.8,37.7,1,7/1/2022 10:06:06 AM
6/19/2022 1:00:00 PM,6/19/2022 9:00:00 AM,800,221.2,128.7,101.3,348.8,800.0,0.0,0.92,5.7,32.1,5.2,39.1,1,7/1/2022 10:06:06 AM
6/19/2022 2:00:00 PM,6/19/2022 10:00:00 AM,800,221.2,128.7,101.4,348.8,800.0,0.0,0.91,5.7,32.1,6.2,34.1,1,7/1/2022 10:06:06 AM
6/19/2022 3:00:00 PM,6/19/2022 11:00:00 AM,800,222.9,128.7,147.0,301.4,800.0,0.0,0.93,5.7,32.1,4.4,28.1,1,7/1/2022 10:06:06 AM
6/19/2022 4:00:00 PM,6/19/2022 12:00:00 PM,800,221.2,128.7,153.4,296.6,800.0,0.0,0.90,5.7,32.1,5.3,37.1,1,7/1/2022 10:06:06 AM
6/19/2022 5:00:00 PM,6/19/2022 1:00:00 PM,800,222.1,128.7,77.4,371.8,800.0,0.0,0.92,5.7,32.1,5.0,35.8,1,7/1/2022 10:06:06 AM
6/19/2022 6:00:00 PM,6/19/2022 2:00:00 PM,525,197.3,128.7,42.5,157.6,526.1,0.0,0.91,5.7,32.1,12.5,28.3,1,7/1/2022 10:06:06 AM
6/19/2022 7:00:00 PM,6/19/2022 3:00:00 PM,525,197.3,63.6,39.7,259.4,560.0,0.0,0.92,5.7,32.1,11.3,33.4,1,7/1/2022 10:06:06 AM
6/19/2022 8:00:00 PM,6/19/2022 4:00:00 PM,525,198.6,63.6,34.0,259.4,555.5,0.0,0.90,5.7,32.1,8.4,24.0,1,7/1/2022 10:06:06 AM
6/19/2022 9:00:00 PM,6/19/2022 5:00:00 PM,525,198.6,63.6,34.0,259.4,555.5,0.0,0.94,5.7,32.1,5.6,31.8,1,7/1/2022 10:06:06 AM
6/19/2022 10:00:00 PM,6/19/2022 6:00:00 PM,800,222.8,63.6,65.0,448.4,800.0,0.0,0.90,5.7,32.1,6.7,34.0,1,7/1/2022 10:06:06 AM
6/19/2022 11:00:00 PM,6/19/2022 7:00:00 PM,800,223.0,63.6,95.8,417.6,800.0,0.0,0.91,5.7,32.1,4.2,29.9,1,7/1/2022 10:06:06 AM
6/20/2022 12:00:00 AM,6/19/2022 8:00:00 PM,800,223.0,63.6,94.5,418.7,800.0,0.0,0.89,5.7,32.1,5.1,29.8,1,7/1/2022 10:06:06 AM
6/20/2022 1:00:00 AM,6/19/2022 9:00:00 PM,800,222.1,63.6,99.7,414.5,800.0,0.0,0.91,5.7,32.1,4.3,36.3,1,7/1/2022 10:06:06 AM
6/20/2022 2:00:00 AM,6/19/2022 10:00:00 PM,800,222.1,128.7,97.4,351.7,800.0,0.0,0.91,5.7,32.1,3.5,28.5,1,7/1/2022 10:06:06 AM
6/20/2022 3:00:00 AM,6/19/2022 11:00:00 PM,800,222.1,128.7,93.8,355.2,800.0,0.0,0.89,5.7,32.1,5.3,21.9,1,7/1/2022 10:06:06 AM
6/20/2022 4:00:00 AM,6/20/2022 12:00:00 AM,525,198.9,172.9,61.2,91.7,525.0,0.0,0.88,5.8,32.1,12.2,24.3,1,7/1/2022 10:06:06 AM
6/20/2022 5:00:00 AM,6/20/2022 1:00:00 AM,525,198.9,172.9,61.1,92.0,525.0,0.0,0.88,5.8,32.1,11.0,22.2,1,7/1/2022 10:06:06 AM
6/20/2022 6:00:00 AM,6/20/2022 2:00:00 AM,525,198.9,172.9,60.6,92.5,525.0,0.0,0.92,5.8,32.1,7.3,27.5,1,7/1/2022 10:06:06 AM
6/20/2022 7:00:00 AM,6/20/2022 3:00:00 AM,525,198.9,172.9,60.5,92.6,525.0,0.0,0.93,5.8,32.1,6.4,34.8,1,7/1/2022 10:06:06 AM
6/20/2022 8:00:00 AM,6/20/2022 4:00:00 AM,525,197.6,172.9,65.8,88.9,525.0,0.0,0.91,5.8,32.1,9.2,26.6,1,7/1/2022 10:06:06 AM
6/20/2022 9:00:00 AM,6/20/2022 5:00:00 AM,800,222.2,172.9,98.6,306.1,800.0,0.0,0.90,5.8,32.1,10.0,29.3,1,7/1/2022 10:06:06 AM
6/20/2022 10:00:00 AM,6/20/2022 6:00:00 AM,800,222.2,172.9,104.0,300.4,800.0,0.0,0.86,5.8,32.1,6.3,34.6,1,7/1/2022 10:06:06 AM
6/20/2022 11:00:00 AM,6/20/2022 7:00:00 AM,800,215.1,172.9,104.5,307.2,800.0,0.0,0.86,5.8,32.1,4.0,34.8,1,7/1/2022 10:06:06 AM
6/20/2022 12:00:00 PM,6/20/2022 8:00:00 AM,800,214.4,151.7,104.9,329.0,800.0,0.0,0.84,5.8,32.1,4.9,36.6,1,7/1/2022 10:06:06 AM
6/20/2022 1:00:00 PM,6/20/2022 9:00:00 AM,800,214.4,151.7,105.5,328.3,800.0,0.0,0.84,5.8,32.1,5.8,32.7,1,7/1/2022 10:06:06 AM
6/20/2022 2:00:00 PM,6/20/2022 10:00:00 AM,800,214.3,63.7,105.9,415.7,800.0,0.0,0.89,5.8,32.1,3.7,32.2,1,7/1/2022 10:06:06 AM
6/20/2022 3:00:00 PM,6/20/2022 11:00:00 AM,800,218.3,63.7,108.2,409.7,800.0,0.0,0.90,5.8,32.1,4.8,32.7,1,7/1/2022 10:06:06 AM
6/20/2022 4:00:00 PM,6/20/2022 12:00:00 PM,800,220.9,35.7,95.9,447.3,800.0,0.0,0.83,5.8,32.1,5.7,33.9,1,7/1/2022 10:06:06 AM
6/20/2022 5:00:00 PM,6/20/2022 1:00:00 PM,800,221.1,34.8,96.5,447.6,800.0,0.0,0.88,5.8,32.1,4.1,32.9,1,7/1/2022 10:06:06 AM
6/20/2022 6:00:00 PM,6/20/2022 2:00:00 PM,525,196.3,66.8,68.8,192.8,525.0,0.0,0.91,5.8,32.1,8.2,31.2,1,7/1/2022 10:06:06 AM
6/20/2022 7:00:00 PM,6/20/2022 3:00:00 PM,525,196.3,66.0,69.6,192.9,525.0,0.0,0.90,5.8,32.1,3.6,24.1,1,7/1/2022 10:06:06 AM
6/20/2022 8:00:00 PM,6/20/2022 4:00:00 PM,525,193.4,143.2,70.6,117.8,525.0,0.0,0.90,5.8,32.1,11.1,27.6,1,7/1/2022 10:06:06 AM
6/20/2022 9:00:00 PM,6/20/2022 5:00:00 PM,525,193.3,143.2,75.7,112.8,525.0,0.0,0.87,5.8,32.1,7.0,27.3,1,7/1/2022 10:06:06 AM
6/20/2022 10:00:00 PM,6/20/2022 6:00:00 PM,800,216.9,144.1,135.4,303.3,800.0,0.0,0.88,5.8,32.1,5.3,22.6,1,7/1/2022 10:06:06 AM
6/20/2022 11:00:00 PM,6/20/2022 7:00:00 PM,800,214.1,146.7,145.2,294.0,800.0,0.0,0.86,5.8,32.1,3.4,23.2,1,7/1/2022 10:06:06 AM
6/21/2022 12:00:00 AM,6/20/2022 8:00:00 PM,800,214.1,89.6,142.2,353.7,800.0,0.0,0.89,5.8,32.1,2.3,27.6,1,7/1/2022 10:06:06 AM
6/21/2022 1:00:00 AM,6/20/2022 9:00:00 PM,800,214.3,41.3,141.7,402.7,800.0,0.0,0.87,5.8,32.1,3.7,20.3,1,7/1/2022 10:06:06 AM
6/21/2022 2:00:00 AM,6/20/2022 10:00:00 PM,800,217.0,10.6,142.6,429.7,800.0,0.0,0.87,5.8,32.1,6.6,27.7,1,7/1/2022 10:06:06 AM
6/21/2022 3:00:00 AM,6/20/2022 11:00:00 PM,800,217.0,10.6,140.3,431.8,800.0,0.0,0.87,5.8,32.1,1.2,24.3,1,7/1/2022 10:06:06 AM
6/21/2022 4:00:00 AM,6/21/2022 12:00:00 AM,525,195.8,65.3,54.2,209.9,525.0,0.0,0.82,5.8,32.1,8.6,19.7,1,7/1/2022 10:06:06 AM
6/21/2022 5:00:00 AM,6/21/2022 1:00:00 AM,525,195.8,118.4,53.8,157.3,525.0,0.0,0.80,5.8,32.1,6.4,20.6,1,7/1/2022 10:06:06 AM
6/21/2022 6:00:00 AM,6/21/2022 2:00:00 AM,525,195.8,118.8,53.3,157.3,525.0,0.0,0.84,5.8,32.1,2.6,27.3,1,7/1/2022 10:06:06 AM
6/21/2022 7:00:00 AM,6/21/2022 3:00:00 AM,525,195.8,118.8,52.7,157.8,525.0,0.0,0.91,5.8,32.1,5.7,33.6,1,7/1/2022 10:06:06 AM
6/21/2022 8:00:00 AM,6/21/2022 4:00:00 AM,525,194.1,119.2,59.7,152.1,525.0,0.0,0.85,5.8,32.1,7.2,20.1,1,7/1/2022 10:06:06 AM
6/21/2022 9:00:00 AM,6/21/2022 5:00:00 AM,800,217.9,163.2,86.0,332.6,800.0,0.0,0.84,5.8,32.1,7.3,24.9,1,7/1/2022 10:06:06 AM
6/21/2022 10:00:00 AM,6/21/2022 6:00:00 AM,800,217.9,162.7,90.9,328.3,800.0,0.0,0.84,5.8,32.1,4.7,30.6,1,7/1/2022 10:06:06 AM
6/21/2022 11:00:00 AM,6/21/2022 7:00:00 AM,800,218.6,172.9,93.3,315.2,800.0,0.0,0.86,5.8,32.1,4.4,40.3,1,7/1/2022 10:06:06 AM
6/21/2022 12:00:00 PM,6/21/2022 8:00:00 AM,800,218.0,129.0,96.5,356.3,800.0,0.0,0.84,5.8,32.1,6.6,29.1,1,7/1/2022 10:06:06 AM
6/21/2022 1:00:00 PM,6/21/2022 9:00:00 AM,800,218.0,74.3,107.7,399.9,800.0,0.0,0.84,5.8,32.1,8.1,29.8,1,7/1/2022 10:06:06 AM
6/21/2022 2:00:00 PM,6/21/2022 10:00:00 AM,800,217.9,74.3,100.5,407.2,800.0,0.0,0.87,5.8,32.1,6.1,28.2,1,7/1/2022 10:06:06 AM
6/21/2022 3:00:00 PM,6/21/2022 11:00:00 AM,800,217.9,144.5,100.7,336.6,800.0,0.0,0.86,5.8,32.1,4.8,31.0,1,7/1/2022 10:06:06 AM
6/21/2022 4:00:00 PM,6/21/2022 12:00:00 PM,800,217.9,79.9,90.6,411.6,800.0,0.0,0.89,5.8,32.1,5.8,30.8,1,7/1/2022 10:06:06 AM
6/21/2022 5:00:00 PM,6/21/2022 1:00:00 PM,800,218.3,123.4,94.6,363.5,800.0,0.0,0.87,5.8,32.1,3.5,29.3,1,7/1/2022 10:06:06 AM
6/21/2022 6:00:00 PM,6/21/2022 2:00:00 PM,525,195.3,122.5,59.1,148.2,525.0,0.0,0.87,5.8,32.1,8.2,23.6,1,7/1/2022 10:06:06 AM
6/21/2022 7:00:00 PM,6/21/2022 3:00:00 PM,525,195.3,66.3,59.3,204.4,525.0,0.0,0.90,5.8,32.1,7.6,34.0,1,7/1/2022 10:06:06 AM
6/21/2022 8:00:00 PM,6/21/2022 4:00:00 PM,525,195.3,66.3,60.2,203.3,525.0,0.0,0.88,5.8,32.1,6.2,40.6,1,7/1/2022 10:06:06 AM
6/21/2022 9:00:00 PM,6/21/2022 5:00:00 PM,525,195.2,66.3,64.1,199.5,525.0,0.0,0.87,5.8,32.1,7.3,28.3,1,7/1/2022 10:06:06 AM
6/21/2022 10:00:00 PM,6/21/2022 6:00:00 PM,800,218.4,66.3,94.7,420.4,800.0,0.0,0.88,5.8,32.1,3.9,26.0,1,7/1/2022 10:06:06 AM
6/21/2022 11:00:00 PM,6/21/2022 7:00:00 PM,800,218.4,66.3,95.2,419.9,800.0,0.0,0.87,5.8,32.1,4.8,31.2,1,7/1/2022 10:06:06 AM
6/22/2022 12:00:00 AM,6/21/2022 8:00:00 PM,800,215.6,66.3,95.5,422.6,800.0,0.0,0.88,5.8,32.1,4.2,31.8,1,7/1/2022 10:06:06 AM
6/22/2022 1:00:00 AM,6/21/2022 9:00:00 PM,800,215.0,65.5,100.4,419.2,800.0,0.0,0.88,5.8,32.1,3.6,31.5,1,7/1/2022 10:06:06 AM
6/22/2022 2:00:00 AM,6/21/2022 10:00:00 PM,800,218.0,129.2,98.3,354.3,800.0,0.0,0.87,5.8,32.1,4.6,25.6,1,7/1/2022 10:06:06 AM
6/22/2022 3:00:00 AM,6/21/2022 11:00:00 PM,800,215.2,150.1,100.6,334.1,800.0,0.0,0.84,5.8,32.1,4.2,24.7,1,7/1/2022 10:06:06 AM
6/22/2022 4:00:00 AM,6/22/2022 12:00:00 AM,525,194.7,160.1,52.0,118.5,525.0,0.0,0.87,5.8,32.0,7.1,17.4,1,7/1/2022 10:06:06 AM
6/22/2022 5:00:00 AM,6/22/2022 1:00:00 AM,525,194.0,160.1,52.0,119.1,525.0,0.0,0.84,5.8,32.0,11.8,22.6,1,7/1/2022 10:06:06 AM
6/22/2022 6:00:00 AM,6/22/2022 2:00:00 AM,525,194.0,160.1,51.3,119.8,525.0,0.0,0.88,5.8,32.0,10.4,23.1,1,7/1/2022 10:06:06 AM
6/22/2022 7:00:00 AM,6/22/2022 3:00:00 AM,525,194.0,160.9,51.0,119.3,525.0,0.0,0.87,5.8,32.0,12.6,28.9,1,7/1/2022 10:06:06 AM
6/22/2022 8:00:00 AM,6/22/2022 4:00:00 AM,525,192.4,160.9,58.2,113.8,525.0,0.0,0.93,5.8,32.0,3.7,39.3,1,7/1/2022 10:06:06 AM
6/22/2022 9:00:00 AM,6/22/2022 5:00:00 AM,800,215.1,195.7,85.1,304.3,800.0,0.0,0.89,5.8,32.0,3.2,29.5,1,7/1/2022 10:06:06 AM
6/22/2022 10:00:00 AM,6/22/2022 6:00:00 AM,800,215.1,195.7,90.0,299.3,800.0,0.0,0.87,5.8,32.0,6.3,32.5,1,7/1/2022 10:06:06 AM
6/22/2022 11:00:00 AM,6/22/2022 7:00:00 AM,800,216.1,97.0,87.1,400.0,800.0,0.0,0.87,5.8,32.0,5.5,37.3,1,7/1/2022 10:06:06 AM
6/22/2022 12:00:00 PM,6/22/2022 8:00:00 AM,800,216.3,97.0,87.2,399.5,800.0,0.0,0.85,5.8,32.0,6.8,35.1,1,7/1/2022 10:06:06 AM
6/22/2022 1:00:00 PM,6/22/2022 9:00:00 AM,800,216.3,192.1,92.5,299.1,800.0,0.0,0.82,5.8,32.0,6.5,30.3,1,7/1/2022 10:06:06 AM
6/22/2022 2:00:00 PM,6/22/2022 10:00:00 AM,800,214.4,161.0,156.0,268.7,800.0,0.0,0.83,5.8,32.0,3.6,24.2,1,7/1/2022 10:06:06 AM
6/22/2022 3:00:00 PM,6/22/2022 11:00:00 AM,800,214.6,219.8,98.1,267.7,800.0,0.0,0.87,5.8,32.0,6.9,26.3,1,7/1/2022 10:06:06 AM
6/22/2022 4:00:00 PM,6/22/2022 12:00:00 PM,800,215.5,155.8,95.9,333.0,800.0,0.0,0.89,5.8,32.0,1.6,29.7,1,7/1/2022 10:06:06 AM
6/22/2022 5:00:00 PM,6/22/2022 1:00:00 PM,800,216.7,134.2,97.1,352.2,800.0,0.0,0.91,5.8,32.0,3.2,25.3,1,7/1/2022 10:06:06 AM
6/22/2022 6:00:00 PM,6/22/2022 2:00:00 PM,525,193.2,126.9,65.4,139.6,525.0,0.0,0.89,5.8,32.0,4.4,30.8,1,7/1/2022 10:06:06 AM
6/22/2022 7:00:00 PM,6/22/2022 3:00:00 PM,525,193.2,126.1,64.4,141.3,525.0,0.0,0.89,5.8,32.0,6.9,22.6,1,7/1/2022 10:06:06 AM
6/22/2022 8:00:00 PM,6/22/2022 4:00:00 PM,525,193.2,126.1,63.9,141.8,525.0,0.0,0.89,5.8,32.0,6.7,32.1,1,7/1/2022 10:06:06 AM
6/22/2022 9:00:00 PM,6/22/2022 5:00:00 PM,525,193.1,126.1,68.3,137.5,525.0,0.0,0.87,5.8,32.0,9.8,32.0,1,7/1/2022 10:06:06 AM
6/22/2022 10:00:00 PM,6/22/2022 6:00:00 PM,800,216.3,181.1,98.6,303.9,800.0,0.0,0.86,5.8,32.0,7.7,26.6,1,7/1/2022 10:06:06 AM
6/22/2022 11:00:00 PM,6/22/2022 7:00:00 PM,800,214.4,182.6,100.3,302.7,800.0,0.0,0.87,5.8,32.0,4.5,32.7,1,7/1/2022 10:06:06 AM
6/23/2022 12:00:00 AM,6/22/2022 8:00:00 PM,800,214.4,183.4,100.7,301.4,800.0,0.0,0.88,5.8,32.0,5.4,30.1,1,7/1/2022 10:06:06 AM
6/23/2022 1:00:00 AM,6/22/2022 9:00:00 PM,800,214.6,155.0,105.1,325.5,800.0,0.0,0.86,5.8,32.0,3.2,34.4,1,7/1/2022 10:06:06 AM
6/23/2022 2:00:00 AM,6/22/2022 10:00:00 PM,800,214.7,32.1,131.8,421.5,800.0,0.0,0.85,5.8,32.0,4.9,25.7,1,7/1/2022 10:06:06 AM
6/23/2022 3:00:00 AM,6/22/2022 11:00:00 PM,800,214.7,143.3,130.1,312.0,800.0,0.0,0.87,5.8,32.0,4.7,31.3,1,7/1/2022 10:06:06 AM
6/23/2022 4:00:00 AM,6/23/2022 12:00:00 AM,525,190.6,136.3,68.6,129.6,525.0,0.0,0.87,5.7,31.8,7.5,22.9,1,7/1/2022 10:06:06 AM
6/23/2022 5:00:00 AM,6/23/2022 1:00:00 AM,525,190.6,137.1,69.0,128.5,525.0,0.0,0.87,5.7,31.8,9.9,24.8,1,7/1/2022 10:06:06 AM
6/23/2022 6:00:00 AM,6/23/2022 2:00:00 AM,525,190.6,137.6,59.4,137.8,525.0,0.0,0.86,5.7,31.8,11.7,30.9,1,7/1/2022 10:06:06 AM
6/23/2022 7:00:00 AM,6/23/2022 3:00:00 AM,525,190.6,137.6,58.9,138.1,525.0,0.0,0.88,5.7,31.8,8.7,29.9,1,7/1/2022 10:06:06 AM
6/23/2022 8:00:00 AM,6/23/2022 4:00:00 AM,525,188.8,65.6,65.9,204.9,525.0,0.0,0.92,5.7,31.8,5.8,27.9,1,7/1/2022 10:06:06 AM
6/23/2022 9:00:00 AM,6/23/2022 5:00:00 AM,800,212.5,110.0,94.8,382.7,800.0,0.0,0.90,5.7,31.8,3.3,39.0,1,7/1/2022 10:06:06 AM
6/23/2022 10:00:00 AM,6/23/2022 6:00:00 AM,800,212.5,155.2,101.4,330.9,800.0,0.0,0.86,5.7,31.8,5.7,33.1,1,7/1/2022 10:06:06 AM
6/23/2022 11:00:00 AM,6/23/2022 7:00:00 AM,800,212.9,110.0,97.9,379.2,800.0,0.0,0.88,5.7,31.8,3.5,38.7,1,7/1/2022 10:06:06 AM
6/23/2022 12:00:00 PM,6/23/2022 8:00:00 AM,800,212.8,107.4,100.4,379.2,800.0,0.0,0.84,5.7,31.8,4.2,39.9,1,7/1/2022 10:06:06 AM
6/23/2022 1:00:00 PM,6/23/2022 9:00:00 AM,800,212.8,107.4,138.4,341.1,800.0,0.0,0.85,5.7,31.8,5.0,29.8,1,7/1/2022 10:06:06 AM
6/23/2022 2:00:00 PM,6/23/2022 10:00:00 AM,800,230.5,141.8,128.5,299.2,800.0,0.0,0.84,5.7,31.8,5.3,29.2,1,7/1/2022 10:06:06 AM
6/23/2022 3:00:00 PM,6/23/2022 11:00:00 AM,800,230.5,86.7,128.8,354.4,800.0,0.0,0.86,5.7,31.8,6.3,30.7,1,7/1/2022 10:06:06 AM
6/23/2022 4:00:00 PM,6/23/2022 12:00:00 PM,800,226.5,108.0,128.1,337.1,800.0,0.0,0.88,5.7,31.8,4.7,32.7,1,7/1/2022 10:06:06 AM
6/23/2022 5:00:00 PM,6/23/2022 1:00:00 PM,800,226.7,147.0,115.0,310.7,800.0,0.0,0.88,5.7,31.8,5.8,29.0,1,7/1/2022 10:06:06 AM
6/23/2022 6:00:00 PM,6/23/2022 2:00:00 PM,525,199.8,147.0,60.5,117.6,525.0,0.0,0.87,5.7,31.8,7.2,22.1,1,7/1/2022 10:06:06 AM
6/23/2022 7:00:00 PM,6/23/2022 3:00:00 PM,525,200.0,147.0,62.1,116.0,525.0,0.0,0.86,5.7,31.8,6.3,19.5,1,7/1/2022 10:06:06 AM
6/23/2022 8:00:00 PM,6/23/2022 4:00:00 PM,525,200.0,147.0,60.8,117.2,525.0,0.0,0.87,5.7,31.8,6.0,24.9,1,7/1/2022 10:06:06 AM
6/23/2022 9:00:00 PM,6/23/2022 5:00:00 PM,525,203.0,188.3,61.1,72.5,525.0,0.0,0.86,5.7,31.8,6.4,25.5,1,7/1/2022 10:06:06 AM
6/23/2022 10:00:00 PM,6/23/2022 6:00:00 PM,800,230.3,188.3,109.4,271.6,800.0,0.0,0.88,5.7,31.8,4.5,32.7,1,7/1/2022 10:06:06 AM
6/23/2022 11:00:00 PM,6/23/2022 7:00:00 PM,800,230.3,234.1,109.7,225.7,800.0,0.0,0.89,5.7,31.8,5.4,29.5,1,7/1/2022 10:06:06 AM
6/24/2022 12:00:00 AM,6/23/2022 8:00:00 PM,800,230.3,167.2,113.3,289.0,800.0,0.0,0.91,5.7,31.8,4.6,34.0,1,7/1/2022 10:06:06 AM
6/24/2022 1:00:00 AM,6/23/2022 9:00:00 PM,800,230.5,198.5,127.9,243.1,800.0,0.0,0.88,5.7,31.8,2.3,29.8,1,7/1/2022 10:06:06 AM
6/24/2022 2:00:00 AM,6/23/2022 10:00:00 PM,800,230.5,171.7,127.1,270.6,800.0,0.0,0.87,5.7,31.8,4.3,19.1,1,7/1/2022 10:06:06 AM
6/24/2022 3:00:00 AM,6/23/2022 11:00:00 PM,800,230.4,107.8,118.2,343.4,800.0,0.0,0.86,5.7,31.8,4.2,29.5,1,7/1/2022 10:06:06 AM
6/24/2022 4:00:00 AM,6/24/2022 12:00:00 AM,525,205.7,157.2,52.8,109.2,525.0,0.0,0.89,5.7,31.8,9.8,27.4,1,7/1/2022 10:06:06 AM
6/24/2022 5:00:00 AM,6/24/2022 1:00:00 AM,525,205.7,158.1,53.3,108.1,525.0,0.0,0.92,5.7,31.8,6.8,31.5,1,7/1/2022 10:06:06 AM
6/24/2022 6:00:00 AM,6/24/2022 2:00:00 AM,525,205.7,158.5,52.5,108.4,525.0,0.0,0.91,5.7,31.8,7.8,33.9,1,7/1/2022 10:06:06 AM
6/24/2022 7:00:00 AM,6/24/2022 3:00:00 AM,525,205.7,158.5,52.3,108.6,525.0,0.0,0.93,5.7,31.8,8.8,37.7,1,7/1/2022 10:06:06 AM
6/24/2022 8:00:00 AM,6/24/2022 4:00:00 AM,525,205.5,183.1,55.9,80.5,525.0,0.0,0.90,5.7,31.8,5.9,35.6,1,7/1/2022 10:06:06 AM
6/24/2022 9:00:00 AM,6/24/2022 5:00:00 AM,800,232.2,183.1,86.4,298.4,800.0,0.0,0.90,5.7,31.8,4.5,26.9,1,7/1/2022 10:06:06 AM
6/24/2022 10:00:00 AM,6/24/2022 6:00:00 AM,800,232.2,181.9,89.1,296.6,800.0,0.0,0.89,5.7,31.8,0.9,29.6,1,7/1/2022 10:06:06 AM
6/24/2022 11:00:00 AM,6/24/2022 7:00:00 AM,800,229.2,109.7,90.4,370.8,800.0,0.0,0.90,5.7,31.8,5.0,40.8,1,7/1/2022 10:06:06 AM
6/24/2022 12:00:00 PM,6/24/2022 8:00:00 AM,800,229.1,109.7,95.4,365.7,800.0,0.0,0.87,5.7,31.8,5.2,37.2,1,7/1/2022 10:06:06 AM
6/24/2022 1:00:00 PM,6/24/2022 9:00:00 AM,800,231.1,151.2,87.1,330.5,800.0,0.0,0.86,5.7,31.8,6.6,28.8,1,7/1/2022 10:06:06 AM
6/24/2022 2:00:00 PM,6/24/2022 10:00:00 AM,800,229.8,172.6,140.2,257.5,800.0,0.0,0.83,5.7,31.8,4.4,23.7,1,7/1/2022 10:06:06 AM
6/24/2022 3:00:00 PM,6/24/2022 11:00:00 AM,800,229.9,107.7,145.5,316.9,800.0,0.0,0.87,5.7,31.8,4.5,27.7,1,7/1/2022 10:06:06 AM
6/24/2022 4:00:00 PM,6/24/2022 12:00:00 PM,800,225.8,143.0,158.8,272.6,800.0,0.0,0.87,5.7,31.8,6.2,27.4,1,7/1/2022 10:06:06 AM
6/24/2022 5:00:00 PM,6/24/2022 1:00:00 PM,800,224.6,206.6,85.2,283.7,800.0,0.0,0.91,5.7,31.8,3.2,28.3,1,7/1/2022 10:06:06 AM
6/24/2022 6:00:00 PM,6/24/2022 2:00:00 PM,525,199.0,172.1,51.7,102.2,525.0,0.0,0.92,5.7,31.8,4.3,25.6,1,7/1/2022 10:06:06 AM
6/24/2022 7:00:00 PM,6/24/2022 3:00:00 PM,525,202.0,172.1,50.3,100.4,525.0,0.0,0.87,5.7,31.8,6.6,25.4,1,7/1/2022 10:06:06 AM
6/24/2022 8:00:00 PM,6/24/2022 4:00:00 PM,525,204.9,172.1,54.2,93.6,525.0,0.0,0.89,5.7,31.8,5.8,36.2,1,7/1/2022 10:06:06 AM
6/24/2022 9:00:00 PM,6/24/2022 5:00:00 PM,525,205.0,172.1,57.1,90.8,525.0,0.0,0.86,5.7,31.8,5.4,22.1,1,7/1/2022 10:06:06 AM
6/24/2022 10:00:00 PM,6/24/2022 6:00:00 PM,800,226.9,161.5,75.3,336.4,800.0,0.0,0.86,5.7,31.8,5.0,38.9,1,7/1/2022 10:06:06 AM
6/24/2022 11:00:00 PM,6/24/2022 7:00:00 PM,800,230.9,161.5,91.6,316.0,800.0,0.0,0.87,5.7,31.8,2.8,37.4,1,7/1/2022 10:06:06 AM
6/25/2022 12:00:00 AM,6/24/2022 8:00:00 PM,800,232.9,160.7,87.9,318.7,800.0,0.0,0.88,5.7,31.8,4.1,28.7,1,7/1/2022 10:06:06 AM
6/25/2022 1:00:00 AM,6/24/2022 9:00:00 PM,800,230.8,160.7,77.8,330.8,800.0,0.0,0.88,5.7,31.8,4.5,27.1,1,7/1/2022 10:06:06 AM
6/25/2022 2:00:00 AM,6/24/2022 10:00:00 PM,800,235.9,97.0,125.6,341.7,800.0,0.0,0.87,5.7,31.8,5.4,22.7,1,7/1/2022 10:06:06 AM
6/25/2022 3:00:00 AM,6/24/2022 11:00:00 PM,800,235.9,86.3,122.2,355.2,800.0,0.0,0.89,5.7,31.8,6.6,30.3,1,7/1/2022 10:06:06 AM
6/25/2022 4:00:00 AM,6/25/2022 12:00:00 AM,525,196.8,132.0,64.5,132.0,525.0,0.0,0.88,5.7,31.6,4.0,37.3,1,7/1/2022 10:06:06 AM
6/25/2022 5:00:00 AM,6/25/2022 1:00:00 AM,525,165.6,180.8,77.6,101.0,525.0,0.0,0.91,5.7,31.6,4.9,25.9,1,7/1/2022 10:06:06 AM
6/25/2022 6:00:00 AM,6/25/2022 2:00:00 AM,525,165.6,178.6,77.7,103.1,525.0,0.0,0.90,5.7,31.6,5.5,36.5,1,7/1/2022 10:06:06 AM
6/25/2022 7:00:00 AM,6/25/2022 3:00:00 AM,525,165.6,157.0,77.6,124.9,525.0,0.0,0.92,5.7,31.6,8.1,27.1,1,7/1/2022 10:06:06 AM
6/25/2022 8:00:00 AM,6/25/2022 4:00:00 AM,525,165.7,223.7,76.1,59.5,525.0,0.0,0.90,5.7,31.6,9.7,28.0,1,7/1/2022 10:06:06 AM
6/25/2022 9:00:00 AM,6/25/2022 5:00:00 AM,800,181.5,223.7,100.9,293.9,800.0,0.0,0.91,5.7,31.6,4.4,34.5,1,7/1/2022 10:06:06 AM
6/25/2022 10:00:00 AM,6/25/2022 6:00:00 AM,800,181.4,223.2,104.3,291.2,800.0,0.0,0.91,5.7,31.6,5.3,32.6,1,7/1/2022 10:06:06 AM
6/25/2022 11:00:00 AM,6/25/2022 7:00:00 AM,800,181.9,151.4,101.8,365.0,800.0,0.0,0.91,5.7,31.6,5.4,39.9,1,7/1/2022 10:06:06 AM
6/25/2022 12:00:00 PM,6/25/2022 8:00:00 AM,800,221.2,151.4,101.1,326.3,800.0,0.0,0.86,5.7,31.6,9.3,27.7,1,7/1/2022 10:06:06 AM
6/25/2022 1:00:00 PM,6/25/2022 9:00:00 AM,800,221.0,151.4,105.1,322.6,800.0,0.0,0.85,5.7,31.6,4.3,27.3,1,7/1/2022 10:06:06 AM
6/25/2022 2:00:00 PM,6/25/2022 10:00:00 AM,800,221.0,172.5,154.4,252.2,800.0,0.0,0.84,5.7,31.6,5.1,31.4,1,7/1/2022 10:06:06 AM
6/25/2022 3:00:00 PM,6/25/2022 11:00:00 AM,800,221.0,107.8,127.6,343.5,800.0,0.0,0.85,5.7,31.6,6.1,27.9,1,7/1/2022 10:06:06 AM
6/25/2022 4:00:00 PM,6/25/2022 12:00:00 PM,800,221.2,107.8,126.6,344.5,800.0,0.0,0.87,5.7,31.6,5.5,29.0,1,7/1/2022 10:06:06 AM
6/25/2022 5:00:00 PM,6/25/2022 1:00:00 PM,800,221.2,77.3,125.7,376.2,800.0,0.0,0.89,5.7,31.6,5.0,27.0,1,7/1/2022 10:06:06 AM
6/25/2022 6:00:00 PM,6/25/2022 2:00:00 PM,525,197.0,64.5,65.9,197.9,525.0,0.0,0.85,5.7,31.6,0.7,18.9,1,7/1/2022 10:06:06 AM
6/25/2022 7:00:00 PM,6/25/2022 3:00:00 PM,525,197.0,64.1,65.8,198.6,525.0,0.0,0.88,5.7,31.6,7.5,29.7,1,7/1/2022 10:06:06 AM
6/25/2022 8:00:00 PM,6/25/2022 4:00:00 PM,525,197.0,64.1,65.8,198.6,525.0,0.0,0.89,5.7,31.6,6.7,33.1,1,7/1/2022 10:06:06 AM
6/25/2022 9:00:00 PM,6/25/2022 5:00:00 PM,525,197.0,64.1,67.4,197.0,525.0,0.0,0.89,5.7,31.6,8.2,33.5,1,7/1/2022 10:06:06 AM
6/25/2022 10:00:00 PM,6/25/2022 6:00:00 PM,800,221.0,65.7,126.9,386.4,800.0,0.0,0.89,5.7,31.6,5.4,33.0,1,7/1/2022 10:06:06 AM
6/25/2022 11:00:00 PM,6/25/2022 7:00:00 PM,800,221.0,67.5,126.5,385.2,800.0,0.0,0.92,5.7,31.6,3.6,30.9,1,7/1/2022 10:06:06 AM
6/26/2022 12:00:00 AM,6/25/2022 8:00:00 PM,800,221.0,70.2,120.9,388.5,800.0,0.0,0.92,5.7,31.6,2.0,32.2,1,7/1/2022 10:06:06 AM
6/26/2022 1:00:00 AM,6/25/2022 9:00:00 PM,800,221.0,71.9,128.5,378.8,800.0,0.0,0.90,5.7,31.6,4.2,30.5,1,7/1/2022 10:06:06 AM
6/26/2022 2:00:00 AM,6/25/2022 10:00:00 PM,800,221.2,73.6,136.0,369.5,800.0,0.0,0.87,5.7,31.6,7.1,25.1,1,7/1/2022 10:06:06 AM
6/26/2022 3:00:00 AM,6/25/2022 11:00:00 PM,800,221.2,64.0,135.5,379.6,800.0,0.0,0.86,5.7,31.6,3.8,11.7,1,7/1/2022 10:06:06 AM
6/26/2022 4:00:00 AM,6/26/2022 12:00:00 AM,525,164.9,88.0,77.8,194.4,525.0,0.0,0.92,5.6,31.7,5.6,29.7,1,7/1/2022 10:06:06 AM
6/26/2022 5:00:00 AM,6/26/2022 1:00:00 AM,525,164.9,109.6,77.7,172.9,525.0,0.0,0.90,5.6,31.7,10.7,25.5,1,7/1/2022 10:06:06 AM
6/26/2022 6:00:00 AM,6/26/2022 2:00:00 AM,525,164.9,134.7,77.7,147.9,525.0,0.0,0.89,5.6,31.7,6.7,33.2,1,7/1/2022 10:06:06 AM
6/26/2022 7:00:00 AM,6/26/2022 3:00:00 AM,525,164.9,134.7,77.6,148.0,525.0,0.0,0.89,5.6,31.7,11.0,30.8,1,7/1/2022 10:06:06 AM
6/26/2022 8:00:00 AM,6/26/2022 4:00:00 AM,525,164.9,135.1,77.5,147.6,525.0,0.0,0.88,5.6,31.7,5.6,32.7,1,7/1/2022 10:06:06 AM
6/26/2022 9:00:00 AM,6/26/2022 5:00:00 AM,800,180.6,135.1,103.4,380.9,800.0,0.0,0.89,5.6,31.7,5.3,30.6,1,7/1/2022 10:06:06 AM
6/26/2022 10:00:00 AM,6/26/2022 6:00:00 AM,800,180.6,134.7,103.7,381.3,800.0,0.0,0.91,5.6,31.7,4.0,39.1,1,7/1/2022 10:06:06 AM
6/26/2022 11:00:00 AM,6/26/2022 7:00:00 AM,800,181.1,88.0,101.3,429.8,800.0,0.0,0.92,5.6,31.7,4.3,40.6,1,7/1/2022 10:06:06 AM
6/26/2022 12:00:00 PM,6/26/2022 8:00:00 AM,800,180.8,88.0,107.1,424.1,800.0,0.0,0.90,5.6,31.7,6.1,34.8,1,7/1/2022 10:06:06 AM
6/26/2022 1:00:00 PM,6/26/2022 9:00:00 AM,800,210.3,88.0,107.1,394.8,800.0,0.0,0.87,5.6,31.7,5.9,32.5,1,7/1/2022 10:06:06 AM
6/26/2022 2:00:00 PM,6/26/2022 10:00:00 AM,800,210.3,88.0,159.5,342.4,800.0,0.0,0.86,5.6,31.7,5.7,34.4,1,7/1/2022 10:06:06 AM
6/26/2022 3:00:00 PM,6/26/2022 11:00:00 AM,800,210.3,88.0,114.2,387.5,800.0,0.0,0.87,5.6,31.7,4.0,32.5,1,7/1/2022 10:06:06 AM
6/26/2022 4:00:00 PM,6/26/2022 12:00:00 PM,800,208.7,88.0,119.4,384.0,800.0,0.0,0.89,5.6,31.7,6.0,31.2,1,7/1/2022 10:06:06 AM
6/26/2022 5:00:00 PM,6/26/2022 1:00:00 PM,800,210.5,88.0,127.0,374.5,800.0,0.0,0.90,5.6,31.7,4.4,31.1,1,7/1/2022 10:06:06 AM
6/26/2022 6:00:00 PM,6/26/2022 2:00:00 PM,525,183.7,88.0,77.9,175.4,525.0,0.0,0.89,5.6,31.7,6.0,32.9,1,7/1/2022 10:06:06 AM
6/26/2022 7:00:00 PM,6/26/2022 3:00:00 PM,525,183.7,88.0,77.6,175.8,525.0,0.0,0.89,5.6,31.7,8.8,22.8,1,7/1/2022 10:06:06 AM
6/26/2022 8:00:00 PM,6/26/2022 4:00:00 PM,525,183.7,88.0,78.3,174.9,525.0,0.0,0.87,5.6,31.7,8.4,25.7,1,7/1/2022 10:06:06 AM
6/26/2022 9:00:00 PM,6/26/2022 5:00:00 PM,525,183.7,88.0,80.2,173.2,525.0,0.0,0.88,5.6,31.7,7.9,43.1,1,7/1/2022 10:06:06 AM
6/26/2022 10:00:00 PM,6/26/2022 6:00:00 PM,800,210.3,88.0,123.8,378.1,800.0,0.0,0.90,5.6,31.7,4.0,32.1,1,7/1/2022 10:06:06 AM
6/26/2022 11:00:00 PM,6/26/2022 7:00:00 PM,800,210.3,88.0,102.0,399.7,800.0,0.0,0.91,5.6,31.7,2.0,30.1,1,7/1/2022 10:06:06 AM
6/27/2022 12:00:00 AM,6/26/2022 8:00:00 PM,800,210.3,88.0,100.3,401.3,800.0,0.0,0.90,5.6,31.7,3.8,33.6,1,7/1/2022 10:06:06 AM
6/27/2022 1:00:00 AM,6/26/2022 9:00:00 PM,800,210.3,154.0,105.2,330.7,800.0,0.0,0.88,5.6,31.7,1.4,25.5,1,7/1/2022 10:06:06 AM
6/27/2022 2:00:00 AM,6/26/2022 10:00:00 PM,800,210.5,154.0,138.0,297.4,800.0,0.0,0.87,5.6,31.7,4.5,23.2,1,7/1/2022 10:06:06 AM
6/27/2022 3:00:00 AM,6/26/2022 11:00:00 PM,800,180.8,154.0,140.3,325.0,800.0,0.0,0.90,5.6,31.7,4.7,34.5,1,7/1/2022 10:06:06 AM
6/27/2022 4:00:00 AM,6/27/2022 12:00:00 AM,525,166.5,134.6,76.8,147.0,525.0,0.0,0.88,5.7,31.7,7.8,27.2,1,7/1/2022 10:06:06 AM
6/27/2022 5:00:00 AM,6/27/2022 1:00:00 AM,525,166.5,156.3,76.5,125.7,525.0,0.0,0.90,5.7,31.7,8.7,28.9,1,7/1/2022 10:06:06 AM
6/27/2022 6:00:00 AM,6/27/2022 2:00:00 AM,525,166.6,135.9,73.7,148.8,525.0,0.0,0.91,5.7,31.7,8.8,33.5,1,7/1/2022 10:06:06 AM
6/27/2022 7:00:00 AM,6/27/2022 3:00:00 AM,525,166.6,135.9,73.6,149.0,525.0,0.0,0.92,5.7,31.7,5.6,46.0,1,7/1/2022 10:06:06 AM
6/27/2022 8:00:00 AM,6/27/2022 4:00:00 AM,525,166.6,136.4,74.2,147.8,525.0,0.0,0.91,5.7,31.7,6.4,38.4,1,7/1/2022 10:06:06 AM
6/27/2022 9:00:00 AM,6/27/2022 5:00:00 AM,800,181.7,136.4,101.0,380.9,800.0,0.0,0.90,5.7,31.7,4.5,35.8,1,7/1/2022 10:06:06 AM
6/27/2022 10:00:00 AM,6/27/2022 6:00:00 AM,800,181.7,135.9,106.9,375.6,800.0,0.0,0.88,5.7,31.7,6.9,36.6,1,7/1/2022 10:06:06 AM
6/27/2022 11:00:00 AM,6/27/2022 7:00:00 AM,800,182.0,153.8,107.6,356.6,800.0,0.0,0.88,5.7,31.7,5.9,38.8,1,7/1/2022 10:06:06 AM
6/27/2022 12:00:00 PM,6/27/2022 8:00:00 AM,800,181.9,89.1,106.1,422.9,800.0,0.0,0.88,5.7,31.7,5.4,37.7,1,7/1/2022 10:06:06 AM
6/27/2022 1:00:00 PM,6/27/2022 9:00:00 AM,800,181.9,89.1,140.8,388.2,800.0,0.0,0.88,5.7,31.7,4.4,33.0,1,7/1/2022 10:06:06 AM
6/27/2022 2:00:00 PM,6/27/2022 10:00:00 AM,800,182.9,89.1,143.2,385.0,800.0,0.0,0.88,5.7,31.7,4.9,30.1,1,7/1/2022 10:06:06 AM
6/27/2022 3:00:00 PM,6/27/2022 11:00:00 AM,800,183.0,89.1,178.7,349.3,800.0,0.0,0.89,5.7,31.7,3.2,28.8,1,7/1/2022 10:06:06 AM
6/27/2022 4:00:00 PM,6/27/2022 12:00:00 PM,800,183.1,89.9,193.3,334.0,800.0,0.0,0.88,5.7,31.7,3.7,31.6,1,7/1/2022 10:06:06 AM
6/27/2022 5:00:00 PM,6/27/2022 1:00:00 PM,800,174.4,89.9,163.9,371.7,800.0,0.0,0.91,5.7,31.7,5.4,27.4,1,7/1/2022 10:06:06 AM
6/27/2022 6:00:00 PM,6/27/2022 2:00:00 PM,525,136.1,89.9,82.9,216.1,525.0,0.0,0.90,5.7,31.7,6.3,36.3,1,7/1/2022 10:06:06 AM
6/27/2022 7:00:00 PM,6/27/2022 3:00:00 PM,525,183.0,89.9,71.2,180.9,525.0,0.0,0.86,5.7,31.7,7.1,43.0,1,7/1/2022 10:06:06 AM
6/27/2022 8:00:00 PM,6/27/2022 4:00:00 PM,525,183.2,89.9,76.1,175.5,525.0,0.0,0.88,5.7,31.7,4.1,25.1,1,7/1/2022 10:06:06 AM
6/27/2022 9:00:00 PM,6/27/2022 5:00:00 PM,525,182.4,89.9,80.6,172.1,525.0,0.0,0.81,5.7,31.7,8.5,14.5,1,7/1/2022 10:06:06 AM
6/27/2022 10:00:00 PM,6/27/2022 6:00:00 PM,800,208.6,89.9,132.8,369.0,800.0,0.0,0.86,5.7,31.7,5.7,35.3,1,7/1/2022 10:06:06 AM
6/27/2022 11:00:00 PM,6/27/2022 7:00:00 PM,800,208.7,89.9,105.9,395.5,800.0,0.0,0.90,5.7,31.7,3.8,37.0,1,7/1/2022 10:06:06 AM
6/28/2022 12:00:00 AM,6/27/2022 8:00:00 PM,800,208.9,89.1,102.2,399.8,800.0,0.0,0.90,5.7,31.7,3.9,42.4,1,7/1/2022 10:06:06 AM
6/28/2022 1:00:00 AM,6/27/2022 9:00:00 PM,800,184.7,89.1,147.5,378.7,800.0,0.0,0.88,5.7,31.7,3.9,30.0,1,7/1/2022 10:06:06 AM
6/28/2022 2:00:00 AM,6/27/2022 10:00:00 PM,800,184.8,89.1,163.3,362.9,800.0,0.0,0.88,5.7,31.7,3.8,25.2,1,7/1/2022 10:06:06 AM
6/28/2022 3:00:00 AM,6/27/2022 11:00:00 PM,800,209.4,89.1,140.3,361.1,800.0,0.0,0.87,5.7,31.7,8.7,24.1,1,7/1/2022 10:06:06 AM
6/28/2022 4:00:00 AM,6/28/2022 12:00:00 AM,525,167.5,198.5,87.5,71.2,525.0,0.0,0.87,5.7,31.6,11.5,28.7,1,7/1/2022 10:06:06 AM
6/28/2022 5:00:00 AM,6/28/2022 1:00:00 AM,525,167.5,195.9,87.3,74.2,525.0,0.0,0.91,5.7,31.6,3.4,28.0,1,7/1/2022 10:06:06 AM
6/28/2022 6:00:00 AM,6/28/2022 2:00:00 AM,525,167.5,195.9,87.2,74.3,525.0,0.0,0.90,5.7,31.6,6.7,27.3,1,7/1/2022 10:06:06 AM
6/28/2022 7:00:00 AM,6/28/2022 3:00:00 AM,525,167.5,214.6,86.6,56.2,525.0,0.0,0.90,5.7,31.6,5.5,41.6,1,7/1/2022 10:06:06 AM
6/28/2022 8:00:00 AM,6/28/2022 4:00:00 AM,525,181.1,214.6,73.3,55.9,525.0,0.0,0.91,5.7,31.6,7.3,37.5,1,7/1/2022 10:06:06 AM
6/28/2022 9:00:00 AM,6/28/2022 5:00:00 AM,800,204.3,234.8,100.2,260.6,800.0,0.0,0.91,5.7,31.6,5.9,35.1,1,7/1/2022 10:06:06 AM
6/28/2022 10:00:00 AM,6/28/2022 6:00:00 AM,800,204.0,234.8,104.9,256.2,800.0,0.0,0.87,5.7,31.6,7.0,32.9,1,7/1/2022 10:06:06 AM
6/28/2022 11:00:00 AM,6/28/2022 7:00:00 AM,800,204.3,216.1,108.1,271.8,800.0,0.0,0.85,5.7,31.6,4.9,36.5,1,7/1/2022 10:06:06 AM
6/28/2022 12:00:00 PM,6/28/2022 8:00:00 AM,800,203.7,216.1,112.0,268.0,800.0,0.0,0.84,5.7,31.6,7.2,33.7,1,7/1/2022 10:06:06 AM
6/28/2022 1:00:00 PM,6/28/2022 9:00:00 AM,800,203.4,151.4,115.2,329.8,800.0,0.0,0.86,5.7,31.6,4.3,47.8,1,7/1/2022 10:06:06 AM
6/28/2022 2:00:00 PM,6/28/2022 10:00:00 AM,800,203.4,85.1,113.5,397.9,800.0,0.0,0.86,5.7,31.6,4.6,38.1,1,7/1/2022 10:06:06 AM
6/28/2022 3:00:00 PM,6/28/2022 11:00:00 AM,800,198.2,85.1,112.7,404.1,800.0,0.0,0.85,5.7,31.6,6.0,33.9,1,7/1/2022 10:06:06 AM
6/28/2022 4:00:00 PM,6/28/2022 12:00:00 PM,800,198.4,85.9,109.9,405.8,800.0,0.0,0.88,5.7,31.6,3.4,37.3,1,7/1/2022 10:06:06 AM
6/28/2022 5:00:00 PM,6/28/2022 1:00:00 PM,800,192.4,75.1,163.4,368.9,800.0,0.0,0.87,5.7,31.6,5.8,31.4,1,7/1/2022 10:06:06 AM
6/28/2022 6:00:00 PM,6/28/2022 2:00:00 PM,525,179.2,127.7,73.6,144.5,525.0,0.0,0.90,5.7,31.6,7.9,30.9,1,7/1/2022 10:06:06 AM
6/28/2022 7:00:00 PM,6/28/2022 3:00:00 PM,525,179.2,126.9,73.7,145.1,525.0,0.0,0.90,5.7,31.6,3.6,33.8,1,7/1/2022 10:06:06 AM
6/28/2022 8:00:00 PM,6/28/2022 4:00:00 PM,525,179.0,126.9,75.1,143.9,525.0,0.0,0.88,5.7,31.6,6.1,36.4,1,7/1/2022 10:06:06 AM
6/28/2022 9:00:00 PM,6/28/2022 5:00:00 PM,525,177.5,126.9,80.3,140.4,525.0,0.0,0.87,5.7,31.6,6.6,37.1,1,7/1/2022 10:06:06 AM
6/28/2022 10:00:00 PM,6/28/2022 6:00:00 PM,800,201.1,138.4,147.8,312.6,800.0,0.0,0.88,5.7,31.6,5.6,27.6,1,7/1/2022 10:06:06 AM
6/28/2022 11:00:00 PM,6/28/2022 7:00:00 PM,800,201.1,138.4,140.5,320.2,800.0,0.0,0.89,5.7,31.6,3.7,38.6,1,7/1/2022 10:06:06 AM
6/29/2022 12:00:00 AM,6/28/2022 8:00:00 PM,800,201.2,139.2,139.8,319.8,800.0,0.0,0.87,5.7,31.6,5.8,26.3,1,7/1/2022 10:06:06 AM
6/29/2022 1:00:00 AM,6/28/2022 9:00:00 PM,800,196.2,85.1,128.5,390.4,800.0,0.0,0.88,5.7,31.6,3.7,32.3,1,7/1/2022 10:06:06 AM
6/29/2022 2:00:00 AM,6/28/2022 10:00:00 PM,800,201.1,85.1,112.5,401.4,800.0,0.0,0.88,5.7,31.6,6.0,32.9,1,7/1/2022 10:06:06 AM
6/29/2022 3:00:00 AM,6/28/2022 11:00:00 PM,800,201.5,85.1,106.6,406.7,800.0,0.0,0.87,5.7,31.6,4.0,31.9,1,7/1/2022 10:06:06 AM
6/29/2022 4:00:00 AM,6/29/2022 12:00:00 AM,525,170.9,133.9,83.6,136.6,525.0,0.0,0.89,5.7,31.6,8.0,24.0,1,7/1/2022 10:06:06 AM
6/29/2022 5:00:00 AM,6/29/2022 1:00:00 AM,525,170.9,201.8,83.4,68.9,525.0,0.0,0.91,5.7,31.6,7.2,31.7,1,7/1/2022 10:06:06 AM
6/29/2022 6:00:00 AM,6/29/2022 2:00:00 AM,525,171.0,247.2,79.0,27.8,525.0,0.0,0.90,5.7,31.6,8.4,25.5,1,7/1/2022 10:06:06 AM
6/29/2022 7:00:00 AM,6/29/2022 3:00:00 AM,525,171.1,133.9,82.4,137.6,525.0,0.0,0.92,5.7,31.6,4.7,39.6,1,7/1/2022 10:06:06 AM
6/29/2022 8:00:00 AM,6/29/2022 4:00:00 AM,525,168.1,195.4,83.6,78.0,525.0,0.0,0.93,5.7,31.6,7.5,28.3,1,7/1/2022 10:06:06 AM
6/29/2022 9:00:00 AM,6/29/2022 5:00:00 AM,800,193.8,195.4,117.8,293.1,800.0,0.0,0.90,5.7,31.6,4.7,38.3,1,7/1/2022 10:06:06 AM
6/29/2022 10:00:00 AM,6/29/2022 6:00:00 AM,800,193.6,133.9,123.3,349.4,800.0,0.0,0.90,5.7,31.6,4.5,40.9,1,7/1/2022 10:06:06 AM
6/29/2022 11:00:00 AM,6/29/2022 7:00:00 AM,800,193.9,133.9,126.6,345.8,800.0,0.0,0.87,5.7,31.6,3.3,38.1,1,7/1/2022 10:06:06 AM
6/29/2022 12:00:00 PM,6/29/2022 8:00:00 AM,800,187.2,133.9,132.3,346.8,800.0,0.0,0.86,5.7,31.6,5.7,39.7,1,7/1/2022 10:06:06 AM
6/29/2022 1:00:00 PM,6/29/2022 9:00:00 AM,800,193.7,133.9,123.6,348.7,800.0,0.0,0.89,5.7,31.6,5.4,32.6,1,7/1/2022 10:06:06 AM
6/29/2022 2:00:00 PM,6/29/2022 10:00:00 AM,800,178.0,133.9,126.9,361.4,800.0,0.0,0.87,5.7,31.6,3.9,41.1,1,7/1/2022 10:06:06 AM
6/29/2022 3:00:00 PM,6/29/2022 11:00:00 AM,800,173.3,151.4,188.0,287.3,800.0,0.0,0.87,5.7,31.6,4.0,33.4,1,7/1/2022 10:06:06 AM
6/29/2022 4:00:00 PM,6/29/2022 12:00:00 PM,800,193.7,151.4,135.8,319.0,800.0,0.0,0.88,5.7,31.6,5.3,40.3,1,7/1/2022 10:06:06 AM
6/29/2022 5:00:00 PM,6/29/2022 1:00:00 PM,800,193.7,151.4,149.8,305.0,800.0,0.0,0.88,5.7,31.6,4.3,19.2,1,7/1/2022 10:06:06 AM
6/29/2022 6:00:00 PM,6/29/2022 2:00:00 PM,525,171.1,150.6,85.3,118.0,525.0,0.0,0.88,5.7,31.6,7.0,24.8,1,7/1/2022 10:06:06 AM
6/29/2022 7:00:00 PM,6/29/2022 3:00:00 PM,525,171.1,78.1,85.3,190.5,525.0,0.0,0.89,5.7,31.6,4.5,30.6,1,7/1/2022 10:06:06 AM
6/29/2022 8:00:00 PM,6/29/2022 4:00:00 PM,525,171.1,78.1,84.8,190.8,525.0,0.0,0.89,5.7,31.6,4.4,19.4,1,7/1/2022 10:06:06 AM
6/29/2022 9:00:00 PM,6/29/2022 5:00:00 PM,525,170.5,79.0,89.6,185.8,525.0,0.0,0.90,5.7,31.6,5.1,25.2,1,7/1/2022 10:06:06 AM
6/29/2022 10:00:00 PM,6/29/2022 6:00:00 PM,800,195.1,79.0,151.5,374.4,800.0,0.0,0.90,5.7,31.6,3.6,30.6,1,7/1/2022 10:06:06 AM
6/29/2022 11:00:00 PM,6/29/2022 7:00:00 PM,800,195.1,79.0,152.5,373.6,800.0,0.0,0.93,5.7,31.6,2.8,32.7,1,7/1/2022 10:06:06 AM
6/30/2022 12:00:00 AM,6/29/2022 8:00:00 PM,800,195.1,78.1,148.2,378.7,800.0,0.0,0.91,5.7,31.6,2.1,29.0,1,7/1/2022 10:06:06 AM
6/30/2022 1:00:00 AM,6/29/2022 9:00:00 PM,800,195.2,92.7,148.6,363.5,800.0,0.0,0.90,5.7,31.6,5.7,34.8,1,7/1/2022 10:06:06 AM
6/30/2022 2:00:00 AM,6/29/2022 10:00:00 PM,800,195.3,92.7,155.2,356.7,800.0,0.0,0.90,5.7,31.6,2.1,23.6,1,7/1/2022 10:06:06 AM
6/30/2022 3:00:00 AM,6/29/2022 11:00:00 PM,800,195.6,92.7,148.2,363.7,800.0,0.0,0.88,5.7,31.6,3.3,22.4,1,7/1/2022 10:06:06 AM
6/30/2022 4:00:00 AM,6/30/2022 12:00:00 AM,525,170.2,87.2,83.9,183.4,525.0,0.0,0.89,5.7,31.4,5.0,25.9,1,7/1/2022 10:06:06 AM
6/30/2022 5:00:00 AM,6/30/2022 1:00:00 AM,525,170.1,152.6,84.4,117.8,525.0,0.0,0.89,5.7,31.4,7.1,32.8,1,7/1/2022 10:06:06 AM
6/30/2022 6:00:00 AM,6/30/2022 2:00:00 AM,525,170.3,152.6,83.1,118.7,525.0,0.0,0.91,5.7,31.4,4.8,31.7,1,7/1/2022 10:06:06 AM
6/30/2022 7:00:00 AM,6/30/2022 3:00:00 AM,525,170.3,153.5,82.8,118.2,525.0,0.0,0.93,5.7,31.4,5.4,34.3,1,7/1/2022 10:06:06 AM
6/30/2022 8:00:00 AM,6/30/2022 4:00:00 AM,525,170.3,153.5,83.1,117.8,525.0,0.0,0.90,5.7,31.4,6.8,33.2,1,7/1/2022 10:06:06 AM
6/30/2022 9:00:00 AM,6/30/2022 5:00:00 AM,800,195.2,154.0,108.4,342.3,800.0,0.0,0.90,5.7,31.4,4.5,39.5,1,7/1/2022 10:06:06 AM
6/30/2022 10:00:00 AM,6/30/2022 6:00:00 AM,800,194.9,174.8,114.1,316.0,800.0,0.0,0.89,5.7,31.4,5.6,32.2,1,7/1/2022 10:06:06 AM
6/30/2022 11:00:00 AM,6/30/2022 7:00:00 AM,800,195.9,174.8,115.2,314.1,800.0,0.0,0.87,5.7,31.4,13.0,24.4,1,7/1/2022 10:06:06 AM
6/30/2022 12:00:00 PM,6/30/2022 8:00:00 AM,800,194.8,108.2,119.3,377.7,800.0,0.0,0.83,5.7,31.4,5.6,35.3,1,7/1/2022 10:06:06 AM
6/30/2022 1:00:00 PM,6/30/2022 9:00:00 AM,800,196.5,92.5,116.5,394.3,800.0,0.0,0.88,5.7,31.4,4.8,36.3,1,7/1/2022 10:06:06 AM
6/30/2022 2:00:00 PM,6/30/2022 10:00:00 AM,800,196.8,96.0,133.3,373.5,800.0,0.0,0.88,5.7,31.4,3.6,31.1,1,7/1/2022 10:06:06 AM
6/30/2022 3:00:00 PM,6/30/2022 11:00:00 AM,800,197.3,106.3,118.4,377.4,800.0,0.0,0.90,5.7,31.4,3.4,30.2,1,7/1/2022 10:06:06 AM
6/30/2022 4:00:00 PM,6/30/2022 12:00:00 PM,800,197.3,107.1,127.3,368.0,800.0,0.0,0.89,5.7,31.4,5.0,30.8,1,7/1/2022 10:06:06 AM
6/30/2022 5:00:00 PM,6/30/2022 1:00:00 PM,800,198.0,117.6,110.2,374.2,800.0,0.0,0.89,5.7,31.4,4.1,33.1,1,7/1/2022 10:06:06 AM
6/30/2022 6:00:00 PM,6/30/2022 2:00:00 PM,525,170.2,117.6,77.1,160.1,525.0,0.0,0.88,5.7,31.4,4.5,15.2,1,7/1/2022 10:06:06 AM
6/30/2022 7:00:00 PM,6/30/2022 3:00:00 PM,525,171.7,117.6,75.2,160.4,525.0,0.0,0.86,5.7,31.4,7.3,27.8,1,7/1/2022 10:06:06 AM
6/30/2022 8:00:00 PM,6/30/2022 4:00:00 PM,525,171.9,117.6,78.1,157.4,525.0,0.0,0.88,5.7,31.4,5.5,24.7,1,7/1/2022 10:06:06 AM
6/30/2022 9:00:00 PM,6/30/2022 5:00:00 PM,525,171.7,117.6,75.4,160.3,525.0,0.0,0.90,5.7,31.4,3.4,36.7,1,7/1/2022 10:06:06 AM
6/30/2022 10:00:00 PM,6/30/2022 6:00:00 PM,800,194.3,117.6,122.9,365.4,800.0,0.0,0.89,5.7,31.4,4.6,31.9,1,7/1/2022 10:06:06 AM
6/30/2022 11:00:00 PM,6/30/2022 7:00:00 PM,800,194.4,117.6,103.9,384.2,800.0,0.0,0.90,5.7,31.4,3.6,37.9,1,7/1/2022 10:06:06 AM
7/1/2022 12:00:00 AM,6/30/2022 8:00:00 PM,800,195.1,116.8,109.6,378.6,800.0,0.0,0.88,5.7,31.4,5.0,34.8,1,7/1/2022 10:06:06 AM
7/1/2022 1:00:00 AM,6/30/2022 9:00:00 PM,800,187.1,165.5,168.0,279.4,800.0,0.0,0.87,5.7,31.4,5.0,27.8,1,7/1/2022 10:06:06 AM
7/1/2022 2:00:00 AM,6/30/2022 10:00:00 PM,800,196.1,165.5,148.3,290.2,800.0,0.0,0.87,5.7,31.4,4.9,22.4,1,7/1/2022 10:06:06 AM
7/1/2022 3:00:00 AM,6/30/2022 11:00:00 PM,800,196.2,96.0,146.9,360.8,800.0,0.0,0.85,5.7,31.4,5.1,25.5,1,7/1/2022 10:06:06 AM
